instance_pre,instance_post,conn_num,tot_syn_cnt,mean_syn_cnt,syn_cnt_sd
EPG(PB08)_L3,EPG(PB08)_R4,0,0,0.0,0.0
EPG(PB08)_L3,EPG(PB08)_R3,0,0,0.0,0.0
EPG(PB08)_L3,EPG(PB08)_L6,0,0,0.0,0.0
EPG(PB08)_L3,EPG(PB08)_L1,4,7,1.75,0.9574271077563381
EPG(PB08)_L3,EPG(PB08)_R2,0,0,0.0,0.0
EPG(PB08)_L3,EPG(PB08)_L4,7,22,3.142857142857143,3.132015933791495
EPG(PB08)_L3,EPG(PB08)_R5,3,4,1.3333333333333333,0.5773502691896257
EPG(PB08)_L3,EPG(PB08)_L5,3,5,1.6666666666666667,1.1547005383792515
EPG(PB08)_L3,EPG(PB08)_L2,7,17,2.4285714285714284,1.3972762620115438
EPG(PB08)_L3,EPG(PB08)_R6,9,161,17.88888888888889,10.970921160554893
EPG(PB08)_L3,EPG(PB08)_R7,9,177,19.666666666666668,14.352700094407323
EPG(PB08)_L3,EPG(PB08)_L7,8,14,1.75,0.7071067811865476
EPG(PB08)_L3,EPG(PB08)_L8,1,1,1.0,0.0
EPG(PB08)_L3,EPG(PB08)_R8,1,2,2.0,0.0
EPG(PB08)_L3,EPG(PB08)_R1,0,0,0.0,0.0
EPG(PB08)_L3,Delta7(PB15)_L6R3_L,15,301,20.066666666666666,6.83966025332782
EPG(PB08)_L3,Delta7(PB15)_L5R4_L,15,142,9.466666666666667,4.307247491424303
EPG(PB08)_L3,Delta7(PB15)_L4R5_R,14,38,2.7142857142857144,2.4314785444432596
EPG(PB08)_L3,Delta7(PB15)_L1L9R8_R,15,97,6.466666666666667,2.996823715361379
EPG(PB08)_L3,Delta7(PB15)_L8R1R9_L,15,266,17.733333333333334,4.651676605063516
EPG(PB08)_L3,Delta7(PB15)_L3R6_R,10,25,2.5,1.2692955176439846
EPG(PB08)_L3,Delta7(PB15)_L7R2_L,9,184,20.444444444444443,4.503085362035432
EPG(PB08)_L3,Delta7(PB15)_L2R7_R,9,18,2.0,1.5811388300841898
EPG(PB08)_L3,PEG(PB07)_R1,0,0,0.0,0.0
EPG(PB08)_L3,PEG(PB07)_L5,3,16,5.333333333333333,2.309401076758503
EPG(PB08)_L3,PEG(PB07)_L6,2,4,2.0,0.0
EPG(PB08)_L3,PEG(PB07)_R6,3,10,3.3333333333333335,2.0816659994661326
EPG(PB08)_L3,PEG(PB07)_R4,0,0,0.0,0.0
EPG(PB08)_L3,PEG(PB07)_L4,6,20,3.3333333333333335,3.6147844564602556
EPG(PB08)_L3,PEG(PB07)_R2,0,0,0.0,0.0
EPG(PB08)_L3,PEG(PB07)_R3,0,0,0.0,0.0
EPG(PB08)_L3,PEG(PB07)_L3,9,337,37.44444444444444,42.17555900966551
EPG(PB08)_L3,PEG(PB07)_R7,3,28,9.333333333333334,5.686240703077327
EPG(PB08)_L3,PEG(PB07)_L7,3,17,5.666666666666667,2.0816659994661326
EPG(PB08)_L3,PEG(PB07)_L8,2,2,1.0,0.0
EPG(PB08)_L3,PEG(PB07)_R9,0,0,0.0,0.0
EPG(PB08)_L3,PEG(PB07)_L1,3,18,6.0,4.58257569495584
EPG(PB08)_L3,PEG(PB07)_L2,4,12,3.0,3.3665016461206925
EPG(PB08)_L3,PEG(PB07)_L9,3,17,5.666666666666667,2.0816659994661326
EPG(PB08)_L3,PEG(PB07)_R5,0,0,0.0,0.0
EPG(PB08)_L3,PEG(PB07)_R8,0,0,0.0,0.0
EPG(PB08)_L3,PEN_a(PB06a)_L7,0,0,0.0,0.0
EPG(PB08)_L3,PEN_a(PB06a)_R4,0,0,0.0,0.0
EPG(PB08)_L3,PEN_a(PB06a)_R3,0,0,0.0,0.0
EPG(PB08)_L3,PEN_a(PB06a)_L2,2,5,2.5,0.7071067811865476
EPG(PB08)_L3,PEN_a(PB06a)_R6,2,4,2.0,1.4142135623730951
EPG(PB08)_L3,PEN_a(PB06a)_L6,1,1,1.0,0.0
EPG(PB08)_L3,PEN_a(PB06a)_L4,6,103,17.166666666666668,5.269408568963567
EPG(PB08)_L3,PEN_a(PB06a)_R5,0,0,0.0,0.0
EPG(PB08)_L3,PEN_a(PB06a)_R2,0,0,0.0,0.0
EPG(PB08)_L3,PEN_a(PB06a)_R7,3,32,10.666666666666666,7.371114795831994
EPG(PB08)_L3,PEN_a(PB06a)_R8,3,88,29.333333333333332,15.307950004273378
EPG(PB08)_L3,PEN_a(PB06a)_L8,0,0,0.0,0.0
EPG(PB08)_L3,PEN_a(PB06a)_R9,2,3,1.5,0.7071067811865476
EPG(PB08)_L3,PEN_a(PB06a)_L9,0,0,0.0,0.0
EPG(PB08)_L3,PEN_a(PB06a)_L3,5,88,17.6,15.142654985173506
EPG(PB08)_L3,PEN_a(PB06a)_L5,3,34,11.333333333333334,7.505553499465135
EPG(PB08)_L3,PEN_b(PB06b)_L4,6,148,24.666666666666668,12.878923350446133
EPG(PB08)_L3,PEN_b(PB06b)_R4,0,0,0.0,0.0
EPG(PB08)_L3,PEN_b(PB06b)_L6,0,0,0.0,0.0
EPG(PB08)_L3,PEN_b(PB06b)_R7,2,11,5.5,4.949747468305833
EPG(PB08)_L3,PEN_b(PB06b)_R2,0,0,0.0,0.0
EPG(PB08)_L3,PEN_b(PB06b)_R5,0,0,0.0,0.0
EPG(PB08)_L3,PEN_b(PB06b)_R6,0,0,0.0,0.0
EPG(PB08)_L3,PEN_b(PB06b)_R3,0,0,0.0,0.0
EPG(PB08)_L3,PEN_b(PB06b)_R8,3,97,32.333333333333336,15.69500982265807
EPG(PB08)_L3,PEN_b(PB06b)_R9,0,0,0.0,0.0
EPG(PB08)_L3,PEN_b(PB06b)_L9,0,0,0.0,0.0
EPG(PB08)_L3,PEN_b(PB06b)_L7,0,0,0.0,0.0
EPG(PB08)_L3,PEN_b(PB06b)_L8,0,0,0.0,0.0
EPG(PB08)_L3,PEN_b(PB06b)_L5,2,15,7.5,4.949747468305833
EPG(PB08)_L3,PEN_b(PB06b)_L2,2,10,5.0,4.242640687119285
EPG(PB08)_L3,PEN_b(PB06b)_L3,3,120,40.0,20.808652046684813
EPG(PB08)_R4,EPG(PB08)_L3,0,0,0.0,0.0
EPG(PB08)_R4,EPG(PB08)_R3,7,31,4.428571428571429,3.3094381626464866
EPG(PB08)_R4,EPG(PB08)_L6,9,147,16.333333333333332,11.510864433221338
EPG(PB08)_R4,EPG(PB08)_L1,0,0,0.0,0.0
EPG(PB08)_R4,EPG(PB08)_R2,1,1,1.0,0.0
EPG(PB08)_R4,EPG(PB08)_L4,4,8,2.0,1.1547005383792515
EPG(PB08)_R4,EPG(PB08)_R5,6,15,2.5,1.224744871391589
EPG(PB08)_R4,EPG(PB08)_L5,9,79,8.777777777777779,8.526103708285776
EPG(PB08)_R4,EPG(PB08)_L2,0,0,0.0,0.0
EPG(PB08)_R4,EPG(PB08)_R6,0,0,0.0,0.0
EPG(PB08)_R4,EPG(PB08)_R7,0,0,0.0,0.0
EPG(PB08)_R4,EPG(PB08)_L7,2,4,2.0,1.4142135623730951
EPG(PB08)_R4,EPG(PB08)_L8,1,1,1.0,0.0
EPG(PB08)_R4,EPG(PB08)_R8,0,0,0.0,0.0
EPG(PB08)_R4,EPG(PB08)_R1,0,0,0.0,0.0
EPG(PB08)_R4,Delta7(PB15)_L6R3_L,9,15,1.6666666666666667,0.8660254037844386
EPG(PB08)_R4,Delta7(PB15)_L5R4_L,8,22,2.75,2.2519832529192065
EPG(PB08)_R4,Delta7(PB15)_L4R5_R,11,36,3.272727272727273,1.2720777563426766
EPG(PB08)_R4,Delta7(PB15)_L1L9R8_R,15,326,21.733333333333334,6.870918702002215
EPG(PB08)_R4,Delta7(PB15)_L8R1R9_L,15,213,14.2,6.950847841399329
EPG(PB08)_R4,Delta7(PB15)_L3R6_R,12,146,12.166666666666666,3.9504506839170395
EPG(PB08)_R4,Delta7(PB15)_L7R2_L,9,41,4.555555555555555,2.2973414586817036
EPG(PB08)_R4,Delta7(PB15)_L2R7_R,15,318,21.2,4.4110251480968525
EPG(PB08)_R4,PEG(PB07)_R1,0,0,0.0,0.0
EPG(PB08)_R4,PEG(PB07)_L5,1,5,5.0,0.0
EPG(PB08)_R4,PEG(PB07)_L6,3,19,6.333333333333333,3.0550504633038935
EPG(PB08)_R4,PEG(PB07)_R6,0,0,0.0,0.0
EPG(PB08)_R4,PEG(PB07)_R4,6,283,47.166666666666664,32.220593828585265
EPG(PB08)_R4,PEG(PB07)_L4,0,0,0.0,0.0
EPG(PB08)_R4,PEG(PB07)_R2,0,0,0.0,0.0
EPG(PB08)_R4,PEG(PB07)_R3,1,2,2.0,0.0
EPG(PB08)_R4,PEG(PB07)_L3,0,0,0.0,0.0
EPG(PB08)_R4,PEG(PB07)_R7,0,0,0.0,0.0
EPG(PB08)_R4,PEG(PB07)_L7,0,0,0.0,0.0
EPG(PB08)_R4,PEG(PB07)_L8,0,0,0.0,0.0
EPG(PB08)_R4,PEG(PB07)_R9,0,0,0.0,0.0
EPG(PB08)_R4,PEG(PB07)_L1,0,0,0.0,0.0
EPG(PB08)_R4,PEG(PB07)_L2,0,0,0.0,0.0
EPG(PB08)_R4,PEG(PB07)_L9,0,0,0.0,0.0
EPG(PB08)_R4,PEG(PB07)_R5,1,1,1.0,0.0
EPG(PB08)_R4,PEG(PB07)_R8,0,0,0.0,0.0
EPG(PB08)_R4,PEN_a(PB06a)_L7,3,89,29.666666666666668,18.717193521821944
EPG(PB08)_R4,PEN_a(PB06a)_R4,9,89,9.88888888888889,7.406828681096324
EPG(PB08)_R4,PEN_a(PB06a)_R3,1,1,1.0,0.0
EPG(PB08)_R4,PEN_a(PB06a)_L2,0,0,0.0,0.0
EPG(PB08)_R4,PEN_a(PB06a)_R6,6,46,7.666666666666667,4.88535225614967
EPG(PB08)_R4,PEN_a(PB06a)_L6,6,35,5.833333333333333,3.763863263545405
EPG(PB08)_R4,PEN_a(PB06a)_L4,0,0,0.0,0.0
EPG(PB08)_R4,PEN_a(PB06a)_R5,3,79,26.333333333333332,9.29157324317757
EPG(PB08)_R4,PEN_a(PB06a)_R2,0,0,0.0,0.0
EPG(PB08)_R4,PEN_a(PB06a)_R7,0,0,0.0,0.0
EPG(PB08)_R4,PEN_a(PB06a)_R8,0,0,0.0,0.0
EPG(PB08)_R4,PEN_a(PB06a)_L8,2,10,5.0,5.656854249492381
EPG(PB08)_R4,PEN_a(PB06a)_R9,0,0,0.0,0.0
EPG(PB08)_R4,PEN_a(PB06a)_L9,0,0,0.0,0.0
EPG(PB08)_R4,PEN_a(PB06a)_L3,0,0,0.0,0.0
EPG(PB08)_R4,PEN_a(PB06a)_L5,1,1,1.0,0.0
EPG(PB08)_R4,PEN_b(PB06b)_L4,0,0,0.0,0.0
EPG(PB08)_R4,PEN_b(PB06b)_R4,6,104,17.333333333333332,4.844240566555986
EPG(PB08)_R4,PEN_b(PB06b)_L6,2,3,1.5,0.7071067811865476
EPG(PB08)_R4,PEN_b(PB06b)_R7,0,0,0.0,0.0
EPG(PB08)_R4,PEN_b(PB06b)_R2,0,0,0.0,0.0
EPG(PB08)_R4,PEN_b(PB06b)_R5,3,84,28.0,6.082762530298219
EPG(PB08)_R4,PEN_b(PB06b)_R6,4,11,2.75,1.2583057392117916
EPG(PB08)_R4,PEN_b(PB06b)_R3,0,0,0.0,0.0
EPG(PB08)_R4,PEN_b(PB06b)_R8,0,0,0.0,0.0
EPG(PB08)_R4,PEN_b(PB06b)_R9,0,0,0.0,0.0
EPG(PB08)_R4,PEN_b(PB06b)_L9,0,0,0.0,0.0
EPG(PB08)_R4,PEN_b(PB06b)_L7,3,93,31.0,1.0
EPG(PB08)_R4,PEN_b(PB06b)_L8,0,0,0.0,0.0
EPG(PB08)_R4,PEN_b(PB06b)_L5,0,0,0.0,0.0
EPG(PB08)_R4,PEN_b(PB06b)_L2,0,0,0.0,0.0
EPG(PB08)_R4,PEN_b(PB06b)_L3,0,0,0.0,0.0
EPG(PB08)_R3,EPG(PB08)_L3,0,0,0.0,0.0
EPG(PB08)_R3,EPG(PB08)_R4,8,35,4.375,3.2486260832190936
EPG(PB08)_R3,EPG(PB08)_L6,9,127,14.11111111111111,11.274356350191843
EPG(PB08)_R3,EPG(PB08)_L1,0,0,0.0,0.0
EPG(PB08)_R3,EPG(PB08)_R2,6,24,4.0,2.756809750418044
EPG(PB08)_R3,EPG(PB08)_L4,0,0,0.0,0.0
EPG(PB08)_R3,EPG(PB08)_R5,0,0,0.0,0.0
EPG(PB08)_R3,EPG(PB08)_L5,1,3,3.0,0.0
EPG(PB08)_R3,EPG(PB08)_L2,0,0,0.0,0.0
EPG(PB08)_R3,EPG(PB08)_R6,0,0,0.0,0.0
EPG(PB08)_R3,EPG(PB08)_R7,0,0,0.0,0.0
EPG(PB08)_R3,EPG(PB08)_L7,9,111,12.333333333333334,7.794228634059948
EPG(PB08)_R3,EPG(PB08)_L8,5,9,1.8,1.0954451150103321
EPG(PB08)_R3,EPG(PB08)_R8,0,0,0.0,0.0
EPG(PB08)_R3,EPG(PB08)_R1,0,0,0.0,0.0
EPG(PB08)_R3,Delta7(PB15)_L6R3_L,14,34,2.4285714285714284,1.785164750607962
EPG(PB08)_R3,Delta7(PB15)_L5R4_L,14,40,2.857142857142857,1.9158104473902606
EPG(PB08)_R3,Delta7(PB15)_L4R5_R,15,238,15.866666666666667,6.642575518863864
EPG(PB08)_R3,Delta7(PB15)_L1L9R8_R,15,369,24.6,4.8373546489791295
EPG(PB08)_R3,Delta7(PB15)_L8R1R9_L,14,119,8.5,5.543534001949409
EPG(PB08)_R3,Delta7(PB15)_L3R6_R,12,368,30.666666666666668,7.401883462192497
EPG(PB08)_R3,Delta7(PB15)_L7R2_L,7,11,1.5714285714285714,0.7867957924694432
EPG(PB08)_R3,Delta7(PB15)_L2R7_R,15,410,27.333333333333332,7.733661733585444
EPG(PB08)_R3,PEG(PB07)_R1,0,0,0.0,0.0
EPG(PB08)_R3,PEG(PB07)_L5,0,0,0.0,0.0
EPG(PB08)_R3,PEG(PB07)_L6,3,8,2.6666666666666665,2.0816659994661326
EPG(PB08)_R3,PEG(PB07)_R6,0,0,0.0,0.0
EPG(PB08)_R3,PEG(PB07)_R4,4,31,7.75,4.425306015783918
EPG(PB08)_R3,PEG(PB07)_L4,0,0,0.0,0.0
EPG(PB08)_R3,PEG(PB07)_R2,4,18,4.5,5.744562646538029
EPG(PB08)_R3,PEG(PB07)_R3,6,392,65.33333333333333,56.15573583051572
EPG(PB08)_R3,PEG(PB07)_L3,0,0,0.0,0.0
EPG(PB08)_R3,PEG(PB07)_R7,0,0,0.0,0.0
EPG(PB08)_R3,PEG(PB07)_L7,3,15,5.0,5.291502622129181
EPG(PB08)_R3,PEG(PB07)_L8,0,0,0.0,0.0
EPG(PB08)_R3,PEG(PB07)_R9,0,0,0.0,0.0
EPG(PB08)_R3,PEG(PB07)_L1,0,0,0.0,0.0
EPG(PB08)_R3,PEG(PB07)_L2,0,0,0.0,0.0
EPG(PB08)_R3,PEG(PB07)_L9,0,0,0.0,0.0
EPG(PB08)_R3,PEG(PB07)_R5,0,0,0.0,0.0
EPG(PB08)_R3,PEG(PB07)_R8,0,0,0.0,0.0
EPG(PB08)_R3,PEN_a(PB06a)_L7,3,43,14.333333333333334,2.0816659994661326
EPG(PB08)_R3,PEN_a(PB06a)_R4,7,141,20.142857142857142,9.026416258748013
EPG(PB08)_R3,PEN_a(PB06a)_R3,5,101,20.2,17.455658108475888
EPG(PB08)_R3,PEN_a(PB06a)_L2,0,0,0.0,0.0
EPG(PB08)_R3,PEN_a(PB06a)_R6,1,2,2.0,0.0
EPG(PB08)_R3,PEN_a(PB06a)_L6,1,1,1.0,0.0
EPG(PB08)_R3,PEN_a(PB06a)_L4,0,0,0.0,0.0
EPG(PB08)_R3,PEN_a(PB06a)_R5,3,39,13.0,3.0
EPG(PB08)_R3,PEN_a(PB06a)_R2,2,3,1.5,0.7071067811865476
EPG(PB08)_R3,PEN_a(PB06a)_R7,0,0,0.0,0.0
EPG(PB08)_R3,PEN_a(PB06a)_R8,0,0,0.0,0.0
EPG(PB08)_R3,PEN_a(PB06a)_L8,3,86,28.666666666666668,3.511884584284246
EPG(PB08)_R3,PEN_a(PB06a)_R9,0,0,0.0,0.0
EPG(PB08)_R3,PEN_a(PB06a)_L9,3,15,5.0,2.6457513110645907
EPG(PB08)_R3,PEN_a(PB06a)_L3,0,0,0.0,0.0
EPG(PB08)_R3,PEN_a(PB06a)_L5,0,0,0.0,0.0
EPG(PB08)_R3,PEN_b(PB06b)_L4,0,0,0.0,0.0
EPG(PB08)_R3,PEN_b(PB06b)_R4,6,168,28.0,8.694826047713663
EPG(PB08)_R3,PEN_b(PB06b)_L6,0,0,0.0,0.0
EPG(PB08)_R3,PEN_b(PB06b)_R7,0,0,0.0,0.0
EPG(PB08)_R3,PEN_b(PB06b)_R2,1,6,6.0,0.0
EPG(PB08)_R3,PEN_b(PB06b)_R5,2,9,4.5,4.949747468305833
EPG(PB08)_R3,PEN_b(PB06b)_R6,0,0,0.0,0.0
EPG(PB08)_R3,PEN_b(PB06b)_R3,3,120,40.0,8.888194417315589
EPG(PB08)_R3,PEN_b(PB06b)_R8,0,0,0.0,0.0
EPG(PB08)_R3,PEN_b(PB06b)_R9,0,0,0.0,0.0
EPG(PB08)_R3,PEN_b(PB06b)_L9,1,2,2.0,0.0
EPG(PB08)_R3,PEN_b(PB06b)_L7,2,22,11.0,12.727922061357855
EPG(PB08)_R3,PEN_b(PB06b)_L8,3,79,26.333333333333332,5.131601439446884
EPG(PB08)_R3,PEN_b(PB06b)_L5,0,0,0.0,0.0
EPG(PB08)_R3,PEN_b(PB06b)_L2,0,0,0.0,0.0
EPG(PB08)_R3,PEN_b(PB06b)_L3,0,0,0.0,0.0
EPG(PB08)_L6,EPG(PB08)_L3,1,1,1.0,0.0
EPG(PB08)_L6,EPG(PB08)_R4,9,166,18.444444444444443,11.259563836036358
EPG(PB08)_L6,EPG(PB08)_R3,9,131,14.555555555555555,10.465551957626401
EPG(PB08)_L6,EPG(PB08)_L1,0,0,0.0,0.0
EPG(PB08)_L6,EPG(PB08)_R2,2,2,1.0,0.0
EPG(PB08)_L6,EPG(PB08)_L4,7,11,1.5714285714285714,0.7867957924694432
EPG(PB08)_L6,EPG(PB08)_R5,1,1,1.0,0.0
EPG(PB08)_L6,EPG(PB08)_L5,5,13,2.6,2.073644135332772
EPG(PB08)_L6,EPG(PB08)_L2,2,3,1.5,0.7071067811865476
EPG(PB08)_L6,EPG(PB08)_R6,0,0,0.0,0.0
EPG(PB08)_L6,EPG(PB08)_R7,0,0,0.0,0.0
EPG(PB08)_L6,EPG(PB08)_L7,8,23,2.875,1.7268882005337975
EPG(PB08)_L6,EPG(PB08)_L8,9,10,1.1111111111111112,0.3333333333333333
EPG(PB08)_L6,EPG(PB08)_R8,0,0,0.0,0.0
EPG(PB08)_L6,EPG(PB08)_R1,0,0,0.0,0.0
EPG(PB08)_L6,Delta7(PB15)_L6R3_L,12,27,2.25,1.2880570286640685
EPG(PB08)_L6,Delta7(PB15)_L5R4_L,11,36,3.272727272727273,2.5334130768948473
EPG(PB08)_L6,Delta7(PB15)_L4R5_R,13,36,2.769230769230769,1.535895295576609
EPG(PB08)_L6,Delta7(PB15)_L1L9R8_R,15,196,13.066666666666666,2.8652266593628872
EPG(PB08)_L6,Delta7(PB15)_L8R1R9_L,15,119,7.933333333333334,3.4323391995769272
EPG(PB08)_L6,Delta7(PB15)_L3R6_R,12,97,8.083333333333334,4.2094770423054895
EPG(PB08)_L6,Delta7(PB15)_L7R2_L,8,19,2.375,0.9161253813129043
EPG(PB08)_L6,Delta7(PB15)_L2R7_R,15,104,6.933333333333334,2.9632671801497046
EPG(PB08)_L6,PEG(PB07)_R1,0,0,0.0,0.0
EPG(PB08)_L6,PEG(PB07)_L5,3,5,1.6666666666666667,0.5773502691896257
EPG(PB08)_L6,PEG(PB07)_L6,9,213,23.666666666666668,22.15851980616034
EPG(PB08)_L6,PEG(PB07)_R6,0,0,0.0,0.0
EPG(PB08)_L6,PEG(PB07)_R4,3,15,5.0,3.4641016151377544
EPG(PB08)_L6,PEG(PB07)_L4,3,10,3.3333333333333335,0.5773502691896257
EPG(PB08)_L6,PEG(PB07)_R2,0,0,0.0,0.0
EPG(PB08)_L6,PEG(PB07)_R3,1,1,1.0,0.0
EPG(PB08)_L6,PEG(PB07)_L3,0,0,0.0,0.0
EPG(PB08)_L6,PEG(PB07)_R7,0,0,0.0,0.0
EPG(PB08)_L6,PEG(PB07)_L7,3,3,1.0,0.0
EPG(PB08)_L6,PEG(PB07)_L8,3,18,6.0,3.0
EPG(PB08)_L6,PEG(PB07)_R9,0,0,0.0,0.0
EPG(PB08)_L6,PEG(PB07)_L1,0,0,0.0,0.0
EPG(PB08)_L6,PEG(PB07)_L2,3,14,4.666666666666667,1.1547005383792515
EPG(PB08)_L6,PEG(PB07)_L9,0,0,0.0,0.0
EPG(PB08)_L6,PEG(PB07)_R5,0,0,0.0,0.0
EPG(PB08)_L6,PEG(PB07)_R8,0,0,0.0,0.0
EPG(PB08)_L6,PEN_a(PB06a)_L7,3,53,17.666666666666668,8.144527815247077
EPG(PB08)_L6,PEN_a(PB06a)_R4,6,33,5.5,1.8708286933869707
EPG(PB08)_L6,PEN_a(PB06a)_R3,0,0,0.0,0.0
EPG(PB08)_L6,PEN_a(PB06a)_L2,0,0,0.0,0.0
EPG(PB08)_L6,PEN_a(PB06a)_R6,4,5,1.25,0.5
EPG(PB08)_L6,PEN_a(PB06a)_L6,8,75,9.375,5.31675249968034
EPG(PB08)_L6,PEN_a(PB06a)_L4,0,0,0.0,0.0
EPG(PB08)_L6,PEN_a(PB06a)_R5,3,57,19.0,2.6457513110645907
EPG(PB08)_L6,PEN_a(PB06a)_R2,0,0,0.0,0.0
EPG(PB08)_L6,PEN_a(PB06a)_R7,0,0,0.0,0.0
EPG(PB08)_L6,PEN_a(PB06a)_R8,0,0,0.0,0.0
EPG(PB08)_L6,PEN_a(PB06a)_L8,3,23,7.666666666666667,4.509249752822894
EPG(PB08)_L6,PEN_a(PB06a)_R9,0,0,0.0,0.0
EPG(PB08)_L6,PEN_a(PB06a)_L9,2,4,2.0,0.0
EPG(PB08)_L6,PEN_a(PB06a)_L3,0,0,0.0,0.0
EPG(PB08)_L6,PEN_a(PB06a)_L5,0,0,0.0,0.0
EPG(PB08)_L6,PEN_b(PB06b)_L4,0,0,0.0,0.0
EPG(PB08)_L6,PEN_b(PB06b)_R4,4,30,7.5,7.32575365861197
EPG(PB08)_L6,PEN_b(PB06b)_L6,6,87,14.5,2.7386127875258306
EPG(PB08)_L6,PEN_b(PB06b)_R7,0,0,0.0,0.0
EPG(PB08)_L6,PEN_b(PB06b)_R2,0,0,0.0,0.0
EPG(PB08)_L6,PEN_b(PB06b)_R5,3,116,38.666666666666664,12.741009902410928
EPG(PB08)_L6,PEN_b(PB06b)_R6,0,0,0.0,0.0
EPG(PB08)_L6,PEN_b(PB06b)_R3,0,0,0.0,0.0
EPG(PB08)_L6,PEN_b(PB06b)_R8,0,0,0.0,0.0
EPG(PB08)_L6,PEN_b(PB06b)_R9,0,0,0.0,0.0
EPG(PB08)_L6,PEN_b(PB06b)_L9,0,0,0.0,0.0
EPG(PB08)_L6,PEN_b(PB06b)_L7,3,103,34.333333333333336,8.020806277010642
EPG(PB08)_L6,PEN_b(PB06b)_L8,2,9,4.5,3.5355339059327378
EPG(PB08)_L6,PEN_b(PB06b)_L5,0,0,0.0,0.0
EPG(PB08)_L6,PEN_b(PB06b)_L2,0,0,0.0,0.0
EPG(PB08)_L6,PEN_b(PB06b)_L3,0,0,0.0,0.0
EPG(PB08)_L1,EPG(PB08)_L3,4,5,1.25,0.5
EPG(PB08)_L1,EPG(PB08)_R4,0,0,0.0,0.0
EPG(PB08)_L1,EPG(PB08)_R3,0,0,0.0,0.0
EPG(PB08)_L1,EPG(PB08)_L6,0,0,0.0,0.0
EPG(PB08)_L1,EPG(PB08)_R2,1,1,1.0,0.0
EPG(PB08)_L1,EPG(PB08)_L4,2,2,1.0,0.0
EPG(PB08)_L1,EPG(PB08)_R5,0,0,0.0,0.0
EPG(PB08)_L1,EPG(PB08)_L5,2,4,2.0,0.0
EPG(PB08)_L1,EPG(PB08)_L2,5,29,5.8,4.324349662087931
EPG(PB08)_L1,EPG(PB08)_R6,0,0,0.0,0.0
EPG(PB08)_L1,EPG(PB08)_R7,2,5,2.5,0.7071067811865476
EPG(PB08)_L1,EPG(PB08)_L7,4,5,1.25,0.5
EPG(PB08)_L1,EPG(PB08)_L8,5,24,4.8,2.9495762407505253
EPG(PB08)_L1,EPG(PB08)_R8,8,128,16.0,12.694205652298892
EPG(PB08)_L1,EPG(PB08)_R1,7,129,18.428571428571427,19.940387348771527
EPG(PB08)_L1,Delta7(PB15)_L6R3_L,10,199,19.9,7.752418977325722
EPG(PB08)_L1,Delta7(PB15)_L5R4_L,10,290,29.0,8.806563209081938
EPG(PB08)_L1,Delta7(PB15)_L4R5_R,10,199,19.9,4.817791102892602
EPG(PB08)_L1,Delta7(PB15)_L1L9R8_R,8,30,3.75,2.052872551885702
EPG(PB08)_L1,Delta7(PB15)_L8R1R9_L,4,5,1.25,0.5
EPG(PB08)_L1,Delta7(PB15)_L3R6_R,8,71,8.875,6.311836952447814
EPG(PB08)_L1,Delta7(PB15)_L7R2_L,6,51,8.5,5.822370651203855
EPG(PB08)_L1,Delta7(PB15)_L2R7_R,4,8,2.0,1.4142135623730951
EPG(PB08)_L1,PEG(PB07)_R1,4,55,13.75,8.958236433584458
EPG(PB08)_L1,PEG(PB07)_L5,2,3,1.5,0.7071067811865476
EPG(PB08)_L1,PEG(PB07)_L6,2,3,1.5,0.7071067811865476
EPG(PB08)_L1,PEG(PB07)_R6,0,0,0.0,0.0
EPG(PB08)_L1,PEG(PB07)_R4,0,0,0.0,0.0
EPG(PB08)_L1,PEG(PB07)_L4,1,1,1.0,0.0
EPG(PB08)_L1,PEG(PB07)_R2,0,0,0.0,0.0
EPG(PB08)_L1,PEG(PB07)_R3,0,0,0.0,0.0
EPG(PB08)_L1,PEG(PB07)_L3,2,11,5.5,3.5355339059327378
EPG(PB08)_L1,PEG(PB07)_R7,0,0,0.0,0.0
EPG(PB08)_L1,PEG(PB07)_L7,2,11,5.5,3.5355339059327378
EPG(PB08)_L1,PEG(PB07)_L8,1,1,1.0,0.0
EPG(PB08)_L1,PEG(PB07)_R9,2,40,20.0,4.242640687119285
EPG(PB08)_L1,PEG(PB07)_L1,6,210,35.0,36.943199644860215
EPG(PB08)_L1,PEG(PB07)_L2,5,24,4.8,4.8166378315169185
EPG(PB08)_L1,PEG(PB07)_L9,4,23,5.75,1.2583057392117916
EPG(PB08)_L1,PEG(PB07)_R5,0,0,0.0,0.0
EPG(PB08)_L1,PEG(PB07)_R8,1,1,1.0,0.0
EPG(PB08)_L1,PEN_a(PB06a)_L7,0,0,0.0,0.0
EPG(PB08)_L1,PEN_a(PB06a)_R4,0,0,0.0,0.0
EPG(PB08)_L1,PEN_a(PB06a)_R3,1,1,1.0,0.0
EPG(PB08)_L1,PEN_a(PB06a)_L2,4,90,22.5,18.211717839530312
EPG(PB08)_L1,PEN_a(PB06a)_R6,0,0,0.0,0.0
EPG(PB08)_L1,PEN_a(PB06a)_L6,0,0,0.0,0.0
EPG(PB08)_L1,PEN_a(PB06a)_L4,2,3,1.5,0.7071067811865476
EPG(PB08)_L1,PEN_a(PB06a)_R5,0,0,0.0,0.0
EPG(PB08)_L1,PEN_a(PB06a)_R2,2,73,36.5,0.7071067811865476
EPG(PB08)_L1,PEN_a(PB06a)_R7,0,0,0.0,0.0
EPG(PB08)_L1,PEN_a(PB06a)_R8,1,1,1.0,0.0
EPG(PB08)_L1,PEN_a(PB06a)_L8,0,0,0.0,0.0
EPG(PB08)_L1,PEN_a(PB06a)_R9,2,42,21.0,12.727922061357855
EPG(PB08)_L1,PEN_a(PB06a)_L9,2,7,3.5,2.1213203435596424
EPG(PB08)_L1,PEN_a(PB06a)_L3,2,42,21.0,16.97056274847714
EPG(PB08)_L1,PEN_a(PB06a)_L5,0,0,0.0,0.0
EPG(PB08)_L1,PEN_b(PB06b)_L4,0,0,0.0,0.0
EPG(PB08)_L1,PEN_b(PB06b)_R4,0,0,0.0,0.0
EPG(PB08)_L1,PEN_b(PB06b)_L6,0,0,0.0,0.0
EPG(PB08)_L1,PEN_b(PB06b)_R7,0,0,0.0,0.0
EPG(PB08)_L1,PEN_b(PB06b)_R2,2,79,39.5,3.5355339059327378
EPG(PB08)_L1,PEN_b(PB06b)_R5,0,0,0.0,0.0
EPG(PB08)_L1,PEN_b(PB06b)_R6,0,0,0.0,0.0
EPG(PB08)_L1,PEN_b(PB06b)_R3,0,0,0.0,0.0
EPG(PB08)_L1,PEN_b(PB06b)_R8,0,0,0.0,0.0
EPG(PB08)_L1,PEN_b(PB06b)_R9,3,10,3.3333333333333335,2.0816659994661326
EPG(PB08)_L1,PEN_b(PB06b)_L9,0,0,0.0,0.0
EPG(PB08)_L1,PEN_b(PB06b)_L7,0,0,0.0,0.0
EPG(PB08)_L1,PEN_b(PB06b)_L8,0,0,0.0,0.0
EPG(PB08)_L1,PEN_b(PB06b)_L5,0,0,0.0,0.0
EPG(PB08)_L1,PEN_b(PB06b)_L2,4,96,24.0,24.385788210895843
EPG(PB08)_L1,PEN_b(PB06b)_L3,1,9,9.0,0.0
EPG(PB08)_R2,EPG(PB08)_L3,0,0,0.0,0.0
EPG(PB08)_R2,EPG(PB08)_R4,0,0,0.0,0.0
EPG(PB08)_R2,EPG(PB08)_R3,6,24,4.0,1.4142135623730951
EPG(PB08)_R2,EPG(PB08)_L6,0,0,0.0,0.0
EPG(PB08)_R2,EPG(PB08)_L1,0,0,0.0,0.0
EPG(PB08)_R2,EPG(PB08)_L4,0,0,0.0,0.0
EPG(PB08)_R2,EPG(PB08)_R5,0,0,0.0,0.0
EPG(PB08)_R2,EPG(PB08)_L5,0,0,0.0,0.0
EPG(PB08)_R2,EPG(PB08)_L2,0,0,0.0,0.0
EPG(PB08)_R2,EPG(PB08)_R6,0,0,0.0,0.0
EPG(PB08)_R2,EPG(PB08)_R7,0,0,0.0,0.0
EPG(PB08)_R2,EPG(PB08)_L7,6,96,16.0,9.20869154657707
EPG(PB08)_R2,EPG(PB08)_L8,8,117,14.625,9.48589177975075
EPG(PB08)_R2,EPG(PB08)_R8,0,0,0.0,0.0
EPG(PB08)_R2,EPG(PB08)_R1,4,22,5.5,3.3166247903554
EPG(PB08)_R2,Delta7(PB15)_L6R3_L,7,15,2.142857142857143,0.6900655593423543
EPG(PB08)_R2,Delta7(PB15)_L5R4_L,9,112,12.444444444444445,3.844187531556932
EPG(PB08)_R2,Delta7(PB15)_L4R5_R,10,173,17.3,3.945461527713414
EPG(PB08)_R2,Delta7(PB15)_L1L9R8_R,8,45,5.625,3.9256482631170977
EPG(PB08)_R2,Delta7(PB15)_L8R1R9_L,6,11,1.8333333333333333,0.752772652709081
EPG(PB08)_R2,Delta7(PB15)_L3R6_R,8,159,19.875,4.764076885549662
EPG(PB08)_R2,Delta7(PB15)_L7R2_L,5,16,3.2,2.280350850198276
EPG(PB08)_R2,Delta7(PB15)_L2R7_R,10,137,13.7,2.7908580918579307
EPG(PB08)_R2,PEG(PB07)_R1,2,3,1.5,0.7071067811865476
EPG(PB08)_R2,PEG(PB07)_L5,0,0,0.0,0.0
EPG(PB08)_R2,PEG(PB07)_L6,0,0,0.0,0.0
EPG(PB08)_R2,PEG(PB07)_R6,0,0,0.0,0.0
EPG(PB08)_R2,PEG(PB07)_R4,0,0,0.0,0.0
EPG(PB08)_R2,PEG(PB07)_L4,0,0,0.0,0.0
EPG(PB08)_R2,PEG(PB07)_R2,4,207,51.75,35.71530950913534
EPG(PB08)_R2,PEG(PB07)_R3,0,0,0.0,0.0
EPG(PB08)_R2,PEG(PB07)_L3,0,0,0.0,0.0
EPG(PB08)_R2,PEG(PB07)_R7,0,0,0.0,0.0
EPG(PB08)_R2,PEG(PB07)_L7,0,0,0.0,0.0
EPG(PB08)_R2,PEG(PB07)_L8,2,3,1.5,0.7071067811865476
EPG(PB08)_R2,PEG(PB07)_R9,0,0,0.0,0.0
EPG(PB08)_R2,PEG(PB07)_L1,0,0,0.0,0.0
EPG(PB08)_R2,PEG(PB07)_L2,0,0,0.0,0.0
EPG(PB08)_R2,PEG(PB07)_L9,0,0,0.0,0.0
EPG(PB08)_R2,PEG(PB07)_R5,0,0,0.0,0.0
EPG(PB08)_R2,PEG(PB07)_R8,0,0,0.0,0.0
EPG(PB08)_R2,PEN_a(PB06a)_L7,0,0,0.0,0.0
EPG(PB08)_R2,PEN_a(PB06a)_R4,4,33,8.25,3.774917217635375
EPG(PB08)_R2,PEN_a(PB06a)_R3,2,73,36.5,12.020815280171307
EPG(PB08)_R2,PEN_a(PB06a)_L2,2,9,4.5,0.7071067811865476
EPG(PB08)_R2,PEN_a(PB06a)_R6,0,0,0.0,0.0
EPG(PB08)_R2,PEN_a(PB06a)_L6,0,0,0.0,0.0
EPG(PB08)_R2,PEN_a(PB06a)_L4,0,0,0.0,0.0
EPG(PB08)_R2,PEN_a(PB06a)_R5,0,0,0.0,0.0
EPG(PB08)_R2,PEN_a(PB06a)_R2,4,54,13.5,13.916417163432069
EPG(PB08)_R2,PEN_a(PB06a)_R7,0,0,0.0,0.0
EPG(PB08)_R2,PEN_a(PB06a)_R8,0,0,0.0,0.0
EPG(PB08)_R2,PEN_a(PB06a)_L8,2,26,13.0,2.8284271247461903
EPG(PB08)_R2,PEN_a(PB06a)_R9,0,0,0.0,0.0
EPG(PB08)_R2,PEN_a(PB06a)_L9,2,38,19.0,0.0
EPG(PB08)_R2,PEN_a(PB06a)_L3,0,0,0.0,0.0
EPG(PB08)_R2,PEN_a(PB06a)_L5,0,0,0.0,0.0
EPG(PB08)_R2,PEN_b(PB06b)_L4,0,0,0.0,0.0
EPG(PB08)_R2,PEN_b(PB06b)_R4,3,10,3.3333333333333335,2.0816659994661326
EPG(PB08)_R2,PEN_b(PB06b)_L6,0,0,0.0,0.0
EPG(PB08)_R2,PEN_b(PB06b)_R7,0,0,0.0,0.0
EPG(PB08)_R2,PEN_b(PB06b)_R2,2,44,22.0,11.313708498984761
EPG(PB08)_R2,PEN_b(PB06b)_R5,0,0,0.0,0.0
EPG(PB08)_R2,PEN_b(PB06b)_R6,0,0,0.0,0.0
EPG(PB08)_R2,PEN_b(PB06b)_R3,2,73,36.5,0.7071067811865476
EPG(PB08)_R2,PEN_b(PB06b)_R8,0,0,0.0,0.0
EPG(PB08)_R2,PEN_b(PB06b)_R9,0,0,0.0,0.0
EPG(PB08)_R2,PEN_b(PB06b)_L9,4,82,20.5,4.43471156521669
EPG(PB08)_R2,PEN_b(PB06b)_L7,0,0,0.0,0.0
EPG(PB08)_R2,PEN_b(PB06b)_L8,1,8,8.0,0.0
EPG(PB08)_R2,PEN_b(PB06b)_L5,0,0,0.0,0.0
EPG(PB08)_R2,PEN_b(PB06b)_L2,0,0,0.0,0.0
EPG(PB08)_R2,PEN_b(PB06b)_L3,0,0,0.0,0.0
EPG(PB08)_L4,EPG(PB08)_L3,8,21,2.625,2.1998376563477846
EPG(PB08)_L4,EPG(PB08)_R4,1,1,1.0,0.0
EPG(PB08)_L4,EPG(PB08)_R3,0,0,0.0,0.0
EPG(PB08)_L4,EPG(PB08)_L6,5,6,1.2,0.4472135954999579
EPG(PB08)_L4,EPG(PB08)_L1,0,0,0.0,0.0
EPG(PB08)_L4,EPG(PB08)_R2,0,0,0.0,0.0
EPG(PB08)_L4,EPG(PB08)_R5,9,99,11.0,8.366600265340756
EPG(PB08)_L4,EPG(PB08)_L5,8,10,1.25,0.4629100498862757
EPG(PB08)_L4,EPG(PB08)_L2,5,7,1.4,0.5477225575051661
EPG(PB08)_L4,EPG(PB08)_R6,9,150,16.666666666666668,11.034038245356955
EPG(PB08)_L4,EPG(PB08)_R7,0,0,0.0,0.0
EPG(PB08)_L4,EPG(PB08)_L7,2,2,1.0,0.0
EPG(PB08)_L4,EPG(PB08)_L8,4,5,1.25,0.5
EPG(PB08)_L4,EPG(PB08)_R8,0,0,0.0,0.0
EPG(PB08)_L4,EPG(PB08)_R1,0,0,0.0,0.0
EPG(PB08)_L4,Delta7(PB15)_L6R3_L,16,235,14.6875,5.735488935856588
EPG(PB08)_L4,Delta7(PB15)_L5R4_L,12,31,2.5833333333333335,1.378954368902449
EPG(PB08)_L4,Delta7(PB15)_L4R5_R,11,21,1.9090909090909092,1.044465935734187
EPG(PB08)_L4,Delta7(PB15)_L1L9R8_R,16,301,18.8125,8.471274992585236
EPG(PB08)_L4,Delta7(PB15)_L8R1R9_L,16,315,19.6875,9.32179346120334
EPG(PB08)_L4,Delta7(PB15)_L3R6_R,9,13,1.4444444444444444,1.0137937550497034
EPG(PB08)_L4,Delta7(PB15)_L7R2_L,10,233,23.3,8.895067297228405
EPG(PB08)_L4,Delta7(PB15)_L2R7_R,15,120,8.0,5.903993805649093
EPG(PB08)_L4,PEG(PB07)_R1,0,0,0.0,0.0
EPG(PB08)_L4,PEG(PB07)_L5,5,11,2.2,2.6832815729997477
EPG(PB08)_L4,PEG(PB07)_L6,3,12,4.0,2.0
EPG(PB08)_L4,PEG(PB07)_R6,2,16,8.0,8.48528137423857
EPG(PB08)_L4,PEG(PB07)_R4,0,0,0.0,0.0
EPG(PB08)_L4,PEG(PB07)_L4,10,389,38.9,48.28491828028016
EPG(PB08)_L4,PEG(PB07)_R2,0,0,0.0,0.0
EPG(PB08)_L4,PEG(PB07)_R3,0,0,0.0,0.0
EPG(PB08)_L4,PEG(PB07)_L3,1,2,2.0,0.0
EPG(PB08)_L4,PEG(PB07)_R7,0,0,0.0,0.0
EPG(PB08)_L4,PEG(PB07)_L7,0,0,0.0,0.0
EPG(PB08)_L4,PEG(PB07)_L8,2,7,3.5,0.7071067811865476
EPG(PB08)_L4,PEG(PB07)_R9,0,0,0.0,0.0
EPG(PB08)_L4,PEG(PB07)_L1,0,0,0.0,0.0
EPG(PB08)_L4,PEG(PB07)_L2,3,18,6.0,3.605551275463989
EPG(PB08)_L4,PEG(PB07)_L9,0,0,0.0,0.0
EPG(PB08)_L4,PEG(PB07)_R5,1,2,2.0,0.0
EPG(PB08)_L4,PEG(PB07)_R8,0,0,0.0,0.0
EPG(PB08)_L4,PEN_a(PB06a)_L7,0,0,0.0,0.0
EPG(PB08)_L4,PEN_a(PB06a)_R4,0,0,0.0,0.0
EPG(PB08)_L4,PEN_a(PB06a)_R3,0,0,0.0,0.0
EPG(PB08)_L4,PEN_a(PB06a)_L2,0,0,0.0,0.0
EPG(PB08)_L4,PEN_a(PB06a)_R6,6,34,5.666666666666667,3.0767948691238205
EPG(PB08)_L4,PEN_a(PB06a)_L6,6,33,5.5,2.4289915602982237
EPG(PB08)_L4,PEN_a(PB06a)_L4,9,154,17.11111111111111,11.941989411781904
EPG(PB08)_L4,PEN_a(PB06a)_R5,0,0,0.0,0.0
EPG(PB08)_L4,PEN_a(PB06a)_R2,0,0,0.0,0.0
EPG(PB08)_L4,PEN_a(PB06a)_R7,3,71,23.666666666666668,4.725815626252609
EPG(PB08)_L4,PEN_a(PB06a)_R8,0,0,0.0,0.0
EPG(PB08)_L4,PEN_a(PB06a)_L8,0,0,0.0,0.0
EPG(PB08)_L4,PEN_a(PB06a)_R9,0,0,0.0,0.0
EPG(PB08)_L4,PEN_a(PB06a)_L9,0,0,0.0,0.0
EPG(PB08)_L4,PEN_a(PB06a)_L3,2,3,1.5,0.7071067811865476
EPG(PB08)_L4,PEN_a(PB06a)_L5,3,65,21.666666666666668,9.865765724632494
EPG(PB08)_L4,PEN_b(PB06b)_L4,6,161,26.833333333333332,8.565434412022935
EPG(PB08)_L4,PEN_b(PB06b)_R4,0,0,0.0,0.0
EPG(PB08)_L4,PEN_b(PB06b)_L6,6,16,2.6666666666666665,2.250925735484551
EPG(PB08)_L4,PEN_b(PB06b)_R7,3,64,21.333333333333332,6.429100507328637
EPG(PB08)_L4,PEN_b(PB06b)_R2,0,0,0.0,0.0
EPG(PB08)_L4,PEN_b(PB06b)_R5,0,0,0.0,0.0
EPG(PB08)_L4,PEN_b(PB06b)_R6,4,9,2.25,0.9574271077563381
EPG(PB08)_L4,PEN_b(PB06b)_R3,0,0,0.0,0.0
EPG(PB08)_L4,PEN_b(PB06b)_R8,1,1,1.0,0.0
EPG(PB08)_L4,PEN_b(PB06b)_R9,0,0,0.0,0.0
EPG(PB08)_L4,PEN_b(PB06b)_L9,0,0,0.0,0.0
EPG(PB08)_L4,PEN_b(PB06b)_L7,0,0,0.0,0.0
EPG(PB08)_L4,PEN_b(PB06b)_L8,0,0,0.0,0.0
EPG(PB08)_L4,PEN_b(PB06b)_L5,3,74,24.666666666666668,6.6583281184793925
EPG(PB08)_L4,PEN_b(PB06b)_L2,0,0,0.0,0.0
EPG(PB08)_L4,PEN_b(PB06b)_L3,0,0,0.0,0.0
EPG(PB08)_R5,EPG(PB08)_L3,3,7,2.3333333333333335,1.5275252316519468
EPG(PB08)_R5,EPG(PB08)_R4,6,27,4.5,2.588435821108957
EPG(PB08)_R5,EPG(PB08)_R3,0,0,0.0,0.0
EPG(PB08)_R5,EPG(PB08)_L6,1,2,2.0,0.0
EPG(PB08)_R5,EPG(PB08)_L1,0,0,0.0,0.0
EPG(PB08)_R5,EPG(PB08)_R2,0,0,0.0,0.0
EPG(PB08)_R5,EPG(PB08)_L4,9,107,11.88888888888889,7.6394444242438935
EPG(PB08)_R5,EPG(PB08)_L5,9,105,11.666666666666666,8.306623862918075
EPG(PB08)_R5,EPG(PB08)_L2,0,0,0.0,0.0
EPG(PB08)_R5,EPG(PB08)_R6,8,34,4.25,1.9820624179302297
EPG(PB08)_R5,EPG(PB08)_R7,1,1,1.0,0.0
EPG(PB08)_R5,EPG(PB08)_L7,0,0,0.0,0.0
EPG(PB08)_R5,EPG(PB08)_L8,0,0,0.0,0.0
EPG(PB08)_R5,EPG(PB08)_R8,0,0,0.0,0.0
EPG(PB08)_R5,EPG(PB08)_R1,0,0,0.0,0.0
EPG(PB08)_R5,Delta7(PB15)_L6R3_L,15,109,7.266666666666667,4.742914514856672
EPG(PB08)_R5,Delta7(PB15)_L5R4_L,9,10,1.1111111111111112,0.3333333333333333
EPG(PB08)_R5,Delta7(PB15)_L4R5_R,10,23,2.3,1.1595018087284057
EPG(PB08)_R5,Delta7(PB15)_L1L9R8_R,15,301,20.066666666666666,4.876571785686373
EPG(PB08)_R5,Delta7(PB15)_L8R1R9_L,15,336,22.4,5.9497899122574065
EPG(PB08)_R5,Delta7(PB15)_L3R6_R,12,54,4.5,3.5032452487268535
EPG(PB08)_R5,Delta7(PB15)_L7R2_L,9,131,14.555555555555555,4.639803635691685
EPG(PB08)_R5,Delta7(PB15)_L2R7_R,15,201,13.4,5.220837371259792
EPG(PB08)_R5,PEG(PB07)_R1,0,0,0.0,0.0
EPG(PB08)_R5,PEG(PB07)_L5,3,14,4.666666666666667,1.5275252316519468
EPG(PB08)_R5,PEG(PB07)_L6,0,0,0.0,0.0
EPG(PB08)_R5,PEG(PB07)_R6,3,9,3.0,1.0
EPG(PB08)_R5,PEG(PB07)_R4,2,14,7.0,5.656854249492381
EPG(PB08)_R5,PEG(PB07)_L4,3,11,3.6666666666666665,4.618802153517006
EPG(PB08)_R5,PEG(PB07)_R2,0,0,0.0,0.0
EPG(PB08)_R5,PEG(PB07)_R3,0,0,0.0,0.0
EPG(PB08)_R5,PEG(PB07)_L3,0,0,0.0,0.0
EPG(PB08)_R5,PEG(PB07)_R7,0,0,0.0,0.0
EPG(PB08)_R5,PEG(PB07)_L7,0,0,0.0,0.0
EPG(PB08)_R5,PEG(PB07)_L8,0,0,0.0,0.0
EPG(PB08)_R5,PEG(PB07)_R9,0,0,0.0,0.0
EPG(PB08)_R5,PEG(PB07)_L1,0,0,0.0,0.0
EPG(PB08)_R5,PEG(PB07)_L2,0,0,0.0,0.0
EPG(PB08)_R5,PEG(PB07)_L9,0,0,0.0,0.0
EPG(PB08)_R5,PEG(PB07)_R5,6,310,51.666666666666664,44.54510822376197
EPG(PB08)_R5,PEG(PB07)_R8,0,0,0.0,0.0
EPG(PB08)_R5,PEN_a(PB06a)_L7,2,4,2.0,1.4142135623730951
EPG(PB08)_R5,PEN_a(PB06a)_R4,0,0,0.0,0.0
EPG(PB08)_R5,PEN_a(PB06a)_R3,0,0,0.0,0.0
EPG(PB08)_R5,PEN_a(PB06a)_L2,0,0,0.0,0.0
EPG(PB08)_R5,PEN_a(PB06a)_R6,7,106,15.142857142857142,6.22972903178973
EPG(PB08)_R5,PEN_a(PB06a)_L6,6,122,20.333333333333332,4.844240566555986
EPG(PB08)_R5,PEN_a(PB06a)_L4,0,0,0.0,0.0
EPG(PB08)_R5,PEN_a(PB06a)_R5,5,81,16.2,15.172343260024142
EPG(PB08)_R5,PEN_a(PB06a)_R2,0,0,0.0,0.0
EPG(PB08)_R5,PEN_a(PB06a)_R7,3,38,12.666666666666666,7.637626158259733
EPG(PB08)_R5,PEN_a(PB06a)_R8,0,0,0.0,0.0
EPG(PB08)_R5,PEN_a(PB06a)_L8,0,0,0.0,0.0
EPG(PB08)_R5,PEN_a(PB06a)_R9,0,0,0.0,0.0
EPG(PB08)_R5,PEN_a(PB06a)_L9,0,0,0.0,0.0
EPG(PB08)_R5,PEN_a(PB06a)_L3,0,0,0.0,0.0
EPG(PB08)_R5,PEN_a(PB06a)_L5,3,24,8.0,6.244997998398398
EPG(PB08)_R5,PEN_b(PB06b)_L4,0,0,0.0,0.0
EPG(PB08)_R5,PEN_b(PB06b)_R4,2,4,2.0,1.4142135623730951
EPG(PB08)_R5,PEN_b(PB06b)_L6,6,100,16.666666666666668,5.501514942874069
EPG(PB08)_R5,PEN_b(PB06b)_R7,1,8,8.0,0.0
EPG(PB08)_R5,PEN_b(PB06b)_R2,0,0,0.0,0.0
EPG(PB08)_R5,PEN_b(PB06b)_R5,3,107,35.666666666666664,11.015141094572204
EPG(PB08)_R5,PEN_b(PB06b)_R6,6,119,19.833333333333332,5.269408568963567
EPG(PB08)_R5,PEN_b(PB06b)_R3,0,0,0.0,0.0
EPG(PB08)_R5,PEN_b(PB06b)_R8,0,0,0.0,0.0
EPG(PB08)_R5,PEN_b(PB06b)_R9,0,0,0.0,0.0
EPG(PB08)_R5,PEN_b(PB06b)_L9,0,0,0.0,0.0
EPG(PB08)_R5,PEN_b(PB06b)_L7,1,1,1.0,0.0
EPG(PB08)_R5,PEN_b(PB06b)_L8,0,0,0.0,0.0
EPG(PB08)_R5,PEN_b(PB06b)_L5,1,9,9.0,0.0
EPG(PB08)_R5,PEN_b(PB06b)_L2,0,0,0.0,0.0
EPG(PB08)_R5,PEN_b(PB06b)_L3,0,0,0.0,0.0
EPG(PB08)_L5,EPG(PB08)_L3,5,9,1.8,1.3038404810405297
EPG(PB08)_L5,EPG(PB08)_R4,9,110,12.222222222222221,5.019406782125199
EPG(PB08)_L5,EPG(PB08)_R3,3,6,2.0,1.0
EPG(PB08)_L5,EPG(PB08)_L6,10,20,2.0,1.4142135623730951
EPG(PB08)_L5,EPG(PB08)_L1,5,6,1.2,0.4472135954999579
EPG(PB08)_L5,EPG(PB08)_R2,0,0,0.0,0.0
EPG(PB08)_L5,EPG(PB08)_L4,10,18,1.8,0.6324555320336759
EPG(PB08)_L5,EPG(PB08)_R5,9,102,11.333333333333334,6.782329983125268
EPG(PB08)_L5,EPG(PB08)_L2,0,0,0.0,0.0
EPG(PB08)_L5,EPG(PB08)_R6,0,0,0.0,0.0
EPG(PB08)_L5,EPG(PB08)_R7,0,0,0.0,0.0
EPG(PB08)_L5,EPG(PB08)_L7,5,6,1.2,0.4472135954999579
EPG(PB08)_L5,EPG(PB08)_L8,1,1,1.0,0.0
EPG(PB08)_L5,EPG(PB08)_R8,0,0,0.0,0.0
EPG(PB08)_L5,EPG(PB08)_R1,0,0,0.0,0.0
EPG(PB08)_L5,Delta7(PB15)_L6R3_L,11,50,4.545454545454546,3.531674853766591
EPG(PB08)_L5,Delta7(PB15)_L5R4_L,12,29,2.4166666666666665,1.378954368902449
EPG(PB08)_L5,Delta7(PB15)_L4R5_R,10,18,1.8,1.0327955589886446
EPG(PB08)_L5,Delta7(PB15)_L1L9R8_R,15,322,21.466666666666665,8.061076378558411
EPG(PB08)_L5,Delta7(PB15)_L8R1R9_L,15,271,18.066666666666666,5.2977982848223535
EPG(PB08)_L5,Delta7(PB15)_L3R6_R,10,61,6.1,4.794672969962487
EPG(PB08)_L5,Delta7(PB15)_L7R2_L,9,95,10.555555555555555,3.358240279934981
EPG(PB08)_L5,Delta7(PB15)_L2R7_R,15,163,10.866666666666667,5.642525608102744
EPG(PB08)_L5,PEG(PB07)_R1,0,0,0.0,0.0
EPG(PB08)_L5,PEG(PB07)_L5,9,324,36.0,42.60868456077939
EPG(PB08)_L5,PEG(PB07)_L6,5,11,2.2,2.16794833886788
EPG(PB08)_L5,PEG(PB07)_R6,0,0,0.0,0.0
EPG(PB08)_L5,PEG(PB07)_R4,1,2,2.0,0.0
EPG(PB08)_L5,PEG(PB07)_L4,4,11,2.75,1.2583057392117916
EPG(PB08)_L5,PEG(PB07)_R2,0,0,0.0,0.0
EPG(PB08)_L5,PEG(PB07)_R3,0,0,0.0,0.0
EPG(PB08)_L5,PEG(PB07)_L3,3,14,4.666666666666667,1.5275252316519468
EPG(PB08)_L5,PEG(PB07)_R7,0,0,0.0,0.0
EPG(PB08)_L5,PEG(PB07)_L7,3,34,11.333333333333334,2.0816659994661326
EPG(PB08)_L5,PEG(PB07)_L8,1,1,1.0,0.0
EPG(PB08)_L5,PEG(PB07)_R9,0,0,0.0,0.0
EPG(PB08)_L5,PEG(PB07)_L1,3,17,5.666666666666667,2.0816659994661326
EPG(PB08)_L5,PEG(PB07)_L2,1,1,1.0,0.0
EPG(PB08)_L5,PEG(PB07)_L9,3,17,5.666666666666667,3.2145502536643185
EPG(PB08)_L5,PEG(PB07)_R5,3,17,5.666666666666667,5.033222956847166
EPG(PB08)_L5,PEG(PB07)_R8,0,0,0.0,0.0
EPG(PB08)_L5,PEN_a(PB06a)_L7,3,15,5.0,2.6457513110645907
EPG(PB08)_L5,PEN_a(PB06a)_R4,0,0,0.0,0.0
EPG(PB08)_L5,PEN_a(PB06a)_R3,0,0,0.0,0.0
EPG(PB08)_L5,PEN_a(PB06a)_L2,0,0,0.0,0.0
EPG(PB08)_L5,PEN_a(PB06a)_R6,6,87,14.5,4.679743582719036
EPG(PB08)_L5,PEN_a(PB06a)_L6,6,80,13.333333333333334,4.320493798938574
EPG(PB08)_L5,PEN_a(PB06a)_L4,3,6,2.0,1.0
EPG(PB08)_L5,PEN_a(PB06a)_R5,3,35,11.666666666666666,6.110100926607787
EPG(PB08)_L5,PEN_a(PB06a)_R2,0,0,0.0,0.0
EPG(PB08)_L5,PEN_a(PB06a)_R7,2,5,2.5,2.1213203435596424
EPG(PB08)_L5,PEN_a(PB06a)_R8,0,0,0.0,0.0
EPG(PB08)_L5,PEN_a(PB06a)_L8,0,0,0.0,0.0
EPG(PB08)_L5,PEN_a(PB06a)_R9,0,0,0.0,0.0
EPG(PB08)_L5,PEN_a(PB06a)_L9,0,0,0.0,0.0
EPG(PB08)_L5,PEN_a(PB06a)_L3,0,0,0.0,0.0
EPG(PB08)_L5,PEN_a(PB06a)_L5,4,82,20.5,16.34013463836819
EPG(PB08)_L5,PEN_b(PB06b)_L4,2,9,4.5,4.949747468305833
EPG(PB08)_L5,PEN_b(PB06b)_R4,0,0,0.0,0.0
EPG(PB08)_L5,PEN_b(PB06b)_L6,6,101,16.833333333333332,9.152413160837238
EPG(PB08)_L5,PEN_b(PB06b)_R7,0,0,0.0,0.0
EPG(PB08)_L5,PEN_b(PB06b)_R2,0,0,0.0,0.0
EPG(PB08)_L5,PEN_b(PB06b)_R5,2,4,2.0,1.4142135623730951
EPG(PB08)_L5,PEN_b(PB06b)_R6,6,134,22.333333333333332,10.782702196883056
EPG(PB08)_L5,PEN_b(PB06b)_R3,0,0,0.0,0.0
EPG(PB08)_L5,PEN_b(PB06b)_R8,0,0,0.0,0.0
EPG(PB08)_L5,PEN_b(PB06b)_R9,0,0,0.0,0.0
EPG(PB08)_L5,PEN_b(PB06b)_L9,0,0,0.0,0.0
EPG(PB08)_L5,PEN_b(PB06b)_L7,2,7,3.5,3.5355339059327378
EPG(PB08)_L5,PEN_b(PB06b)_L8,0,0,0.0,0.0
EPG(PB08)_L5,PEN_b(PB06b)_L5,3,111,37.0,4.358898943540674
EPG(PB08)_L5,PEN_b(PB06b)_L2,0,0,0.0,0.0
EPG(PB08)_L5,PEN_b(PB06b)_L3,0,0,0.0,0.0
EPG(PB08)_L2,EPG(PB08)_L3,4,8,2.0,0.0
EPG(PB08)_L2,EPG(PB08)_R4,0,0,0.0,0.0
EPG(PB08)_L2,EPG(PB08)_R3,0,0,0.0,0.0
EPG(PB08)_L2,EPG(PB08)_L6,3,3,1.0,0.0
EPG(PB08)_L2,EPG(PB08)_L1,7,21,3.0,2.581988897471611
EPG(PB08)_L2,EPG(PB08)_R2,0,0,0.0,0.0
EPG(PB08)_L2,EPG(PB08)_L4,5,5,1.0,0.0
EPG(PB08)_L2,EPG(PB08)_R5,0,0,0.0,0.0
EPG(PB08)_L2,EPG(PB08)_L5,0,0,0.0,0.0
EPG(PB08)_L2,EPG(PB08)_R6,2,2,1.0,0.0
EPG(PB08)_L2,EPG(PB08)_R7,6,116,19.333333333333332,10.385887861259945
EPG(PB08)_L2,EPG(PB08)_L7,0,0,0.0,0.0
EPG(PB08)_L2,EPG(PB08)_L8,2,3,1.5,0.7071067811865476
EPG(PB08)_L2,EPG(PB08)_R8,8,133,16.625,11.236897131453022
EPG(PB08)_L2,EPG(PB08)_R1,2,2,1.0,0.0
EPG(PB08)_L2,Delta7(PB15)_L6R3_L,10,189,18.9,4.2282121254470875
EPG(PB08)_L2,Delta7(PB15)_L5R4_L,10,197,19.7,3.973523485382827
EPG(PB08)_L2,Delta7(PB15)_L4R5_R,10,131,13.1,5.858517066820085
EPG(PB08)_L2,Delta7(PB15)_L1L9R8_R,3,5,1.6666666666666667,0.5773502691896257
EPG(PB08)_L2,Delta7(PB15)_L8R1R9_L,10,35,3.5,2.0682789409984763
EPG(PB08)_L2,Delta7(PB15)_L3R6_R,6,11,1.8333333333333333,0.983192080250175
EPG(PB08)_L2,Delta7(PB15)_L7R2_L,6,88,14.666666666666666,5.501514942874069
EPG(PB08)_L2,Delta7(PB15)_L2R7_R,8,24,3.0,1.6035674514745464
EPG(PB08)_L2,PEG(PB07)_R1,0,0,0.0,0.0
EPG(PB08)_L2,PEG(PB07)_L5,1,2,2.0,0.0
EPG(PB08)_L2,PEG(PB07)_L6,2,11,5.5,2.1213203435596424
EPG(PB08)_L2,PEG(PB07)_R6,0,0,0.0,0.0
EPG(PB08)_L2,PEG(PB07)_R4,0,0,0.0,0.0
EPG(PB08)_L2,PEG(PB07)_L4,2,10,5.0,1.4142135623730951
EPG(PB08)_L2,PEG(PB07)_R2,0,0,0.0,0.0
EPG(PB08)_L2,PEG(PB07)_R3,0,0,0.0,0.0
EPG(PB08)_L2,PEG(PB07)_L3,1,1,1.0,0.0
EPG(PB08)_L2,PEG(PB07)_R7,0,0,0.0,0.0
EPG(PB08)_L2,PEG(PB07)_L7,0,0,0.0,0.0
EPG(PB08)_L2,PEG(PB07)_L8,2,4,2.0,0.0
EPG(PB08)_L2,PEG(PB07)_R9,0,0,0.0,0.0
EPG(PB08)_L2,PEG(PB07)_L1,0,0,0.0,0.0
EPG(PB08)_L2,PEG(PB07)_L2,6,260,43.333333333333336,54.5551708517778
EPG(PB08)_L2,PEG(PB07)_L9,1,1,1.0,0.0
EPG(PB08)_L2,PEG(PB07)_R5,0,0,0.0,0.0
EPG(PB08)_L2,PEG(PB07)_R8,2,10,5.0,1.4142135623730951
EPG(PB08)_L2,PEN_a(PB06a)_L7,0,0,0.0,0.0
EPG(PB08)_L2,PEN_a(PB06a)_R4,0,0,0.0,0.0
EPG(PB08)_L2,PEN_a(PB06a)_R3,0,0,0.0,0.0
EPG(PB08)_L2,PEN_a(PB06a)_L2,4,78,19.5,19.739976359323904
EPG(PB08)_L2,PEN_a(PB06a)_R6,0,0,0.0,0.0
EPG(PB08)_L2,PEN_a(PB06a)_L6,0,0,0.0,0.0
EPG(PB08)_L2,PEN_a(PB06a)_L4,4,37,9.25,7.41057802513857
EPG(PB08)_L2,PEN_a(PB06a)_R5,0,0,0.0,0.0
EPG(PB08)_L2,PEN_a(PB06a)_R2,2,7,3.5,3.5355339059327378
EPG(PB08)_L2,PEN_a(PB06a)_R7,0,0,0.0,0.0
EPG(PB08)_L2,PEN_a(PB06a)_R8,2,23,11.5,9.192388155425117
EPG(PB08)_L2,PEN_a(PB06a)_L8,0,0,0.0,0.0
EPG(PB08)_L2,PEN_a(PB06a)_R9,2,49,24.5,10.606601717798213
EPG(PB08)_L2,PEN_a(PB06a)_L9,0,0,0.0,0.0
EPG(PB08)_L2,PEN_a(PB06a)_L3,2,46,23.0,15.556349186104045
EPG(PB08)_L2,PEN_a(PB06a)_L5,0,0,0.0,0.0
EPG(PB08)_L2,PEN_b(PB06b)_L4,4,9,2.25,1.2583057392117916
EPG(PB08)_L2,PEN_b(PB06b)_R4,0,0,0.0,0.0
EPG(PB08)_L2,PEN_b(PB06b)_L6,0,0,0.0,0.0
EPG(PB08)_L2,PEN_b(PB06b)_R7,0,0,0.0,0.0
EPG(PB08)_L2,PEN_b(PB06b)_R2,0,0,0.0,0.0
EPG(PB08)_L2,PEN_b(PB06b)_R5,0,0,0.0,0.0
EPG(PB08)_L2,PEN_b(PB06b)_R6,0,0,0.0,0.0
EPG(PB08)_L2,PEN_b(PB06b)_R3,0,0,0.0,0.0
EPG(PB08)_L2,PEN_b(PB06b)_R8,2,14,7.0,0.0
EPG(PB08)_L2,PEN_b(PB06b)_R9,4,98,24.5,6.454972243679028
EPG(PB08)_L2,PEN_b(PB06b)_L9,0,0,0.0,0.0
EPG(PB08)_L2,PEN_b(PB06b)_L7,0,0,0.0,0.0
EPG(PB08)_L2,PEN_b(PB06b)_L8,0,0,0.0,0.0
EPG(PB08)_L2,PEN_b(PB06b)_L5,0,0,0.0,0.0
EPG(PB08)_L2,PEN_b(PB06b)_L2,3,62,20.666666666666668,19.03505538035898
EPG(PB08)_L2,PEN_b(PB06b)_L3,2,67,33.5,17.67766952966369
EPG(PB08)_R6,EPG(PB08)_L3,9,135,15.0,12.62933094031509
EPG(PB08)_R6,EPG(PB08)_R4,1,1,1.0,0.0
EPG(PB08)_R6,EPG(PB08)_R3,0,0,0.0,0.0
EPG(PB08)_R6,EPG(PB08)_L6,0,0,0.0,0.0
EPG(PB08)_R6,EPG(PB08)_L1,0,0,0.0,0.0
EPG(PB08)_R6,EPG(PB08)_R2,0,0,0.0,0.0
EPG(PB08)_R6,EPG(PB08)_L4,9,138,15.333333333333334,11.445523142259598
EPG(PB08)_R6,EPG(PB08)_R5,8,17,2.125,1.246423454758225
EPG(PB08)_R6,EPG(PB08)_L5,2,2,1.0,0.0
EPG(PB08)_R6,EPG(PB08)_L2,2,4,2.0,0.0
EPG(PB08)_R6,EPG(PB08)_R7,6,27,4.5,2.16794833886788
EPG(PB08)_R6,EPG(PB08)_L7,0,0,0.0,0.0
EPG(PB08)_R6,EPG(PB08)_L8,0,0,0.0,0.0
EPG(PB08)_R6,EPG(PB08)_R8,1,1,1.0,0.0
EPG(PB08)_R6,EPG(PB08)_R1,0,0,0.0,0.0
EPG(PB08)_R6,Delta7(PB15)_L6R3_L,15,184,12.266666666666667,4.1656189158852435
EPG(PB08)_R6,Delta7(PB15)_L5R4_L,14,95,6.785714285714286,4.353222880872222
EPG(PB08)_R6,Delta7(PB15)_L4R5_R,10,15,1.5,0.7071067811865476
EPG(PB08)_R6,Delta7(PB15)_L1L9R8_R,15,150,10.0,4.65985898008574
EPG(PB08)_R6,Delta7(PB15)_L8R1R9_L,15,305,20.333333333333332,5.313952882562588
EPG(PB08)_R6,Delta7(PB15)_L3R6_R,9,15,1.6666666666666667,1.0
EPG(PB08)_R6,Delta7(PB15)_L7R2_L,9,106,11.777777777777779,4.437842318564782
EPG(PB08)_R6,Delta7(PB15)_L2R7_R,13,34,2.6153846153846154,1.2608503439122305
EPG(PB08)_R6,PEG(PB07)_R1,0,0,0.0,0.0
EPG(PB08)_R6,PEG(PB07)_L5,0,0,0.0,0.0
EPG(PB08)_R6,PEG(PB07)_L6,0,0,0.0,0.0
EPG(PB08)_R6,PEG(PB07)_R6,6,293,48.833333333333336,33.93768799825154
EPG(PB08)_R6,PEG(PB07)_R4,0,0,0.0,0.0
EPG(PB08)_R6,PEG(PB07)_L4,3,16,5.333333333333333,4.932882862316247
EPG(PB08)_R6,PEG(PB07)_R2,0,0,0.0,0.0
EPG(PB08)_R6,PEG(PB07)_R3,0,0,0.0,0.0
EPG(PB08)_R6,PEG(PB07)_L3,1,1,1.0,0.0
EPG(PB08)_R6,PEG(PB07)_R7,1,1,1.0,0.0
EPG(PB08)_R6,PEG(PB07)_L7,0,0,0.0,0.0
EPG(PB08)_R6,PEG(PB07)_L8,0,0,0.0,0.0
EPG(PB08)_R6,PEG(PB07)_R9,0,0,0.0,0.0
EPG(PB08)_R6,PEG(PB07)_L1,0,0,0.0,0.0
EPG(PB08)_R6,PEG(PB07)_L2,0,0,0.0,0.0
EPG(PB08)_R6,PEG(PB07)_L9,0,0,0.0,0.0
EPG(PB08)_R6,PEG(PB07)_R5,0,0,0.0,0.0
EPG(PB08)_R6,PEG(PB07)_R8,0,0,0.0,0.0
EPG(PB08)_R6,PEN_a(PB06a)_L7,0,0,0.0,0.0
EPG(PB08)_R6,PEN_a(PB06a)_R4,0,0,0.0,0.0
EPG(PB08)_R6,PEN_a(PB06a)_R3,0,0,0.0,0.0
EPG(PB08)_R6,PEN_a(PB06a)_L2,0,0,0.0,0.0
EPG(PB08)_R6,PEN_a(PB06a)_R6,10,125,12.5,11.01766258735894
EPG(PB08)_R6,PEN_a(PB06a)_L6,6,10,1.6666666666666667,0.816496580927726
EPG(PB08)_R6,PEN_a(PB06a)_L4,5,35,7.0,3.1622776601683795
EPG(PB08)_R6,PEN_a(PB06a)_R5,3,4,1.3333333333333333,0.5773502691896257
EPG(PB08)_R6,PEN_a(PB06a)_R2,0,0,0.0,0.0
EPG(PB08)_R6,PEN_a(PB06a)_R7,4,63,15.75,10.812801055539063
EPG(PB08)_R6,PEN_a(PB06a)_R8,3,34,11.333333333333334,10.96965511460289
EPG(PB08)_R6,PEN_a(PB06a)_L8,0,0,0.0,0.0
EPG(PB08)_R6,PEN_a(PB06a)_R9,1,1,1.0,0.0
EPG(PB08)_R6,PEN_a(PB06a)_L9,0,0,0.0,0.0
EPG(PB08)_R6,PEN_a(PB06a)_L3,1,1,1.0,0.0
EPG(PB08)_R6,PEN_a(PB06a)_L5,3,72,24.0,2.0
EPG(PB08)_R6,PEN_b(PB06b)_L4,5,20,4.0,4.242640687119285
EPG(PB08)_R6,PEN_b(PB06b)_R4,0,0,0.0,0.0
EPG(PB08)_R6,PEN_b(PB06b)_L6,0,0,0.0,0.0
EPG(PB08)_R6,PEN_b(PB06b)_R7,3,77,25.666666666666668,8.144527815247077
EPG(PB08)_R6,PEN_b(PB06b)_R2,0,0,0.0,0.0
EPG(PB08)_R6,PEN_b(PB06b)_R5,2,2,1.0,0.0
EPG(PB08)_R6,PEN_b(PB06b)_R6,6,167,27.833333333333332,8.773064838850027
EPG(PB08)_R6,PEN_b(PB06b)_R3,0,0,0.0,0.0
EPG(PB08)_R6,PEN_b(PB06b)_R8,3,13,4.333333333333333,3.511884584284246
EPG(PB08)_R6,PEN_b(PB06b)_R9,0,0,0.0,0.0
EPG(PB08)_R6,PEN_b(PB06b)_L9,0,0,0.0,0.0
EPG(PB08)_R6,PEN_b(PB06b)_L7,0,0,0.0,0.0
EPG(PB08)_R6,PEN_b(PB06b)_L8,0,0,0.0,0.0
EPG(PB08)_R6,PEN_b(PB06b)_L5,3,79,26.333333333333332,8.144527815247077
EPG(PB08)_R6,PEN_b(PB06b)_L2,0,0,0.0,0.0
EPG(PB08)_R6,PEN_b(PB06b)_L3,0,0,0.0,0.0
EPG(PB08)_R7,EPG(PB08)_L3,9,178,19.77777777777778,14.368174708168203
EPG(PB08)_R7,EPG(PB08)_R4,0,0,0.0,0.0
EPG(PB08)_R7,EPG(PB08)_R3,0,0,0.0,0.0
EPG(PB08)_R7,EPG(PB08)_L6,0,0,0.0,0.0
EPG(PB08)_R7,EPG(PB08)_L1,1,2,2.0,0.0
EPG(PB08)_R7,EPG(PB08)_R2,0,0,0.0,0.0
EPG(PB08)_R7,EPG(PB08)_L4,3,6,2.0,1.0
EPG(PB08)_R7,EPG(PB08)_R5,0,0,0.0,0.0
EPG(PB08)_R7,EPG(PB08)_L5,0,0,0.0,0.0
EPG(PB08)_R7,EPG(PB08)_L2,6,160,26.666666666666668,19.294213294837046
EPG(PB08)_R7,EPG(PB08)_R6,6,22,3.6666666666666665,1.632993161855452
EPG(PB08)_R7,EPG(PB08)_L7,0,0,0.0,0.0
EPG(PB08)_R7,EPG(PB08)_L8,0,0,0.0,0.0
EPG(PB08)_R7,EPG(PB08)_R8,8,41,5.125,3.3567628964311944
EPG(PB08)_R7,EPG(PB08)_R1,1,1,1.0,0.0
EPG(PB08)_R7,Delta7(PB15)_L6R3_L,15,164,10.933333333333334,5.00666222813829
EPG(PB08)_R7,Delta7(PB15)_L5R4_L,15,171,11.4,4.371988759624814
EPG(PB08)_R7,Delta7(PB15)_L4R5_R,15,81,5.4,2.947153590452029
EPG(PB08)_R7,Delta7(PB15)_L1L9R8_R,9,32,3.5555555555555554,2.5055493963954847
EPG(PB08)_R7,Delta7(PB15)_L8R1R9_L,15,199,13.266666666666667,6.158231038521494
EPG(PB08)_R7,Delta7(PB15)_L3R6_R,12,26,2.1666666666666665,1.4668044012461756
EPG(PB08)_R7,Delta7(PB15)_L7R2_L,9,88,9.777777777777779,5.607534613753574
EPG(PB08)_R7,Delta7(PB15)_L2R7_R,14,47,3.357142857142857,1.4468609447374663
EPG(PB08)_R7,PEG(PB07)_R1,0,0,0.0,0.0
EPG(PB08)_R7,PEG(PB07)_L5,0,0,0.0,0.0
EPG(PB08)_R7,PEG(PB07)_L6,0,0,0.0,0.0
EPG(PB08)_R7,PEG(PB07)_R6,2,14,7.0,1.4142135623730951
EPG(PB08)_R7,PEG(PB07)_R4,0,0,0.0,0.0
EPG(PB08)_R7,PEG(PB07)_L4,0,0,0.0,0.0
EPG(PB08)_R7,PEG(PB07)_R2,0,0,0.0,0.0
EPG(PB08)_R7,PEG(PB07)_R3,0,0,0.0,0.0
EPG(PB08)_R7,PEG(PB07)_L3,3,15,5.0,2.0
EPG(PB08)_R7,PEG(PB07)_R7,6,268,44.666666666666664,40.11317323108042
EPG(PB08)_R7,PEG(PB07)_L7,0,0,0.0,0.0
EPG(PB08)_R7,PEG(PB07)_L8,0,0,0.0,0.0
EPG(PB08)_R7,PEG(PB07)_R9,0,0,0.0,0.0
EPG(PB08)_R7,PEG(PB07)_L1,0,0,0.0,0.0
EPG(PB08)_R7,PEG(PB07)_L2,3,19,6.333333333333333,7.571877794400365
EPG(PB08)_R7,PEG(PB07)_L9,0,0,0.0,0.0
EPG(PB08)_R7,PEG(PB07)_R5,0,0,0.0,0.0
EPG(PB08)_R7,PEG(PB07)_R8,3,17,5.666666666666667,4.163331998932265
EPG(PB08)_R7,PEN_a(PB06a)_L7,0,0,0.0,0.0
EPG(PB08)_R7,PEN_a(PB06a)_R4,0,0,0.0,0.0
EPG(PB08)_R7,PEN_a(PB06a)_R3,0,0,0.0,0.0
EPG(PB08)_R7,PEN_a(PB06a)_L2,1,1,1.0,0.0
EPG(PB08)_R7,PEN_a(PB06a)_R6,2,3,1.5,0.7071067811865476
EPG(PB08)_R7,PEN_a(PB06a)_L6,0,0,0.0,0.0
EPG(PB08)_R7,PEN_a(PB06a)_L4,6,89,14.833333333333334,2.48327740429189
EPG(PB08)_R7,PEN_a(PB06a)_R5,0,0,0.0,0.0
EPG(PB08)_R7,PEN_a(PB06a)_R2,2,4,2.0,0.0
EPG(PB08)_R7,PEN_a(PB06a)_R7,5,108,21.6,18.88915032498815
EPG(PB08)_R7,PEN_a(PB06a)_R8,4,89,22.25,14.407752542757436
EPG(PB08)_R7,PEN_a(PB06a)_L8,0,0,0.0,0.0
EPG(PB08)_R7,PEN_a(PB06a)_R9,3,31,10.333333333333334,6.027713773341708
EPG(PB08)_R7,PEN_a(PB06a)_L9,0,0,0.0,0.0
EPG(PB08)_R7,PEN_a(PB06a)_L3,3,47,15.666666666666666,9.504384952922168
EPG(PB08)_R7,PEN_a(PB06a)_L5,2,2,1.0,0.0
EPG(PB08)_R7,PEN_b(PB06b)_L4,6,102,17.0,9.143303560529969
EPG(PB08)_R7,PEN_b(PB06b)_R4,0,0,0.0,0.0
EPG(PB08)_R7,PEN_b(PB06b)_L6,0,0,0.0,0.0
EPG(PB08)_R7,PEN_b(PB06b)_R7,3,125,41.666666666666664,14.364307617610162
EPG(PB08)_R7,PEN_b(PB06b)_R2,0,0,0.0,0.0
EPG(PB08)_R7,PEN_b(PB06b)_R5,0,0,0.0,0.0
EPG(PB08)_R7,PEN_b(PB06b)_R6,2,3,1.5,0.7071067811865476
EPG(PB08)_R7,PEN_b(PB06b)_R3,0,0,0.0,0.0
EPG(PB08)_R7,PEN_b(PB06b)_R8,4,78,19.5,15.198684153570664
EPG(PB08)_R7,PEN_b(PB06b)_R9,3,21,7.0,5.5677643628300215
EPG(PB08)_R7,PEN_b(PB06b)_L9,0,0,0.0,0.0
EPG(PB08)_R7,PEN_b(PB06b)_L7,0,0,0.0,0.0
EPG(PB08)_R7,PEN_b(PB06b)_L8,0,0,0.0,0.0
EPG(PB08)_R7,PEN_b(PB06b)_L5,0,0,0.0,0.0
EPG(PB08)_R7,PEN_b(PB06b)_L2,0,0,0.0,0.0
EPG(PB08)_R7,PEN_b(PB06b)_L3,3,26,8.666666666666666,11.590225767142472
EPG(PB08)_L7,EPG(PB08)_L3,8,13,1.625,0.9161253813129043
EPG(PB08)_L7,EPG(PB08)_R4,4,7,1.75,0.9574271077563381
EPG(PB08)_L7,EPG(PB08)_R3,9,95,10.555555555555555,5.570258322356135
EPG(PB08)_L7,EPG(PB08)_L6,5,15,3.0,1.4142135623730951
EPG(PB08)_L7,EPG(PB08)_L1,3,3,1.0,0.0
EPG(PB08)_L7,EPG(PB08)_R2,6,104,17.333333333333332,12.452576707921404
EPG(PB08)_L7,EPG(PB08)_L4,1,1,1.0,0.0
EPG(PB08)_L7,EPG(PB08)_R5,0,0,0.0,0.0
EPG(PB08)_L7,EPG(PB08)_L5,7,9,1.2857142857142858,0.4879500364742666
EPG(PB08)_L7,EPG(PB08)_L2,1,1,1.0,0.0
EPG(PB08)_L7,EPG(PB08)_R6,0,0,0.0,0.0
EPG(PB08)_L7,EPG(PB08)_R7,0,0,0.0,0.0
EPG(PB08)_L7,EPG(PB08)_L8,9,42,4.666666666666667,3.7080992435478315
EPG(PB08)_L7,EPG(PB08)_R8,0,0,0.0,0.0
EPG(PB08)_L7,EPG(PB08)_R1,3,4,1.3333333333333333,0.5773502691896257
EPG(PB08)_L7,Delta7(PB15)_L6R3_L,9,20,2.2222222222222223,1.922093765778466
EPG(PB08)_L7,Delta7(PB15)_L5R4_L,14,101,7.214285714285714,4.9950524972766255
EPG(PB08)_L7,Delta7(PB15)_L4R5_R,15,163,10.866666666666667,4.882427187178037
EPG(PB08)_L7,Delta7(PB15)_L1L9R8_R,14,147,10.5,6.333670706263834
EPG(PB08)_L7,Delta7(PB15)_L8R1R9_L,13,33,2.5384615384615383,1.8980421761815787
EPG(PB08)_L7,Delta7(PB15)_L3R6_R,12,97,8.083333333333334,3.1466673086799553
EPG(PB08)_L7,Delta7(PB15)_L7R2_L,8,22,2.75,1.4880476182856899
EPG(PB08)_L7,Delta7(PB15)_L2R7_R,14,82,5.857142857142857,2.3157368940873577
EPG(PB08)_L7,PEG(PB07)_R1,0,0,0.0,0.0
EPG(PB08)_L7,PEG(PB07)_L5,3,12,4.0,3.605551275463989
EPG(PB08)_L7,PEG(PB07)_L6,3,13,4.333333333333333,4.041451884327381
EPG(PB08)_L7,PEG(PB07)_R6,0,0,0.0,0.0
EPG(PB08)_L7,PEG(PB07)_R4,0,0,0.0,0.0
EPG(PB08)_L7,PEG(PB07)_L4,1,1,1.0,0.0
EPG(PB08)_L7,PEG(PB07)_R2,3,16,5.333333333333333,4.509249752822894
EPG(PB08)_L7,PEG(PB07)_R3,3,19,6.333333333333333,4.618802153517006
EPG(PB08)_L7,PEG(PB07)_L3,3,20,6.666666666666667,4.618802153517006
EPG(PB08)_L7,PEG(PB07)_R7,0,0,0.0,0.0
EPG(PB08)_L7,PEG(PB07)_L7,9,215,23.88888888888889,23.2886476874702
EPG(PB08)_L7,PEG(PB07)_L8,3,7,2.3333333333333335,1.1547005383792515
EPG(PB08)_L7,PEG(PB07)_R9,0,0,0.0,0.0
EPG(PB08)_L7,PEG(PB07)_L1,3,18,6.0,4.0
EPG(PB08)_L7,PEG(PB07)_L2,2,2,1.0,0.0
EPG(PB08)_L7,PEG(PB07)_L9,3,19,6.333333333333333,5.507570547286102
EPG(PB08)_L7,PEG(PB07)_R5,0,0,0.0,0.0
EPG(PB08)_L7,PEG(PB07)_R8,0,0,0.0,0.0
EPG(PB08)_L7,PEN_a(PB06a)_L7,5,55,11.0,7.516648189186454
EPG(PB08)_L7,PEN_a(PB06a)_R4,6,106,17.666666666666668,8.382521498133283
EPG(PB08)_L7,PEN_a(PB06a)_R3,3,45,15.0,18.35755975068582
EPG(PB08)_L7,PEN_a(PB06a)_L2,1,1,1.0,0.0
EPG(PB08)_L7,PEN_a(PB06a)_R6,0,0,0.0,0.0
EPG(PB08)_L7,PEN_a(PB06a)_L6,0,0,0.0,0.0
EPG(PB08)_L7,PEN_a(PB06a)_L4,0,0,0.0,0.0
EPG(PB08)_L7,PEN_a(PB06a)_R5,3,8,2.6666666666666665,0.5773502691896257
EPG(PB08)_L7,PEN_a(PB06a)_R2,0,0,0.0,0.0
EPG(PB08)_L7,PEN_a(PB06a)_R7,0,0,0.0,0.0
EPG(PB08)_L7,PEN_a(PB06a)_R8,0,0,0.0,0.0
EPG(PB08)_L7,PEN_a(PB06a)_L8,3,57,19.0,10.816653826391969
EPG(PB08)_L7,PEN_a(PB06a)_R9,0,0,0.0,0.0
EPG(PB08)_L7,PEN_a(PB06a)_L9,3,35,11.666666666666666,10.96965511460289
EPG(PB08)_L7,PEN_a(PB06a)_L3,0,0,0.0,0.0
EPG(PB08)_L7,PEN_a(PB06a)_L5,0,0,0.0,0.0
EPG(PB08)_L7,PEN_b(PB06b)_L4,0,0,0.0,0.0
EPG(PB08)_L7,PEN_b(PB06b)_R4,6,135,22.5,10.578279633286312
EPG(PB08)_L7,PEN_b(PB06b)_L6,1,2,2.0,0.0
EPG(PB08)_L7,PEN_b(PB06b)_R7,0,0,0.0,0.0
EPG(PB08)_L7,PEN_b(PB06b)_R2,0,0,0.0,0.0
EPG(PB08)_L7,PEN_b(PB06b)_R5,0,0,0.0,0.0
EPG(PB08)_L7,PEN_b(PB06b)_R6,0,0,0.0,0.0
EPG(PB08)_L7,PEN_b(PB06b)_R3,3,28,9.333333333333334,7.505553499465135
EPG(PB08)_L7,PEN_b(PB06b)_R8,0,0,0.0,0.0
EPG(PB08)_L7,PEN_b(PB06b)_R9,0,0,0.0,0.0
EPG(PB08)_L7,PEN_b(PB06b)_L9,5,22,4.4,2.701851217221259
EPG(PB08)_L7,PEN_b(PB06b)_L7,3,61,20.333333333333332,13.051181300301261
EPG(PB08)_L7,PEN_b(PB06b)_L8,3,65,21.666666666666668,10.115993936995679
EPG(PB08)_L7,PEN_b(PB06b)_L5,0,0,0.0,0.0
EPG(PB08)_L7,PEN_b(PB06b)_L2,0,0,0.0,0.0
EPG(PB08)_L7,PEN_b(PB06b)_L3,0,0,0.0,0.0
EPG(PB08)_L8,EPG(PB08)_L3,2,2,1.0,0.0
EPG(PB08)_L8,EPG(PB08)_R4,1,1,1.0,0.0
EPG(PB08)_L8,EPG(PB08)_R3,5,7,1.4,0.5477225575051661
EPG(PB08)_L8,EPG(PB08)_L6,5,7,1.4,0.8944271909999159
EPG(PB08)_L8,EPG(PB08)_L1,5,12,2.4,2.1908902300206643
EPG(PB08)_L8,EPG(PB08)_R2,8,140,17.5,10.099504938362077
EPG(PB08)_L8,EPG(PB08)_L4,4,6,1.5,0.5773502691896257
EPG(PB08)_L8,EPG(PB08)_R5,0,0,0.0,0.0
EPG(PB08)_L8,EPG(PB08)_L5,1,1,1.0,0.0
EPG(PB08)_L8,EPG(PB08)_L2,3,4,1.3333333333333333,0.5773502691896257
EPG(PB08)_L8,EPG(PB08)_R6,0,0,0.0,0.0
EPG(PB08)_L8,EPG(PB08)_R7,0,0,0.0,0.0
EPG(PB08)_L8,EPG(PB08)_L7,11,47,4.2727272727272725,2.796101181678127
EPG(PB08)_L8,EPG(PB08)_R8,5,6,1.2,0.4472135954999579
EPG(PB08)_L8,EPG(PB08)_R1,8,148,18.5,18.39254507363552
EPG(PB08)_L8,Delta7(PB15)_L6R3_L,14,60,4.285714285714286,2.6726124191242437
EPG(PB08)_L8,Delta7(PB15)_L5R4_L,20,233,11.65,5.47986745901952
EPG(PB08)_L8,Delta7(PB15)_L4R5_R,20,210,10.5,3.236307187293307
EPG(PB08)_L8,Delta7(PB15)_L1L9R8_R,14,26,1.8571428571428572,1.6574838603294897
EPG(PB08)_L8,Delta7(PB15)_L8R1R9_L,18,48,2.6666666666666665,1.4552137502179978
EPG(PB08)_L8,Delta7(PB15)_L3R6_R,16,136,8.5,3.8297084310253524
EPG(PB08)_L8,Delta7(PB15)_L7R2_L,8,16,2.0,1.6035674514745464
EPG(PB08)_L8,Delta7(PB15)_L2R7_R,20,96,4.8,3.5333002315562982
EPG(PB08)_L8,PEG(PB07)_R1,1,2,2.0,0.0
EPG(PB08)_L8,PEG(PB07)_L5,2,2,1.0,0.0
EPG(PB08)_L8,PEG(PB07)_L6,4,30,7.5,3.415650255319866
EPG(PB08)_L8,PEG(PB07)_R6,0,0,0.0,0.0
EPG(PB08)_L8,PEG(PB07)_R4,0,0,0.0,0.0
EPG(PB08)_L8,PEG(PB07)_L4,4,23,5.75,2.0615528128088303
EPG(PB08)_L8,PEG(PB07)_R2,4,47,11.75,8.381527307120106
EPG(PB08)_L8,PEG(PB07)_R3,0,0,0.0,0.0
EPG(PB08)_L8,PEG(PB07)_L3,1,1,1.0,0.0
EPG(PB08)_L8,PEG(PB07)_R7,0,0,0.0,0.0
EPG(PB08)_L8,PEG(PB07)_L7,3,3,1.0,0.0
EPG(PB08)_L8,PEG(PB07)_L8,12,253,21.083333333333332,19.114289435028983
EPG(PB08)_L8,PEG(PB07)_R9,0,0,0.0,0.0
EPG(PB08)_L8,PEG(PB07)_L1,1,1,1.0,0.0
EPG(PB08)_L8,PEG(PB07)_L2,4,17,4.25,1.707825127659933
EPG(PB08)_L8,PEG(PB07)_L9,4,10,2.5,1.9148542155126762
EPG(PB08)_L8,PEG(PB07)_R5,0,0,0.0,0.0
EPG(PB08)_L8,PEG(PB07)_R8,0,0,0.0,0.0
EPG(PB08)_L8,PEN_a(PB06a)_L7,1,1,1.0,0.0
EPG(PB08)_L8,PEN_a(PB06a)_R4,5,11,2.2,0.8366600265340756
EPG(PB08)_L8,PEN_a(PB06a)_R3,4,122,30.5,9.983319421247959
EPG(PB08)_L8,PEN_a(PB06a)_L2,4,35,8.75,5.852349955359813
EPG(PB08)_L8,PEN_a(PB06a)_R6,0,0,0.0,0.0
EPG(PB08)_L8,PEN_a(PB06a)_L6,0,0,0.0,0.0
EPG(PB08)_L8,PEN_a(PB06a)_L4,0,0,0.0,0.0
EPG(PB08)_L8,PEN_a(PB06a)_R5,0,0,0.0,0.0
EPG(PB08)_L8,PEN_a(PB06a)_R2,4,23,5.75,4.573474244670748
EPG(PB08)_L8,PEN_a(PB06a)_R7,0,0,0.0,0.0
EPG(PB08)_L8,PEN_a(PB06a)_R8,0,0,0.0,0.0
EPG(PB08)_L8,PEN_a(PB06a)_L8,7,74,10.571428571428571,8.885515232803384
EPG(PB08)_L8,PEN_a(PB06a)_R9,1,1,1.0,0.0
EPG(PB08)_L8,PEN_a(PB06a)_L9,4,104,26.0,8.524474568362947
EPG(PB08)_L8,PEN_a(PB06a)_L3,1,1,1.0,0.0
EPG(PB08)_L8,PEN_a(PB06a)_L5,0,0,0.0,0.0
EPG(PB08)_L8,PEN_b(PB06b)_L4,0,0,0.0,0.0
EPG(PB08)_L8,PEN_b(PB06b)_R4,0,0,0.0,0.0
EPG(PB08)_L8,PEN_b(PB06b)_L6,0,0,0.0,0.0
EPG(PB08)_L8,PEN_b(PB06b)_R7,0,0,0.0,0.0
EPG(PB08)_L8,PEN_b(PB06b)_R2,3,30,10.0,10.14889156509222
EPG(PB08)_L8,PEN_b(PB06b)_R5,0,0,0.0,0.0
EPG(PB08)_L8,PEN_b(PB06b)_R6,0,0,0.0,0.0
EPG(PB08)_L8,PEN_b(PB06b)_R3,4,107,26.75,6.238322424070967
EPG(PB08)_L8,PEN_b(PB06b)_R8,0,0,0.0,0.0
EPG(PB08)_L8,PEN_b(PB06b)_R9,0,0,0.0,0.0
EPG(PB08)_L8,PEN_b(PB06b)_L9,10,176,17.6,9.118966803073446
EPG(PB08)_L8,PEN_b(PB06b)_L7,0,0,0.0,0.0
EPG(PB08)_L8,PEN_b(PB06b)_L8,4,78,19.5,7.416198487095663
EPG(PB08)_L8,PEN_b(PB06b)_L5,0,0,0.0,0.0
EPG(PB08)_L8,PEN_b(PB06b)_L2,3,14,4.666666666666667,5.507570547286102
EPG(PB08)_L8,PEN_b(PB06b)_L3,0,0,0.0,0.0
EPG(PB08)_R8,EPG(PB08)_L3,4,5,1.25,0.5
EPG(PB08)_R8,EPG(PB08)_R4,0,0,0.0,0.0
EPG(PB08)_R8,EPG(PB08)_R3,0,0,0.0,0.0
EPG(PB08)_R8,EPG(PB08)_L6,0,0,0.0,0.0
EPG(PB08)_R8,EPG(PB08)_L1,8,122,15.25,13.220654835737687
EPG(PB08)_R8,EPG(PB08)_R2,0,0,0.0,0.0
EPG(PB08)_R8,EPG(PB08)_L4,0,0,0.0,0.0
EPG(PB08)_R8,EPG(PB08)_R5,0,0,0.0,0.0
EPG(PB08)_R8,EPG(PB08)_L5,0,0,0.0,0.0
EPG(PB08)_R8,EPG(PB08)_L2,8,139,17.375,11.01865301594139
EPG(PB08)_R8,EPG(PB08)_R6,0,0,0.0,0.0
EPG(PB08)_R8,EPG(PB08)_R7,10,32,3.2,1.9321835661585918
EPG(PB08)_R8,EPG(PB08)_L7,0,0,0.0,0.0
EPG(PB08)_R8,EPG(PB08)_L8,1,2,2.0,0.0
EPG(PB08)_R8,EPG(PB08)_R1,5,14,2.8,2.04939015319192
EPG(PB08)_R8,Delta7(PB15)_L6R3_L,20,168,8.4,3.8030458707116384
EPG(PB08)_R8,Delta7(PB15)_L5R4_L,20,285,14.25,4.265837364580679
EPG(PB08)_R8,Delta7(PB15)_L4R5_R,20,238,11.9,5.169750070310332
EPG(PB08)_R8,Delta7(PB15)_L1L9R8_R,19,63,3.3157894736842106,2.2124052165246004
EPG(PB08)_R8,Delta7(PB15)_L8R1R9_L,9,25,2.7777777777777777,1.855921454276674
EPG(PB08)_R8,Delta7(PB15)_L3R6_R,16,113,7.0625,3.73217988133834
EPG(PB08)_R8,Delta7(PB15)_L7R2_L,12,92,7.666666666666667,3.4200832880164915
EPG(PB08)_R8,Delta7(PB15)_L2R7_R,12,28,2.3333333333333335,1.2309149097933274
EPG(PB08)_R8,PEG(PB07)_R1,0,0,0.0,0.0
EPG(PB08)_R8,PEG(PB07)_L5,0,0,0.0,0.0
EPG(PB08)_R8,PEG(PB07)_L6,0,0,0.0,0.0
EPG(PB08)_R8,PEG(PB07)_R6,0,0,0.0,0.0
EPG(PB08)_R8,PEG(PB07)_R4,0,0,0.0,0.0
EPG(PB08)_R8,PEG(PB07)_L4,0,0,0.0,0.0
EPG(PB08)_R8,PEG(PB07)_R2,0,0,0.0,0.0
EPG(PB08)_R8,PEG(PB07)_R3,0,0,0.0,0.0
EPG(PB08)_R8,PEG(PB07)_L3,0,0,0.0,0.0
EPG(PB08)_R8,PEG(PB07)_R7,0,0,0.0,0.0
EPG(PB08)_R8,PEG(PB07)_L7,0,0,0.0,0.0
EPG(PB08)_R8,PEG(PB07)_L8,0,0,0.0,0.0
EPG(PB08)_R8,PEG(PB07)_R9,5,13,2.6,1.816590212458495
EPG(PB08)_R8,PEG(PB07)_L1,0,0,0.0,0.0
EPG(PB08)_R8,PEG(PB07)_L2,4,27,6.75,4.031128874149275
EPG(PB08)_R8,PEG(PB07)_L9,0,0,0.0,0.0
EPG(PB08)_R8,PEG(PB07)_R5,0,0,0.0,0.0
EPG(PB08)_R8,PEG(PB07)_R8,8,305,38.125,34.58090926673684
EPG(PB08)_R8,PEN_a(PB06a)_L7,0,0,0.0,0.0
EPG(PB08)_R8,PEN_a(PB06a)_R4,0,0,0.0,0.0
EPG(PB08)_R8,PEN_a(PB06a)_R3,0,0,0.0,0.0
EPG(PB08)_R8,PEN_a(PB06a)_L2,4,27,6.75,4.349329450233296
EPG(PB08)_R8,PEN_a(PB06a)_R6,0,0,0.0,0.0
EPG(PB08)_R8,PEN_a(PB06a)_L6,0,0,0.0,0.0
EPG(PB08)_R8,PEN_a(PB06a)_L4,7,22,3.142857142857143,3.132015933791495
EPG(PB08)_R8,PEN_a(PB06a)_R5,0,0,0.0,0.0
EPG(PB08)_R8,PEN_a(PB06a)_R2,4,35,8.75,5.560275772537426
EPG(PB08)_R8,PEN_a(PB06a)_R7,4,10,2.5,1.2909944487358056
EPG(PB08)_R8,PEN_a(PB06a)_R8,7,126,18.0,16.792855623746664
EPG(PB08)_R8,PEN_a(PB06a)_L8,0,0,0.0,0.0
EPG(PB08)_R8,PEN_a(PB06a)_R9,4,71,17.75,3.2015621187164243
EPG(PB08)_R8,PEN_a(PB06a)_L9,1,1,1.0,0.0
EPG(PB08)_R8,PEN_a(PB06a)_L3,4,77,19.25,5.251983752196243
EPG(PB08)_R8,PEN_a(PB06a)_L5,0,0,0.0,0.0
EPG(PB08)_R8,PEN_b(PB06b)_L4,0,0,0.0,0.0
EPG(PB08)_R8,PEN_b(PB06b)_R4,0,0,0.0,0.0
EPG(PB08)_R8,PEN_b(PB06b)_L6,0,0,0.0,0.0
EPG(PB08)_R8,PEN_b(PB06b)_R7,0,0,0.0,0.0
EPG(PB08)_R8,PEN_b(PB06b)_R2,2,9,4.5,4.949747468305833
EPG(PB08)_R8,PEN_b(PB06b)_R5,0,0,0.0,0.0
EPG(PB08)_R8,PEN_b(PB06b)_R6,0,0,0.0,0.0
EPG(PB08)_R8,PEN_b(PB06b)_R3,0,0,0.0,0.0
EPG(PB08)_R8,PEN_b(PB06b)_R8,4,116,29.0,9.018499505645789
EPG(PB08)_R8,PEN_b(PB06b)_R9,8,150,18.75,5.035587637718447
EPG(PB08)_R8,PEN_b(PB06b)_L9,0,0,0.0,0.0
EPG(PB08)_R8,PEN_b(PB06b)_L7,0,0,0.0,0.0
EPG(PB08)_R8,PEN_b(PB06b)_L8,0,0,0.0,0.0
EPG(PB08)_R8,PEN_b(PB06b)_L5,0,0,0.0,0.0
EPG(PB08)_R8,PEN_b(PB06b)_L2,2,11,5.5,3.5355339059327378
EPG(PB08)_R8,PEN_b(PB06b)_L3,4,111,27.75,3.304037933599835
EPG(PB08)_R1,EPG(PB08)_L3,1,1,1.0,0.0
EPG(PB08)_R1,EPG(PB08)_R4,0,0,0.0,0.0
EPG(PB08)_R1,EPG(PB08)_R3,2,2,1.0,0.0
EPG(PB08)_R1,EPG(PB08)_L6,0,0,0.0,0.0
EPG(PB08)_R1,EPG(PB08)_L1,7,109,15.571428571428571,15.447299039607138
EPG(PB08)_R1,EPG(PB08)_R2,5,12,2.4,1.51657508881031
EPG(PB08)_R1,EPG(PB08)_L4,0,0,0.0,0.0
EPG(PB08)_R1,EPG(PB08)_R5,0,0,0.0,0.0
EPG(PB08)_R1,EPG(PB08)_L5,0,0,0.0,0.0
EPG(PB08)_R1,EPG(PB08)_L2,0,0,0.0,0.0
EPG(PB08)_R1,EPG(PB08)_R6,0,0,0.0,0.0
EPG(PB08)_R1,EPG(PB08)_R7,0,0,0.0,0.0
EPG(PB08)_R1,EPG(PB08)_L7,2,3,1.5,0.7071067811865476
EPG(PB08)_R1,EPG(PB08)_L8,8,142,17.75,14.240284908867318
EPG(PB08)_R1,EPG(PB08)_R8,5,16,3.2,2.16794833886788
EPG(PB08)_R1,Delta7(PB15)_L6R3_L,10,68,6.8,5.692099788303083
EPG(PB08)_R1,Delta7(PB15)_L5R4_L,10,278,27.8,5.391351098441528
EPG(PB08)_R1,Delta7(PB15)_L4R5_R,10,268,26.8,5.202563470700445
EPG(PB08)_R1,Delta7(PB15)_L1L9R8_R,5,7,1.4,0.5477225575051661
EPG(PB08)_R1,Delta7(PB15)_L8R1R9_L,10,44,4.4,2.0655911179772892
EPG(PB08)_R1,Delta7(PB15)_L3R6_R,8,198,24.75,5.650537269018888
EPG(PB08)_R1,Delta7(PB15)_L7R2_L,2,5,2.5,2.1213203435596424
EPG(PB08)_R1,Delta7(PB15)_L2R7_R,8,84,10.5,5.209880722517277
EPG(PB08)_R1,PEG(PB07)_R1,4,231,57.75,47.94701937208054
EPG(PB08)_R1,PEG(PB07)_L5,0,0,0.0,0.0
EPG(PB08)_R1,PEG(PB07)_L6,0,0,0.0,0.0
EPG(PB08)_R1,PEG(PB07)_R6,0,0,0.0,0.0
EPG(PB08)_R1,PEG(PB07)_R4,0,0,0.0,0.0
EPG(PB08)_R1,PEG(PB07)_L4,0,0,0.0,0.0
EPG(PB08)_R1,PEG(PB07)_R2,2,28,14.0,9.899494936611665
EPG(PB08)_R1,PEG(PB07)_R3,0,0,0.0,0.0
EPG(PB08)_R1,PEG(PB07)_L3,0,0,0.0,0.0
EPG(PB08)_R1,PEG(PB07)_R7,0,0,0.0,0.0
EPG(PB08)_R1,PEG(PB07)_L7,0,0,0.0,0.0
EPG(PB08)_R1,PEG(PB07)_L8,1,1,1.0,0.0
EPG(PB08)_R1,PEG(PB07)_R9,1,8,8.0,0.0
EPG(PB08)_R1,PEG(PB07)_L1,4,61,15.25,9.03234926989282
EPG(PB08)_R1,PEG(PB07)_L2,0,0,0.0,0.0
EPG(PB08)_R1,PEG(PB07)_L9,2,14,7.0,1.4142135623730951
EPG(PB08)_R1,PEG(PB07)_R5,0,0,0.0,0.0
EPG(PB08)_R1,PEG(PB07)_R8,0,0,0.0,0.0
EPG(PB08)_R1,PEN_a(PB06a)_L7,0,0,0.0,0.0
EPG(PB08)_R1,PEN_a(PB06a)_R4,2,2,1.0,0.0
EPG(PB08)_R1,PEN_a(PB06a)_R3,2,28,14.0,12.727922061357855
EPG(PB08)_R1,PEN_a(PB06a)_L2,2,53,26.5,0.7071067811865476
EPG(PB08)_R1,PEN_a(PB06a)_R6,0,0,0.0,0.0
EPG(PB08)_R1,PEN_a(PB06a)_L6,0,0,0.0,0.0
EPG(PB08)_R1,PEN_a(PB06a)_L4,0,0,0.0,0.0
EPG(PB08)_R1,PEN_a(PB06a)_R5,0,0,0.0,0.0
EPG(PB08)_R1,PEN_a(PB06a)_R2,4,67,16.75,18.300728582946274
EPG(PB08)_R1,PEN_a(PB06a)_R7,0,0,0.0,0.0
EPG(PB08)_R1,PEN_a(PB06a)_R8,0,0,0.0,0.0
EPG(PB08)_R1,PEN_a(PB06a)_L8,0,0,0.0,0.0
EPG(PB08)_R1,PEN_a(PB06a)_R9,2,8,4.0,2.8284271247461903
EPG(PB08)_R1,PEN_a(PB06a)_L9,2,33,16.5,9.192388155425117
EPG(PB08)_R1,PEN_a(PB06a)_L3,1,4,4.0,0.0
EPG(PB08)_R1,PEN_a(PB06a)_L5,0,0,0.0,0.0
EPG(PB08)_R1,PEN_b(PB06b)_L4,0,0,0.0,0.0
EPG(PB08)_R1,PEN_b(PB06b)_R4,0,0,0.0,0.0
EPG(PB08)_R1,PEN_b(PB06b)_L6,0,0,0.0,0.0
EPG(PB08)_R1,PEN_b(PB06b)_R7,0,0,0.0,0.0
EPG(PB08)_R1,PEN_b(PB06b)_R2,3,82,27.333333333333332,23.459184413217212
EPG(PB08)_R1,PEN_b(PB06b)_R5,0,0,0.0,0.0
EPG(PB08)_R1,PEN_b(PB06b)_R6,0,0,0.0,0.0
EPG(PB08)_R1,PEN_b(PB06b)_R3,1,7,7.0,0.0
EPG(PB08)_R1,PEN_b(PB06b)_R8,0,0,0.0,0.0
EPG(PB08)_R1,PEN_b(PB06b)_R9,0,0,0.0,0.0
EPG(PB08)_R1,PEN_b(PB06b)_L9,3,10,3.3333333333333335,2.0816659994661326
EPG(PB08)_R1,PEN_b(PB06b)_L7,0,0,0.0,0.0
EPG(PB08)_R1,PEN_b(PB06b)_L8,0,0,0.0,0.0
EPG(PB08)_R1,PEN_b(PB06b)_L5,0,0,0.0,0.0
EPG(PB08)_R1,PEN_b(PB06b)_L2,2,83,41.5,7.7781745930520225
EPG(PB08)_R1,PEN_b(PB06b)_L3,0,0,0.0,0.0
Delta7(PB15)_L6R3_L,EPG(PB08)_L3,13,36,2.769230769230769,1.3008872711759818
Delta7(PB15)_L6R3_L,EPG(PB08)_R4,8,59,7.375,6.588680769753099
Delta7(PB15)_L6R3_L,EPG(PB08)_R3,15,292,19.466666666666665,11.531736746082629
Delta7(PB15)_L6R3_L,EPG(PB08)_L6,15,180,12.0,7.91021039994693
Delta7(PB15)_L6R3_L,EPG(PB08)_L1,5,7,1.4,0.5477225575051661
Delta7(PB15)_L6R3_L,EPG(PB08)_R2,9,30,3.3333333333333335,2.8722813232690143
Delta7(PB15)_L6R3_L,EPG(PB08)_L4,12,14,1.1666666666666667,0.3892494720807615
Delta7(PB15)_L6R3_L,EPG(PB08)_R5,6,8,1.3333333333333333,0.5163977794943223
Delta7(PB15)_L6R3_L,EPG(PB08)_L5,6,7,1.1666666666666667,0.408248290463863
Delta7(PB15)_L6R3_L,EPG(PB08)_L2,8,21,2.625,1.5979898086569353
Delta7(PB15)_L6R3_L,EPG(PB08)_R6,3,3,1.0,0.0
Delta7(PB15)_L6R3_L,EPG(PB08)_R7,6,7,1.1666666666666667,0.408248290463863
Delta7(PB15)_L6R3_L,EPG(PB08)_L7,12,112,9.333333333333334,6.485414871895711
Delta7(PB15)_L6R3_L,EPG(PB08)_L8,1,2,2.0,0.0
Delta7(PB15)_L6R3_L,EPG(PB08)_R8,4,5,1.25,0.5
Delta7(PB15)_L6R3_L,EPG(PB08)_R1,2,2,1.0,0.0
Delta7(PB15)_L6R3_L,Delta7(PB15)_L5R4_L,25,236,9.44,3.014962686336267
Delta7(PB15)_L6R3_L,Delta7(PB15)_L4R5_R,25,355,14.2,4.924428900898052
Delta7(PB15)_L6R3_L,Delta7(PB15)_L1L9R8_R,25,423,16.92,6.824710006049097
Delta7(PB15)_L6R3_L,Delta7(PB15)_L8R1R9_L,24,280,11.666666666666666,4.390371546787422
Delta7(PB15)_L6R3_L,Delta7(PB15)_L3R6_R,20,314,15.7,5.212333551551702
Delta7(PB15)_L6R3_L,Delta7(PB15)_L7R2_L,16,139,8.6875,3.9953097501945956
Delta7(PB15)_L6R3_L,Delta7(PB15)_L2R7_R,25,370,14.8,4.890466917040404
Delta7(PB15)_L6R3_L,PEG(PB07)_R1,0,0,0.0,0.0
Delta7(PB15)_L6R3_L,PEG(PB07)_L5,1,3,3.0,0.0
Delta7(PB15)_L6R3_L,PEG(PB07)_L6,5,137,27.4,11.458621208504974
Delta7(PB15)_L6R3_L,PEG(PB07)_R6,2,2,1.0,0.0
Delta7(PB15)_L6R3_L,PEG(PB07)_R4,5,63,12.6,14.724129855444769
Delta7(PB15)_L6R3_L,PEG(PB07)_L4,4,4,1.0,0.0
Delta7(PB15)_L6R3_L,PEG(PB07)_R2,4,33,8.25,7.58836829188814
Delta7(PB15)_L6R3_L,PEG(PB07)_R3,5,346,69.2,21.099763031844695
Delta7(PB15)_L6R3_L,PEG(PB07)_L3,5,14,2.8,1.3038404810405297
Delta7(PB15)_L6R3_L,PEG(PB07)_R7,1,1,1.0,0.0
Delta7(PB15)_L6R3_L,PEG(PB07)_L7,4,56,14.0,8.755950357709132
Delta7(PB15)_L6R3_L,PEG(PB07)_L8,1,1,1.0,0.0
Delta7(PB15)_L6R3_L,PEG(PB07)_R9,0,0,0.0,0.0
Delta7(PB15)_L6R3_L,PEG(PB07)_L1,2,4,2.0,1.4142135623730951
Delta7(PB15)_L6R3_L,PEG(PB07)_L2,4,10,2.5,1.9148542155126762
Delta7(PB15)_L6R3_L,PEG(PB07)_L9,0,0,0.0,0.0
Delta7(PB15)_L6R3_L,PEG(PB07)_R5,1,1,1.0,0.0
Delta7(PB15)_L6R3_L,PEG(PB07)_R8,1,1,1.0,0.0
Delta7(PB15)_L6R3_L,PEN_a(PB06a)_L7,4,11,2.75,1.707825127659933
Delta7(PB15)_L6R3_L,PEN_a(PB06a)_R4,4,18,4.5,5.744562646538029
Delta7(PB15)_L6R3_L,PEN_a(PB06a)_R3,5,114,22.8,9.338094023943002
Delta7(PB15)_L6R3_L,PEN_a(PB06a)_L2,3,4,1.3333333333333333,0.5773502691896257
Delta7(PB15)_L6R3_L,PEN_a(PB06a)_R6,1,1,1.0,0.0
Delta7(PB15)_L6R3_L,PEN_a(PB06a)_L6,10,92,9.2,5.094659513211413
Delta7(PB15)_L6R3_L,PEN_a(PB06a)_L4,2,2,1.0,0.0
Delta7(PB15)_L6R3_L,PEN_a(PB06a)_R5,0,0,0.0,0.0
Delta7(PB15)_L6R3_L,PEN_a(PB06a)_R2,5,26,5.2,2.588435821108957
Delta7(PB15)_L6R3_L,PEN_a(PB06a)_R7,0,0,0.0,0.0
Delta7(PB15)_L6R3_L,PEN_a(PB06a)_R8,1,1,1.0,0.0
Delta7(PB15)_L6R3_L,PEN_a(PB06a)_L8,1,1,1.0,0.0
Delta7(PB15)_L6R3_L,PEN_a(PB06a)_R9,0,0,0.0,0.0
Delta7(PB15)_L6R3_L,PEN_a(PB06a)_L9,0,0,0.0,0.0
Delta7(PB15)_L6R3_L,PEN_a(PB06a)_L3,5,6,1.2,0.4472135954999579
Delta7(PB15)_L6R3_L,PEN_a(PB06a)_L5,1,3,3.0,0.0
Delta7(PB15)_L6R3_L,PEN_b(PB06b)_L4,4,4,1.0,0.0
Delta7(PB15)_L6R3_L,PEN_b(PB06b)_R4,5,47,9.4,8.532291603080617
Delta7(PB15)_L6R3_L,PEN_b(PB06b)_L6,10,238,23.8,15.533476394190995
Delta7(PB15)_L6R3_L,PEN_b(PB06b)_R7,1,1,1.0,0.0
Delta7(PB15)_L6R3_L,PEN_b(PB06b)_R2,5,134,26.8,20.571825392998065
Delta7(PB15)_L6R3_L,PEN_b(PB06b)_R5,1,1,1.0,0.0
Delta7(PB15)_L6R3_L,PEN_b(PB06b)_R6,0,0,0.0,0.0
Delta7(PB15)_L6R3_L,PEN_b(PB06b)_R3,6,497,82.83333333333333,46.850471360133255
Delta7(PB15)_L6R3_L,PEN_b(PB06b)_R8,0,0,0.0,0.0
Delta7(PB15)_L6R3_L,PEN_b(PB06b)_R9,0,0,0.0,0.0
Delta7(PB15)_L6R3_L,PEN_b(PB06b)_L9,0,0,0.0,0.0
Delta7(PB15)_L6R3_L,PEN_b(PB06b)_L7,4,80,20.0,13.92838827718412
Delta7(PB15)_L6R3_L,PEN_b(PB06b)_L8,0,0,0.0,0.0
Delta7(PB15)_L6R3_L,PEN_b(PB06b)_L5,2,3,1.5,0.7071067811865476
Delta7(PB15)_L6R3_L,PEN_b(PB06b)_L2,4,7,1.75,1.5
Delta7(PB15)_L6R3_L,PEN_b(PB06b)_L3,4,6,1.5,1.0
Delta7(PB15)_L5R4_L,EPG(PB08)_L3,9,18,2.0,1.0
Delta7(PB15)_L5R4_L,EPG(PB08)_R4,15,167,11.133333333333333,6.895823442663026
Delta7(PB15)_L5R4_L,EPG(PB08)_R3,4,5,1.25,0.5
Delta7(PB15)_L5R4_L,EPG(PB08)_L6,5,32,6.4,7.021395872616783
Delta7(PB15)_L5R4_L,EPG(PB08)_L1,8,16,2.0,1.0690449676496976
Delta7(PB15)_L5R4_L,EPG(PB08)_R2,4,4,1.0,0.0
Delta7(PB15)_L5R4_L,EPG(PB08)_L4,6,26,4.333333333333333,4.366539438350084
Delta7(PB15)_L5R4_L,EPG(PB08)_R5,11,41,3.727272727272727,2.7236339361562187
Delta7(PB15)_L5R4_L,EPG(PB08)_L5,15,297,19.8,7.398841608174697
Delta7(PB15)_L5R4_L,EPG(PB08)_L2,8,20,2.5,0.9258200997725514
Delta7(PB15)_L5R4_L,EPG(PB08)_R6,4,4,1.0,0.0
Delta7(PB15)_L5R4_L,EPG(PB08)_R7,4,6,1.5,0.5773502691896257
Delta7(PB15)_L5R4_L,EPG(PB08)_L7,1,1,1.0,0.0
Delta7(PB15)_L5R4_L,EPG(PB08)_L8,0,0,0.0,0.0
Delta7(PB15)_L5R4_L,EPG(PB08)_R8,7,10,1.4285714285714286,0.7867957924694432
Delta7(PB15)_L5R4_L,EPG(PB08)_R1,4,7,1.75,0.9574271077563381
Delta7(PB15)_L5R4_L,Delta7(PB15)_L6R3_L,25,178,7.12,3.992910383834495
Delta7(PB15)_L5R4_L,Delta7(PB15)_L4R5_R,26,211,8.115384615384615,5.494192738351454
Delta7(PB15)_L5R4_L,Delta7(PB15)_L1L9R8_R,25,425,17.0,4.73462423711393
Delta7(PB15)_L5R4_L,Delta7(PB15)_L8R1R9_L,25,339,13.56,3.819685850956856
Delta7(PB15)_L5R4_L,Delta7(PB15)_L3R6_R,20,220,11.0,5.0157646213555624
Delta7(PB15)_L5R4_L,Delta7(PB15)_L7R2_L,15,159,10.6,3.9424430424366492
Delta7(PB15)_L5R4_L,Delta7(PB15)_L2R7_R,25,332,13.28,5.412331598611945
Delta7(PB15)_L5R4_L,PEG(PB07)_R1,4,6,1.5,0.5773502691896257
Delta7(PB15)_L5R4_L,PEG(PB07)_L5,5,286,57.2,11.734564329364767
Delta7(PB15)_L5R4_L,PEG(PB07)_L6,3,24,8.0,7.810249675906654
Delta7(PB15)_L5R4_L,PEG(PB07)_R6,1,1,1.0,0.0
Delta7(PB15)_L5R4_L,PEG(PB07)_R4,5,156,31.2,7.259476565152615
Delta7(PB15)_L5R4_L,PEG(PB07)_L4,2,15,7.5,9.192388155425117
Delta7(PB15)_L5R4_L,PEG(PB07)_R2,3,5,1.6666666666666667,0.5773502691896257
Delta7(PB15)_L5R4_L,PEG(PB07)_R3,3,4,1.3333333333333333,0.5773502691896257
Delta7(PB15)_L5R4_L,PEG(PB07)_L3,2,5,2.5,0.7071067811865476
Delta7(PB15)_L5R4_L,PEG(PB07)_R7,3,3,1.0,0.0
Delta7(PB15)_L5R4_L,PEG(PB07)_L7,0,0,0.0,0.0
Delta7(PB15)_L5R4_L,PEG(PB07)_L8,0,0,0.0,0.0
Delta7(PB15)_L5R4_L,PEG(PB07)_R9,0,0,0.0,0.0
Delta7(PB15)_L5R4_L,PEG(PB07)_L1,2,4,2.0,0.0
Delta7(PB15)_L5R4_L,PEG(PB07)_L2,5,14,2.8,1.4832396974191326
Delta7(PB15)_L5R4_L,PEG(PB07)_L9,1,1,1.0,0.0
Delta7(PB15)_L5R4_L,PEG(PB07)_R5,5,36,7.2,3.7682887362833544
Delta7(PB15)_L5R4_L,PEG(PB07)_R8,3,4,1.3333333333333333,0.5773502691896257
Delta7(PB15)_L5R4_L,PEN_a(PB06a)_L7,1,1,1.0,0.0
Delta7(PB15)_L5R4_L,PEN_a(PB06a)_R4,10,157,15.7,5.9076221950967716
Delta7(PB15)_L5R4_L,PEN_a(PB06a)_R3,2,3,1.5,0.7071067811865476
Delta7(PB15)_L5R4_L,PEN_a(PB06a)_L2,3,3,1.0,0.0
Delta7(PB15)_L5R4_L,PEN_a(PB06a)_R6,0,0,0.0,0.0
Delta7(PB15)_L5R4_L,PEN_a(PB06a)_L6,4,21,5.25,4.425306015783918
Delta7(PB15)_L5R4_L,PEN_a(PB06a)_L4,6,19,3.1666666666666665,1.834847859269718
Delta7(PB15)_L5R4_L,PEN_a(PB06a)_R5,2,3,1.5,0.7071067811865476
Delta7(PB15)_L5R4_L,PEN_a(PB06a)_R2,1,1,1.0,0.0
Delta7(PB15)_L5R4_L,PEN_a(PB06a)_R7,1,1,1.0,0.0
Delta7(PB15)_L5R4_L,PEN_a(PB06a)_R8,1,1,1.0,0.0
Delta7(PB15)_L5R4_L,PEN_a(PB06a)_L8,0,0,0.0,0.0
Delta7(PB15)_L5R4_L,PEN_a(PB06a)_R9,0,0,0.0,0.0
Delta7(PB15)_L5R4_L,PEN_a(PB06a)_L9,1,1,1.0,0.0
Delta7(PB15)_L5R4_L,PEN_a(PB06a)_L3,0,0,0.0,0.0
Delta7(PB15)_L5R4_L,PEN_a(PB06a)_L5,5,100,20.0,9.40744386111339
Delta7(PB15)_L5R4_L,PEN_b(PB06b)_L4,6,37,6.166666666666667,5.564770136013406
Delta7(PB15)_L5R4_L,PEN_b(PB06b)_R4,10,541,54.1,21.553293122964863
Delta7(PB15)_L5R4_L,PEN_b(PB06b)_L6,5,88,17.6,20.80384579831335
Delta7(PB15)_L5R4_L,PEN_b(PB06b)_R7,1,1,1.0,0.0
Delta7(PB15)_L5R4_L,PEN_b(PB06b)_R2,1,2,2.0,0.0
Delta7(PB15)_L5R4_L,PEN_b(PB06b)_R5,4,59,14.75,8.808140174482542
Delta7(PB15)_L5R4_L,PEN_b(PB06b)_R6,1,1,1.0,0.0
Delta7(PB15)_L5R4_L,PEN_b(PB06b)_R3,4,12,3.0,1.4142135623730951
Delta7(PB15)_L5R4_L,PEN_b(PB06b)_R8,2,4,2.0,1.4142135623730951
Delta7(PB15)_L5R4_L,PEN_b(PB06b)_R9,0,0,0.0,0.0
Delta7(PB15)_L5R4_L,PEN_b(PB06b)_L9,0,0,0.0,0.0
Delta7(PB15)_L5R4_L,PEN_b(PB06b)_L7,1,1,1.0,0.0
Delta7(PB15)_L5R4_L,PEN_b(PB06b)_L8,0,0,0.0,0.0
Delta7(PB15)_L5R4_L,PEN_b(PB06b)_L5,5,485,97.0,22.427661492005804
Delta7(PB15)_L5R4_L,PEN_b(PB06b)_L2,2,3,1.5,0.7071067811865476
Delta7(PB15)_L5R4_L,PEN_b(PB06b)_L3,3,4,1.3333333333333333,0.5773502691896257
Delta7(PB15)_L4R5_R,EPG(PB08)_L3,2,2,1.0,0.0
Delta7(PB15)_L4R5_R,EPG(PB08)_R4,6,11,1.8333333333333333,0.752772652709081
Delta7(PB15)_L4R5_R,EPG(PB08)_R3,11,21,1.9090909090909092,1.4459976109624424
Delta7(PB15)_L4R5_R,EPG(PB08)_L6,1,1,1.0,0.0
Delta7(PB15)_L4R5_R,EPG(PB08)_L1,6,12,2.0,0.8944271909999159
Delta7(PB15)_L4R5_R,EPG(PB08)_R2,7,9,1.2857142857142858,0.4879500364742666
Delta7(PB15)_L4R5_R,EPG(PB08)_L4,16,253,15.8125,9.70373639378152
Delta7(PB15)_L4R5_R,EPG(PB08)_R5,15,296,19.733333333333334,8.811248222476497
Delta7(PB15)_L4R5_R,EPG(PB08)_L5,9,67,7.444444444444445,5.433946795633702
Delta7(PB15)_L4R5_R,EPG(PB08)_L2,7,13,1.8571428571428572,1.2149857925879117
Delta7(PB15)_L4R5_R,EPG(PB08)_R6,6,46,7.666666666666667,2.943920288775949
Delta7(PB15)_L4R5_R,EPG(PB08)_R7,1,1,1.0,0.0
Delta7(PB15)_L4R5_R,EPG(PB08)_L7,4,5,1.25,0.5
Delta7(PB15)_L4R5_R,EPG(PB08)_L8,5,5,1.0,0.0
Delta7(PB15)_L4R5_R,EPG(PB08)_R8,3,4,1.3333333333333333,0.5773502691896257
Delta7(PB15)_L4R5_R,EPG(PB08)_R1,6,11,1.8333333333333333,1.602081978759722
Delta7(PB15)_L4R5_R,Delta7(PB15)_L6R3_L,26,426,16.384615384615383,6.184347487500508
Delta7(PB15)_L4R5_R,Delta7(PB15)_L5R4_L,27,251,9.296296296296296,5.4336191000305245
Delta7(PB15)_L4R5_R,Delta7(PB15)_L1L9R8_R,26,544,20.923076923076923,7.445390933580732
Delta7(PB15)_L4R5_R,Delta7(PB15)_L8R1R9_L,25,493,19.72,6.573431371817918
Delta7(PB15)_L4R5_R,Delta7(PB15)_L3R6_R,20,199,9.95,3.8178941564000546
Delta7(PB15)_L4R5_R,Delta7(PB15)_L7R2_L,15,283,18.866666666666667,7.576907272068453
Delta7(PB15)_L4R5_R,Delta7(PB15)_L2R7_R,26,423,16.26923076923077,6.4097281833643605
Delta7(PB15)_L4R5_R,PEG(PB07)_R1,2,3,1.5,0.7071067811865476
Delta7(PB15)_L4R5_R,PEG(PB07)_L5,4,82,20.5,16.380883167074153
Delta7(PB15)_L4R5_R,PEG(PB07)_L6,1,1,1.0,0.0
Delta7(PB15)_L4R5_R,PEG(PB07)_R6,4,52,13.0,12.935738607954837
Delta7(PB15)_L4R5_R,PEG(PB07)_R4,5,17,3.4,3.286335345030997
Delta7(PB15)_L4R5_R,PEG(PB07)_L4,6,249,41.5,24.857594412975686
Delta7(PB15)_L4R5_R,PEG(PB07)_R2,0,0,0.0,0.0
Delta7(PB15)_L4R5_R,PEG(PB07)_R3,4,7,1.75,0.9574271077563381
Delta7(PB15)_L4R5_R,PEG(PB07)_L3,1,1,1.0,0.0
Delta7(PB15)_L4R5_R,PEG(PB07)_R7,0,0,0.0,0.0
Delta7(PB15)_L4R5_R,PEG(PB07)_L7,1,1,1.0,0.0
Delta7(PB15)_L4R5_R,PEG(PB07)_L8,0,0,0.0,0.0
Delta7(PB15)_L4R5_R,PEG(PB07)_R9,1,1,1.0,0.0
Delta7(PB15)_L4R5_R,PEG(PB07)_L1,3,3,1.0,0.0
Delta7(PB15)_L4R5_R,PEG(PB07)_L2,4,6,1.5,0.5773502691896257
Delta7(PB15)_L4R5_R,PEG(PB07)_L9,0,0,0.0,0.0
Delta7(PB15)_L4R5_R,PEG(PB07)_R5,5,335,67.0,10.319883720275147
Delta7(PB15)_L4R5_R,PEG(PB07)_R8,1,1,1.0,0.0
Delta7(PB15)_L4R5_R,PEN_a(PB06a)_L7,0,0,0.0,0.0
Delta7(PB15)_L4R5_R,PEN_a(PB06a)_R4,4,11,2.75,2.3629078131263044
Delta7(PB15)_L4R5_R,PEN_a(PB06a)_R3,2,2,1.0,0.0
Delta7(PB15)_L4R5_R,PEN_a(PB06a)_L2,1,1,1.0,0.0
Delta7(PB15)_L4R5_R,PEN_a(PB06a)_R6,7,54,7.714285714285714,6.701101544131525
Delta7(PB15)_L4R5_R,PEN_a(PB06a)_L6,0,0,0.0,0.0
Delta7(PB15)_L4R5_R,PEN_a(PB06a)_L4,11,267,24.272727272727273,13.498821497381977
Delta7(PB15)_L4R5_R,PEN_a(PB06a)_R5,5,145,29.0,11.76860229593982
Delta7(PB15)_L4R5_R,PEN_a(PB06a)_R2,2,3,1.5,0.7071067811865476
Delta7(PB15)_L4R5_R,PEN_a(PB06a)_R7,1,1,1.0,0.0
Delta7(PB15)_L4R5_R,PEN_a(PB06a)_R8,3,3,1.0,0.0
Delta7(PB15)_L4R5_R,PEN_a(PB06a)_L8,0,0,0.0,0.0
Delta7(PB15)_L4R5_R,PEN_a(PB06a)_R9,0,0,0.0,0.0
Delta7(PB15)_L4R5_R,PEN_a(PB06a)_L9,0,0,0.0,0.0
Delta7(PB15)_L4R5_R,PEN_a(PB06a)_L3,0,0,0.0,0.0
Delta7(PB15)_L4R5_R,PEN_a(PB06a)_L5,3,21,7.0,6.0
Delta7(PB15)_L4R5_R,PEN_b(PB06b)_L4,11,629,57.18181818181818,29.181563295403425
Delta7(PB15)_L4R5_R,PEN_b(PB06b)_R4,5,19,3.8,3.5637059362410923
Delta7(PB15)_L4R5_R,PEN_b(PB06b)_L6,0,0,0.0,0.0
Delta7(PB15)_L4R5_R,PEN_b(PB06b)_R7,1,1,1.0,0.0
Delta7(PB15)_L4R5_R,PEN_b(PB06b)_R2,2,2,1.0,0.0
Delta7(PB15)_L4R5_R,PEN_b(PB06b)_R5,5,620,124.0,16.278820596099706
Delta7(PB15)_L4R5_R,PEN_b(PB06b)_R6,8,127,15.875,15.338443765351723
Delta7(PB15)_L4R5_R,PEN_b(PB06b)_R3,1,1,1.0,0.0
Delta7(PB15)_L4R5_R,PEN_b(PB06b)_R8,1,1,1.0,0.0
Delta7(PB15)_L4R5_R,PEN_b(PB06b)_R9,0,0,0.0,0.0
Delta7(PB15)_L4R5_R,PEN_b(PB06b)_L9,0,0,0.0,0.0
Delta7(PB15)_L4R5_R,PEN_b(PB06b)_L7,0,0,0.0,0.0
Delta7(PB15)_L4R5_R,PEN_b(PB06b)_L8,0,0,0.0,0.0
Delta7(PB15)_L4R5_R,PEN_b(PB06b)_L5,4,87,21.75,22.82359889821644
Delta7(PB15)_L4R5_R,PEN_b(PB06b)_L2,0,0,0.0,0.0
Delta7(PB15)_L4R5_R,PEN_b(PB06b)_L3,0,0,0.0,0.0
Delta7(PB15)_L1L9R8_R,EPG(PB08)_L3,3,3,1.0,0.0
Delta7(PB15)_L1L9R8_R,EPG(PB08)_R4,15,29,1.9333333333333333,0.8837151016885368
Delta7(PB15)_L1L9R8_R,EPG(PB08)_R3,14,29,2.0714285714285716,1.5915297775935684
Delta7(PB15)_L1L9R8_R,EPG(PB08)_L6,10,16,1.6,0.699205898780101
Delta7(PB15)_L1L9R8_R,EPG(PB08)_L1,10,221,22.1,6.624030327359453
Delta7(PB15)_L1L9R8_R,EPG(PB08)_R2,0,0,0.0,0.0
Delta7(PB15)_L1L9R8_R,EPG(PB08)_L4,13,22,1.6923076923076923,0.8548504142651103
Delta7(PB15)_L1L9R8_R,EPG(PB08)_R5,10,19,1.9,1.66332999331662
Delta7(PB15)_L1L9R8_R,EPG(PB08)_L5,9,20,2.2222222222222223,1.2018504251546631
Delta7(PB15)_L1L9R8_R,EPG(PB08)_L2,8,39,4.875,3.6030740843261686
Delta7(PB15)_L1L9R8_R,EPG(PB08)_R6,5,5,1.0,0.0
Delta7(PB15)_L1L9R8_R,EPG(PB08)_R7,6,11,1.8333333333333333,1.1690451944500122
Delta7(PB15)_L1L9R8_R,EPG(PB08)_L7,3,3,1.0,0.0
Delta7(PB15)_L1L9R8_R,EPG(PB08)_L8,3,5,1.6666666666666667,0.5773502691896257
Delta7(PB15)_L1L9R8_R,EPG(PB08)_R8,20,384,19.2,8.476593158748825
Delta7(PB15)_L1L9R8_R,EPG(PB08)_R1,7,46,6.571428571428571,3.735288603626359
Delta7(PB15)_L1L9R8_R,Delta7(PB15)_L6R3_L,25,449,17.96,4.97058011369565
Delta7(PB15)_L1L9R8_R,Delta7(PB15)_L5R4_L,25,497,19.88,5.4644304369257
Delta7(PB15)_L1L9R8_R,Delta7(PB15)_L4R5_R,25,517,20.68,5.063924696649164
Delta7(PB15)_L1L9R8_R,Delta7(PB15)_L8R1R9_L,25,207,8.28,4.257542327055207
Delta7(PB15)_L1L9R8_R,Delta7(PB15)_L3R6_R,20,229,11.45,5.716780470454364
Delta7(PB15)_L1L9R8_R,Delta7(PB15)_L7R2_L,15,177,11.8,5.671986298593163
Delta7(PB15)_L1L9R8_R,Delta7(PB15)_L2R7_R,25,211,8.44,5.362524281219309
Delta7(PB15)_L1L9R8_R,PEG(PB07)_R1,5,44,8.8,4.08656334834051
Delta7(PB15)_L1L9R8_R,PEG(PB07)_L5,2,4,2.0,1.4142135623730951
Delta7(PB15)_L1L9R8_R,PEG(PB07)_L6,2,4,2.0,1.4142135623730951
Delta7(PB15)_L1L9R8_R,PEG(PB07)_R6,2,2,1.0,0.0
Delta7(PB15)_L1L9R8_R,PEG(PB07)_R4,4,6,1.5,0.5773502691896257
Delta7(PB15)_L1L9R8_R,PEG(PB07)_L4,5,11,2.2,1.6431676725154984
Delta7(PB15)_L1L9R8_R,PEG(PB07)_R2,0,0,0.0,0.0
Delta7(PB15)_L1L9R8_R,PEG(PB07)_R3,4,14,3.5,1.9148542155126762
Delta7(PB15)_L1L9R8_R,PEG(PB07)_L3,0,0,0.0,0.0
Delta7(PB15)_L1L9R8_R,PEG(PB07)_R7,1,7,7.0,0.0
Delta7(PB15)_L1L9R8_R,PEG(PB07)_L7,2,2,1.0,0.0
Delta7(PB15)_L1L9R8_R,PEG(PB07)_L8,2,2,1.0,0.0
Delta7(PB15)_L1L9R8_R,PEG(PB07)_R9,3,24,8.0,5.5677643628300215
Delta7(PB15)_L1L9R8_R,PEG(PB07)_L1,5,237,47.4,12.401612798341997
Delta7(PB15)_L1L9R8_R,PEG(PB07)_L2,5,50,10.0,11.269427669584644
Delta7(PB15)_L1L9R8_R,PEG(PB07)_L9,5,172,34.4,13.575713609236164
Delta7(PB15)_L1L9R8_R,PEG(PB07)_R5,2,3,1.5,0.7071067811865476
Delta7(PB15)_L1L9R8_R,PEG(PB07)_R8,5,311,62.2,18.033302526159762
Delta7(PB15)_L1L9R8_R,PEN_a(PB06a)_L7,1,1,1.0,0.0
Delta7(PB15)_L1L9R8_R,PEN_a(PB06a)_R4,2,2,1.0,0.0
Delta7(PB15)_L1L9R8_R,PEN_a(PB06a)_R3,4,7,1.75,0.9574271077563381
Delta7(PB15)_L1L9R8_R,PEN_a(PB06a)_L2,4,27,6.75,5.123475382979799
Delta7(PB15)_L1L9R8_R,PEN_a(PB06a)_R6,1,1,1.0,0.0
Delta7(PB15)_L1L9R8_R,PEN_a(PB06a)_L6,1,1,1.0,0.0
Delta7(PB15)_L1L9R8_R,PEN_a(PB06a)_L4,2,3,1.5,0.7071067811865476
Delta7(PB15)_L1L9R8_R,PEN_a(PB06a)_R5,2,3,1.5,0.7071067811865476
Delta7(PB15)_L1L9R8_R,PEN_a(PB06a)_R2,0,0,0.0,0.0
Delta7(PB15)_L1L9R8_R,PEN_a(PB06a)_R7,4,14,3.5,5.0
Delta7(PB15)_L1L9R8_R,PEN_a(PB06a)_R8,5,124,24.8,10.059821071967434
Delta7(PB15)_L1L9R8_R,PEN_a(PB06a)_L8,1,3,3.0,0.0
Delta7(PB15)_L1L9R8_R,PEN_a(PB06a)_R9,2,2,1.0,0.0
Delta7(PB15)_L1L9R8_R,PEN_a(PB06a)_L9,5,77,15.4,4.219004621945797
Delta7(PB15)_L1L9R8_R,PEN_a(PB06a)_L3,2,2,1.0,0.0
Delta7(PB15)_L1L9R8_R,PEN_a(PB06a)_L5,3,3,1.0,0.0
Delta7(PB15)_L1L9R8_R,PEN_b(PB06b)_L4,1,1,1.0,0.0
Delta7(PB15)_L1L9R8_R,PEN_b(PB06b)_R4,1,1,1.0,0.0
Delta7(PB15)_L1L9R8_R,PEN_b(PB06b)_L6,5,5,1.0,0.0
Delta7(PB15)_L1L9R8_R,PEN_b(PB06b)_R7,2,18,9.0,4.242640687119285
Delta7(PB15)_L1L9R8_R,PEN_b(PB06b)_R2,1,1,1.0,0.0
Delta7(PB15)_L1L9R8_R,PEN_b(PB06b)_R5,2,4,2.0,1.4142135623730951
Delta7(PB15)_L1L9R8_R,PEN_b(PB06b)_R6,0,0,0.0,0.0
Delta7(PB15)_L1L9R8_R,PEN_b(PB06b)_R3,5,5,1.0,0.0
Delta7(PB15)_L1L9R8_R,PEN_b(PB06b)_R8,5,441,88.2,28.743694960808362
Delta7(PB15)_L1L9R8_R,PEN_b(PB06b)_R9,5,21,4.2,2.3874672772626644
Delta7(PB15)_L1L9R8_R,PEN_b(PB06b)_L9,10,504,50.4,15.443085471786034
Delta7(PB15)_L1L9R8_R,PEN_b(PB06b)_L7,0,0,0.0,0.0
Delta7(PB15)_L1L9R8_R,PEN_b(PB06b)_L8,1,3,3.0,0.0
Delta7(PB15)_L1L9R8_R,PEN_b(PB06b)_L5,0,0,0.0,0.0
Delta7(PB15)_L1L9R8_R,PEN_b(PB06b)_L2,2,27,13.5,2.1213203435596424
Delta7(PB15)_L1L9R8_R,PEN_b(PB06b)_L3,1,1,1.0,0.0
Delta7(PB15)_L8R1R9_L,EPG(PB08)_L3,13,23,1.7692307692307692,0.9268086959962983
Delta7(PB15)_L8R1R9_L,EPG(PB08)_R4,6,11,1.8333333333333333,0.752772652709081
Delta7(PB15)_L8R1R9_L,EPG(PB08)_R3,7,9,1.2857142857142858,0.4879500364742666
Delta7(PB15)_L8R1R9_L,EPG(PB08)_L6,3,3,1.0,0.0
Delta7(PB15)_L8R1R9_L,EPG(PB08)_L1,7,28,4.0,3.109126351029605
Delta7(PB15)_L8R1R9_L,EPG(PB08)_R2,9,59,6.555555555555555,6.5404722901161945
Delta7(PB15)_L8R1R9_L,EPG(PB08)_L4,8,12,1.5,0.7559289460184545
Delta7(PB15)_L8R1R9_L,EPG(PB08)_R5,13,31,2.3846153846153846,0.9607689228305228
Delta7(PB15)_L8R1R9_L,EPG(PB08)_L5,3,4,1.3333333333333333,0.5773502691896257
Delta7(PB15)_L8R1R9_L,EPG(PB08)_L2,3,4,1.3333333333333333,0.5773502691896257
Delta7(PB15)_L8R1R9_L,EPG(PB08)_R6,11,16,1.4545454545454546,0.6875516509523286
Delta7(PB15)_L8R1R9_L,EPG(PB08)_R7,8,9,1.125,0.3535533905932738
Delta7(PB15)_L8R1R9_L,EPG(PB08)_L7,4,15,3.75,1.707825127659933
Delta7(PB15)_L8R1R9_L,EPG(PB08)_L8,20,369,18.45,4.795557154393286
Delta7(PB15)_L8R1R9_L,EPG(PB08)_R8,6,14,2.3333333333333335,1.7511900715418263
Delta7(PB15)_L8R1R9_L,EPG(PB08)_R1,10,226,22.6,6.501281924871945
Delta7(PB15)_L8R1R9_L,Delta7(PB15)_L6R3_L,25,204,8.16,4.749385925218824
Delta7(PB15)_L8R1R9_L,Delta7(PB15)_L5R4_L,25,425,17.0,5.7081812631812365
Delta7(PB15)_L8R1R9_L,Delta7(PB15)_L4R5_R,25,380,15.2,3.840572873934304
Delta7(PB15)_L8R1R9_L,Delta7(PB15)_L1L9R8_R,25,217,8.68,3.7161808352124095
Delta7(PB15)_L8R1R9_L,Delta7(PB15)_L3R6_R,20,374,18.7,6.0879518637007015
Delta7(PB15)_L8R1R9_L,Delta7(PB15)_L7R2_L,14,118,8.428571428571429,6.110700396898816
Delta7(PB15)_L8R1R9_L,Delta7(PB15)_L2R7_R,25,299,11.96,5.020624131187941
Delta7(PB15)_L8R1R9_L,PEG(PB07)_R1,5,255,51.0,7.280109889280518
Delta7(PB15)_L8R1R9_L,PEG(PB07)_L5,1,1,1.0,0.0
Delta7(PB15)_L8R1R9_L,PEG(PB07)_L6,0,0,0.0,0.0
Delta7(PB15)_L8R1R9_L,PEG(PB07)_R6,2,2,1.0,0.0
Delta7(PB15)_L8R1R9_L,PEG(PB07)_R4,2,2,1.0,0.0
Delta7(PB15)_L8R1R9_L,PEG(PB07)_L4,4,4,1.0,0.0
Delta7(PB15)_L8R1R9_L,PEG(PB07)_R2,5,67,13.4,8.561541917201597
Delta7(PB15)_L8R1R9_L,PEG(PB07)_R3,2,3,1.5,0.7071067811865476
Delta7(PB15)_L8R1R9_L,PEG(PB07)_L3,5,8,1.6,0.8944271909999159
Delta7(PB15)_L8R1R9_L,PEG(PB07)_R7,2,3,1.5,0.7071067811865476
Delta7(PB15)_L8R1R9_L,PEG(PB07)_L7,3,13,4.333333333333333,5.773502691896257
Delta7(PB15)_L8R1R9_L,PEG(PB07)_L8,5,190,38.0,10.319883720275147
Delta7(PB15)_L8R1R9_L,PEG(PB07)_R9,5,297,59.4,25.18531318050264
Delta7(PB15)_L8R1R9_L,PEG(PB07)_L1,5,38,7.6,4.277849927241488
Delta7(PB15)_L8R1R9_L,PEG(PB07)_L2,2,3,1.5,0.7071067811865476
Delta7(PB15)_L8R1R9_L,PEG(PB07)_L9,1,4,4.0,0.0
Delta7(PB15)_L8R1R9_L,PEG(PB07)_R5,3,3,1.0,0.0
Delta7(PB15)_L8R1R9_L,PEG(PB07)_R8,4,15,3.75,2.9860788111948193
Delta7(PB15)_L8R1R9_L,PEN_a(PB06a)_L7,4,8,2.0,1.1547005383792515
Delta7(PB15)_L8R1R9_L,PEN_a(PB06a)_R4,0,0,0.0,0.0
Delta7(PB15)_L8R1R9_L,PEN_a(PB06a)_R3,2,2,1.0,0.0
Delta7(PB15)_L8R1R9_L,PEN_a(PB06a)_L2,0,0,0.0,0.0
Delta7(PB15)_L8R1R9_L,PEN_a(PB06a)_R6,2,2,1.0,0.0
Delta7(PB15)_L8R1R9_L,PEN_a(PB06a)_L6,0,0,0.0,0.0
Delta7(PB15)_L8R1R9_L,PEN_a(PB06a)_L4,7,8,1.1428571428571428,0.37796447300922725
Delta7(PB15)_L8R1R9_L,PEN_a(PB06a)_R5,3,3,1.0,0.0
Delta7(PB15)_L8R1R9_L,PEN_a(PB06a)_R2,4,17,4.25,4.573474244670748
Delta7(PB15)_L8R1R9_L,PEN_a(PB06a)_R7,1,1,1.0,0.0
Delta7(PB15)_L8R1R9_L,PEN_a(PB06a)_R8,4,23,5.75,2.6299556396765835
Delta7(PB15)_L8R1R9_L,PEN_a(PB06a)_L8,5,71,14.2,7.463243262818116
Delta7(PB15)_L8R1R9_L,PEN_a(PB06a)_R9,5,96,19.2,12.357184145265458
Delta7(PB15)_L8R1R9_L,PEN_a(PB06a)_L9,0,0,0.0,0.0
Delta7(PB15)_L8R1R9_L,PEN_a(PB06a)_L3,2,2,1.0,0.0
Delta7(PB15)_L8R1R9_L,PEN_a(PB06a)_L5,0,0,0.0,0.0
Delta7(PB15)_L8R1R9_L,PEN_b(PB06b)_L4,5,7,1.4,0.5477225575051661
Delta7(PB15)_L8R1R9_L,PEN_b(PB06b)_R4,2,2,1.0,0.0
Delta7(PB15)_L8R1R9_L,PEN_b(PB06b)_L6,0,0,0.0,0.0
Delta7(PB15)_L8R1R9_L,PEN_b(PB06b)_R7,0,0,0.0,0.0
Delta7(PB15)_L8R1R9_L,PEN_b(PB06b)_R2,5,37,7.4,4.505552130427524
Delta7(PB15)_L8R1R9_L,PEN_b(PB06b)_R5,3,4,1.3333333333333333,0.5773502691896257
Delta7(PB15)_L8R1R9_L,PEN_b(PB06b)_R6,2,2,1.0,0.0
Delta7(PB15)_L8R1R9_L,PEN_b(PB06b)_R3,1,1,1.0,0.0
Delta7(PB15)_L8R1R9_L,PEN_b(PB06b)_R8,3,32,10.666666666666666,3.0550504633038935
Delta7(PB15)_L8R1R9_L,PEN_b(PB06b)_R9,10,688,68.8,26.703308159602
Delta7(PB15)_L8R1R9_L,PEN_b(PB06b)_L9,1,1,1.0,0.0
Delta7(PB15)_L8R1R9_L,PEN_b(PB06b)_L7,3,17,5.666666666666667,3.0550504633038935
Delta7(PB15)_L8R1R9_L,PEN_b(PB06b)_L8,5,264,52.8,23.338808881346107
Delta7(PB15)_L8R1R9_L,PEN_b(PB06b)_L5,0,0,0.0,0.0
Delta7(PB15)_L8R1R9_L,PEN_b(PB06b)_L2,0,0,0.0,0.0
Delta7(PB15)_L8R1R9_L,PEN_b(PB06b)_L3,4,5,1.25,0.5
Delta7(PB15)_L3R6_R,EPG(PB08)_L3,12,238,19.833333333333332,8.695174558688318
Delta7(PB15)_L3R6_R,EPG(PB08)_R4,9,19,2.111111111111111,0.927960727138337
Delta7(PB15)_L3R6_R,EPG(PB08)_R3,11,46,4.181818181818182,2.088931871468374
Delta7(PB15)_L3R6_R,EPG(PB08)_L6,6,6,1.0,0.0
Delta7(PB15)_L3R6_R,EPG(PB08)_L1,2,2,1.0,0.0
Delta7(PB15)_L3R6_R,EPG(PB08)_R2,5,7,1.4,0.5477225575051661
Delta7(PB15)_L3R6_R,EPG(PB08)_L4,8,31,3.875,2.4748737341529163
Delta7(PB15)_L3R6_R,EPG(PB08)_R5,4,5,1.25,0.5
Delta7(PB15)_L3R6_R,EPG(PB08)_L5,2,2,1.0,0.0
Delta7(PB15)_L3R6_R,EPG(PB08)_L2,5,28,5.6,6.308724118235002
Delta7(PB15)_L3R6_R,EPG(PB08)_R6,12,199,16.583333333333332,9.491224016602565
Delta7(PB15)_L3R6_R,EPG(PB08)_R7,10,48,4.8,3.521363372331802
Delta7(PB15)_L3R6_R,EPG(PB08)_L7,2,2,1.0,0.0
Delta7(PB15)_L3R6_R,EPG(PB08)_L8,1,1,1.0,0.0
Delta7(PB15)_L3R6_R,EPG(PB08)_R8,4,5,1.25,0.5
Delta7(PB15)_L3R6_R,EPG(PB08)_R1,5,11,2.2,1.3038404810405297
Delta7(PB15)_L3R6_R,Delta7(PB15)_L6R3_L,21,313,14.904761904761905,5.778449289426722
Delta7(PB15)_L3R6_R,Delta7(PB15)_L5R4_L,20,266,13.3,4.014447592594056
Delta7(PB15)_L3R6_R,Delta7(PB15)_L4R5_R,20,161,8.05,3.9930861300634706
Delta7(PB15)_L3R6_R,Delta7(PB15)_L1L9R8_R,20,257,12.85,6.02865962234602
Delta7(PB15)_L3R6_R,Delta7(PB15)_L8R1R9_L,20,381,19.05,6.125657859407944
Delta7(PB15)_L3R6_R,Delta7(PB15)_L7R2_L,12,194,16.166666666666668,4.569331228832933
Delta7(PB15)_L3R6_R,Delta7(PB15)_L2R7_R,21,235,11.19047619047619,5.202105800721931
Delta7(PB15)_L3R6_R,PEG(PB07)_R1,4,7,1.75,0.5
Delta7(PB15)_L3R6_R,PEG(PB07)_L5,1,1,1.0,0.0
Delta7(PB15)_L3R6_R,PEG(PB07)_L6,1,1,1.0,0.0
Delta7(PB15)_L3R6_R,PEG(PB07)_R6,4,180,45.0,16.22754859285078
Delta7(PB15)_L3R6_R,PEG(PB07)_R4,2,2,1.0,0.0
Delta7(PB15)_L3R6_R,PEG(PB07)_L4,3,27,9.0,6.557438524302
Delta7(PB15)_L3R6_R,PEG(PB07)_R2,3,3,1.0,0.0
Delta7(PB15)_L3R6_R,PEG(PB07)_R3,4,16,4.0,1.4142135623730951
Delta7(PB15)_L3R6_R,PEG(PB07)_L3,4,301,75.25,25.07821099414124
Delta7(PB15)_L3R6_R,PEG(PB07)_R7,4,60,15.0,13.90443574307614
Delta7(PB15)_L3R6_R,PEG(PB07)_L7,0,0,0.0,0.0
Delta7(PB15)_L3R6_R,PEG(PB07)_L8,0,0,0.0,0.0
Delta7(PB15)_L3R6_R,PEG(PB07)_R9,0,0,0.0,0.0
Delta7(PB15)_L3R6_R,PEG(PB07)_L1,0,0,0.0,0.0
Delta7(PB15)_L3R6_R,PEG(PB07)_L2,2,16,8.0,9.899494936611665
Delta7(PB15)_L3R6_R,PEG(PB07)_L9,0,0,0.0,0.0
Delta7(PB15)_L3R6_R,PEG(PB07)_R5,1,3,3.0,0.0
Delta7(PB15)_L3R6_R,PEG(PB07)_R8,0,0,0.0,0.0
Delta7(PB15)_L3R6_R,PEN_a(PB06a)_L7,0,0,0.0,0.0
Delta7(PB15)_L3R6_R,PEN_a(PB06a)_R4,0,0,0.0,0.0
Delta7(PB15)_L3R6_R,PEN_a(PB06a)_R3,3,8,2.6666666666666665,0.5773502691896257
Delta7(PB15)_L3R6_R,PEN_a(PB06a)_L2,2,20,10.0,11.313708498984761
Delta7(PB15)_L3R6_R,PEN_a(PB06a)_R6,8,176,22.0,10.954451150103322
Delta7(PB15)_L3R6_R,PEN_a(PB06a)_L6,0,0,0.0,0.0
Delta7(PB15)_L3R6_R,PEN_a(PB06a)_L4,6,14,2.3333333333333335,1.505545305418162
Delta7(PB15)_L3R6_R,PEN_a(PB06a)_R5,0,0,0.0,0.0
Delta7(PB15)_L3R6_R,PEN_a(PB06a)_R2,1,2,2.0,0.0
Delta7(PB15)_L3R6_R,PEN_a(PB06a)_R7,3,23,7.666666666666667,4.041451884327381
Delta7(PB15)_L3R6_R,PEN_a(PB06a)_R8,0,0,0.0,0.0
Delta7(PB15)_L3R6_R,PEN_a(PB06a)_L8,1,1,1.0,0.0
Delta7(PB15)_L3R6_R,PEN_a(PB06a)_R9,0,0,0.0,0.0
Delta7(PB15)_L3R6_R,PEN_a(PB06a)_L9,0,0,0.0,0.0
Delta7(PB15)_L3R6_R,PEN_a(PB06a)_L3,4,87,21.75,14.773286702694158
Delta7(PB15)_L3R6_R,PEN_a(PB06a)_L5,0,0,0.0,0.0
Delta7(PB15)_L3R6_R,PEN_b(PB06b)_L4,5,35,7.0,5.244044240850758
Delta7(PB15)_L3R6_R,PEN_b(PB06b)_R4,4,4,1.0,0.0
Delta7(PB15)_L3R6_R,PEN_b(PB06b)_L6,1,1,1.0,0.0
Delta7(PB15)_L3R6_R,PEN_b(PB06b)_R7,4,62,15.5,15.198684153570664
Delta7(PB15)_L3R6_R,PEN_b(PB06b)_R2,0,0,0.0,0.0
Delta7(PB15)_L3R6_R,PEN_b(PB06b)_R5,1,1,1.0,0.0
Delta7(PB15)_L3R6_R,PEN_b(PB06b)_R6,8,488,61.0,28.829548334007196
Delta7(PB15)_L3R6_R,PEN_b(PB06b)_R3,2,5,2.5,0.7071067811865476
Delta7(PB15)_L3R6_R,PEN_b(PB06b)_R8,1,2,2.0,0.0
Delta7(PB15)_L3R6_R,PEN_b(PB06b)_R9,0,0,0.0,0.0
Delta7(PB15)_L3R6_R,PEN_b(PB06b)_L9,0,0,0.0,0.0
Delta7(PB15)_L3R6_R,PEN_b(PB06b)_L7,0,0,0.0,0.0
Delta7(PB15)_L3R6_R,PEN_b(PB06b)_L8,0,0,0.0,0.0
Delta7(PB15)_L3R6_R,PEN_b(PB06b)_L5,0,0,0.0,0.0
Delta7(PB15)_L3R6_R,PEN_b(PB06b)_L2,4,56,14.0,18.05547008526779
Delta7(PB15)_L3R6_R,PEN_b(PB06b)_L3,4,493,123.25,48.77413932266429
Delta7(PB15)_L7R2_L,EPG(PB08)_L3,9,23,2.5555555555555554,0.7264831572567789
Delta7(PB15)_L7R2_L,EPG(PB08)_R4,4,4,1.0,0.0
Delta7(PB15)_L7R2_L,EPG(PB08)_R3,4,11,2.75,1.707825127659933
Delta7(PB15)_L7R2_L,EPG(PB08)_L6,1,1,1.0,0.0
Delta7(PB15)_L7R2_L,EPG(PB08)_L1,2,2,1.0,0.0
Delta7(PB15)_L7R2_L,EPG(PB08)_R2,6,193,32.166666666666664,5.741660619251774
Delta7(PB15)_L7R2_L,EPG(PB08)_L4,4,10,2.5,1.2909944487358056
Delta7(PB15)_L7R2_L,EPG(PB08)_R5,6,11,1.8333333333333333,0.752772652709081
Delta7(PB15)_L7R2_L,EPG(PB08)_L5,4,4,1.0,0.0
Delta7(PB15)_L7R2_L,EPG(PB08)_L2,5,8,1.6,0.5477225575051661
Delta7(PB15)_L7R2_L,EPG(PB08)_R6,5,5,1.0,0.0
Delta7(PB15)_L7R2_L,EPG(PB08)_R7,6,7,1.1666666666666667,0.408248290463863
Delta7(PB15)_L7R2_L,EPG(PB08)_L7,9,159,17.666666666666668,4.847679857416329
Delta7(PB15)_L7R2_L,EPG(PB08)_L8,4,6,1.5,1.0
Delta7(PB15)_L7R2_L,EPG(PB08)_R8,2,2,1.0,0.0
Delta7(PB15)_L7R2_L,EPG(PB08)_R1,1,4,4.0,0.0
Delta7(PB15)_L7R2_L,Delta7(PB15)_L6R3_L,15,158,10.533333333333333,4.882427187178037
Delta7(PB15)_L7R2_L,Delta7(PB15)_L5R4_L,15,189,12.6,6.092149515096105
Delta7(PB15)_L7R2_L,Delta7(PB15)_L4R5_R,15,197,13.133333333333333,7.827302643099133
Delta7(PB15)_L7R2_L,Delta7(PB15)_L1L9R8_R,15,153,10.2,4.7086546455891805
Delta7(PB15)_L7R2_L,Delta7(PB15)_L8R1R9_L,14,111,7.928571428571429,4.5651570992310155
Delta7(PB15)_L7R2_L,Delta7(PB15)_L3R6_R,12,184,15.333333333333334,6.414944672521748
Delta7(PB15)_L7R2_L,Delta7(PB15)_L2R7_R,15,200,13.333333333333334,3.8297084310253524
Delta7(PB15)_L7R2_L,PEG(PB07)_R1,1,3,3.0,0.0
Delta7(PB15)_L7R2_L,PEG(PB07)_L5,3,3,1.0,0.0
Delta7(PB15)_L7R2_L,PEG(PB07)_L6,1,6,6.0,0.0
Delta7(PB15)_L7R2_L,PEG(PB07)_R6,1,1,1.0,0.0
Delta7(PB15)_L7R2_L,PEG(PB07)_R4,1,1,1.0,0.0
Delta7(PB15)_L7R2_L,PEG(PB07)_L4,2,3,1.5,0.7071067811865476
Delta7(PB15)_L7R2_L,PEG(PB07)_R2,3,168,56.0,6.082762530298219
Delta7(PB15)_L7R2_L,PEG(PB07)_R3,2,19,9.5,4.949747468305833
Delta7(PB15)_L7R2_L,PEG(PB07)_L3,3,8,2.6666666666666665,1.5275252316519468
Delta7(PB15)_L7R2_L,PEG(PB07)_R7,1,2,2.0,0.0
Delta7(PB15)_L7R2_L,PEG(PB07)_L7,3,87,29.0,6.244997998398398
Delta7(PB15)_L7R2_L,PEG(PB07)_L8,2,10,5.0,2.8284271247461903
Delta7(PB15)_L7R2_L,PEG(PB07)_R9,0,0,0.0,0.0
Delta7(PB15)_L7R2_L,PEG(PB07)_L1,1,2,2.0,0.0
Delta7(PB15)_L7R2_L,PEG(PB07)_L2,2,4,2.0,0.0
Delta7(PB15)_L7R2_L,PEG(PB07)_L9,0,0,0.0,0.0
Delta7(PB15)_L7R2_L,PEG(PB07)_R5,2,4,2.0,1.4142135623730951
Delta7(PB15)_L7R2_L,PEG(PB07)_R8,0,0,0.0,0.0
Delta7(PB15)_L7R2_L,PEN_a(PB06a)_L7,3,26,8.666666666666666,3.2145502536643185
Delta7(PB15)_L7R2_L,PEN_a(PB06a)_R4,0,0,0.0,0.0
Delta7(PB15)_L7R2_L,PEN_a(PB06a)_R3,1,2,2.0,0.0
Delta7(PB15)_L7R2_L,PEN_a(PB06a)_L2,2,2,1.0,0.0
Delta7(PB15)_L7R2_L,PEN_a(PB06a)_R6,2,3,1.5,0.7071067811865476
Delta7(PB15)_L7R2_L,PEN_a(PB06a)_L6,1,1,1.0,0.0
Delta7(PB15)_L7R2_L,PEN_a(PB06a)_L4,1,1,1.0,0.0
Delta7(PB15)_L7R2_L,PEN_a(PB06a)_R5,1,1,1.0,0.0
Delta7(PB15)_L7R2_L,PEN_a(PB06a)_R2,3,66,22.0,11.532562594670797
Delta7(PB15)_L7R2_L,PEN_a(PB06a)_R7,1,1,1.0,0.0
Delta7(PB15)_L7R2_L,PEN_a(PB06a)_R8,0,0,0.0,0.0
Delta7(PB15)_L7R2_L,PEN_a(PB06a)_L8,0,0,0.0,0.0
Delta7(PB15)_L7R2_L,PEN_a(PB06a)_R9,0,0,0.0,0.0
Delta7(PB15)_L7R2_L,PEN_a(PB06a)_L9,0,0,0.0,0.0
Delta7(PB15)_L7R2_L,PEN_a(PB06a)_L3,0,0,0.0,0.0
Delta7(PB15)_L7R2_L,PEN_a(PB06a)_L5,0,0,0.0,0.0
Delta7(PB15)_L7R2_L,PEN_b(PB06b)_L4,1,1,1.0,0.0
Delta7(PB15)_L7R2_L,PEN_b(PB06b)_R4,1,1,1.0,0.0
Delta7(PB15)_L7R2_L,PEN_b(PB06b)_L6,1,3,3.0,0.0
Delta7(PB15)_L7R2_L,PEN_b(PB06b)_R7,0,0,0.0,0.0
Delta7(PB15)_L7R2_L,PEN_b(PB06b)_R2,3,304,101.33333333333333,28.29016319029166
Delta7(PB15)_L7R2_L,PEN_b(PB06b)_R5,1,1,1.0,0.0
Delta7(PB15)_L7R2_L,PEN_b(PB06b)_R6,2,2,1.0,0.0
Delta7(PB15)_L7R2_L,PEN_b(PB06b)_R3,1,13,13.0,0.0
Delta7(PB15)_L7R2_L,PEN_b(PB06b)_R8,0,0,0.0,0.0
Delta7(PB15)_L7R2_L,PEN_b(PB06b)_R9,0,0,0.0,0.0
Delta7(PB15)_L7R2_L,PEN_b(PB06b)_L9,0,0,0.0,0.0
Delta7(PB15)_L7R2_L,PEN_b(PB06b)_L7,3,158,52.666666666666664,10.96965511460289
Delta7(PB15)_L7R2_L,PEN_b(PB06b)_L8,2,3,1.5,0.7071067811865476
Delta7(PB15)_L7R2_L,PEN_b(PB06b)_L5,0,0,0.0,0.0
Delta7(PB15)_L7R2_L,PEN_b(PB06b)_L2,2,2,1.0,0.0
Delta7(PB15)_L7R2_L,PEN_b(PB06b)_L3,3,4,1.3333333333333333,0.5773502691896257
Delta7(PB15)_L2R7_R,EPG(PB08)_L3,9,94,10.444444444444445,9.527737285304301
Delta7(PB15)_L2R7_R,EPG(PB08)_R4,15,37,2.466666666666667,1.1872336794093274
Delta7(PB15)_L2R7_R,EPG(PB08)_R3,14,38,2.7142857142857144,1.4373357526806554
Delta7(PB15)_L2R7_R,EPG(PB08)_L6,3,3,1.0,0.0
Delta7(PB15)_L2R7_R,EPG(PB08)_L1,6,44,7.333333333333333,5.573747990954262
Delta7(PB15)_L2R7_R,EPG(PB08)_R2,3,3,1.0,0.0
Delta7(PB15)_L2R7_R,EPG(PB08)_L4,5,7,1.4,0.5477225575051661
Delta7(PB15)_L2R7_R,EPG(PB08)_R5,8,14,1.75,0.8864052604279183
Delta7(PB15)_L2R7_R,EPG(PB08)_L5,4,5,1.25,0.5
Delta7(PB15)_L2R7_R,EPG(PB08)_L2,14,245,17.5,15.15433423657556
Delta7(PB15)_L2R7_R,EPG(PB08)_R6,5,12,2.4,2.073644135332772
Delta7(PB15)_L2R7_R,EPG(PB08)_R7,15,269,17.933333333333334,8.01308453777469
Delta7(PB15)_L2R7_R,EPG(PB08)_L7,1,1,1.0,0.0
Delta7(PB15)_L2R7_R,EPG(PB08)_L8,1,1,1.0,0.0
Delta7(PB15)_L2R7_R,EPG(PB08)_R8,8,15,1.875,0.6408699444616558
Delta7(PB15)_L2R7_R,EPG(PB08)_R1,3,4,1.3333333333333333,0.5773502691896257
Delta7(PB15)_L2R7_R,Delta7(PB15)_L6R3_L,26,400,15.384615384615385,5.98716576070463
Delta7(PB15)_L2R7_R,Delta7(PB15)_L5R4_L,26,427,16.423076923076923,5.82527648733055
Delta7(PB15)_L2R7_R,Delta7(PB15)_L4R5_R,25,332,13.28,5.08691130910169
Delta7(PB15)_L2R7_R,Delta7(PB15)_L1L9R8_R,25,189,7.56,3.428799595582493
Delta7(PB15)_L2R7_R,Delta7(PB15)_L8R1R9_L,25,329,13.16,5.137119815616529
Delta7(PB15)_L2R7_R,Delta7(PB15)_L3R6_R,22,192,8.727272727272727,4.3989372978765395
Delta7(PB15)_L2R7_R,Delta7(PB15)_L7R2_L,15,219,14.6,4.436858605558023
Delta7(PB15)_L2R7_R,PEG(PB07)_R1,1,1,1.0,0.0
Delta7(PB15)_L2R7_R,PEG(PB07)_L5,0,0,0.0,0.0
Delta7(PB15)_L2R7_R,PEG(PB07)_L6,1,1,1.0,0.0
Delta7(PB15)_L2R7_R,PEG(PB07)_R6,3,4,1.3333333333333333,0.5773502691896257
Delta7(PB15)_L2R7_R,PEG(PB07)_R4,5,13,2.6,0.8944271909999159
Delta7(PB15)_L2R7_R,PEG(PB07)_L4,3,3,1.0,0.0
Delta7(PB15)_L2R7_R,PEG(PB07)_R2,1,2,2.0,0.0
Delta7(PB15)_L2R7_R,PEG(PB07)_R3,5,12,2.4,1.140175425099138
Delta7(PB15)_L2R7_R,PEG(PB07)_L3,4,72,18.0,17.81385228784985
Delta7(PB15)_L2R7_R,PEG(PB07)_R7,5,244,48.8,18.240065789355036
Delta7(PB15)_L2R7_R,PEG(PB07)_L7,1,1,1.0,0.0
Delta7(PB15)_L2R7_R,PEG(PB07)_L8,0,0,0.0,0.0
Delta7(PB15)_L2R7_R,PEG(PB07)_R9,0,0,0.0,0.0
Delta7(PB15)_L2R7_R,PEG(PB07)_L1,3,28,9.333333333333334,6.3508529610858835
Delta7(PB15)_L2R7_R,PEG(PB07)_L2,6,264,44.0,31.7742033731768
Delta7(PB15)_L2R7_R,PEG(PB07)_L9,0,0,0.0,0.0
Delta7(PB15)_L2R7_R,PEG(PB07)_R5,3,4,1.3333333333333333,0.5773502691896257
Delta7(PB15)_L2R7_R,PEG(PB07)_R8,4,28,7.0,5.477225575051661
Delta7(PB15)_L2R7_R,PEN_a(PB06a)_L7,0,0,0.0,0.0
Delta7(PB15)_L2R7_R,PEN_a(PB06a)_R4,1,1,1.0,0.0
Delta7(PB15)_L2R7_R,PEN_a(PB06a)_R3,1,2,2.0,0.0
Delta7(PB15)_L2R7_R,PEN_a(PB06a)_L2,6,168,28.0,15.28397853963424
Delta7(PB15)_L2R7_R,PEN_a(PB06a)_R6,2,5,2.5,2.1213203435596424
Delta7(PB15)_L2R7_R,PEN_a(PB06a)_L6,2,2,1.0,0.0
Delta7(PB15)_L2R7_R,PEN_a(PB06a)_L4,2,3,1.5,0.7071067811865476
Delta7(PB15)_L2R7_R,PEN_a(PB06a)_R5,3,3,1.0,0.0
Delta7(PB15)_L2R7_R,PEN_a(PB06a)_R2,1,1,1.0,0.0
Delta7(PB15)_L2R7_R,PEN_a(PB06a)_R7,5,102,20.4,5.504543577809154
Delta7(PB15)_L2R7_R,PEN_a(PB06a)_R8,2,6,3.0,1.4142135623730951
Delta7(PB15)_L2R7_R,PEN_a(PB06a)_L8,0,0,0.0,0.0
Delta7(PB15)_L2R7_R,PEN_a(PB06a)_R9,0,0,0.0,0.0
Delta7(PB15)_L2R7_R,PEN_a(PB06a)_L9,0,0,0.0,0.0
Delta7(PB15)_L2R7_R,PEN_a(PB06a)_L3,3,38,12.666666666666666,8.504900548115382
Delta7(PB15)_L2R7_R,PEN_a(PB06a)_L5,0,0,0.0,0.0
Delta7(PB15)_L2R7_R,PEN_b(PB06b)_L4,4,4,1.0,0.0
Delta7(PB15)_L2R7_R,PEN_b(PB06b)_R4,2,2,1.0,0.0
Delta7(PB15)_L2R7_R,PEN_b(PB06b)_L6,0,0,0.0,0.0
Delta7(PB15)_L2R7_R,PEN_b(PB06b)_R7,5,423,84.6,22.70022026324855
Delta7(PB15)_L2R7_R,PEN_b(PB06b)_R2,2,2,1.0,0.0
Delta7(PB15)_L2R7_R,PEN_b(PB06b)_R5,1,2,2.0,0.0
Delta7(PB15)_L2R7_R,PEN_b(PB06b)_R6,3,26,8.666666666666666,10.692676621563626
Delta7(PB15)_L2R7_R,PEN_b(PB06b)_R3,3,4,1.3333333333333333,0.5773502691896257
Delta7(PB15)_L2R7_R,PEN_b(PB06b)_R8,3,28,9.333333333333334,5.686240703077327
Delta7(PB15)_L2R7_R,PEN_b(PB06b)_R9,0,0,0.0,0.0
Delta7(PB15)_L2R7_R,PEN_b(PB06b)_L9,0,0,0.0,0.0
Delta7(PB15)_L2R7_R,PEN_b(PB06b)_L7,0,0,0.0,0.0
Delta7(PB15)_L2R7_R,PEN_b(PB06b)_L8,0,0,0.0,0.0
Delta7(PB15)_L2R7_R,PEN_b(PB06b)_L5,0,0,0.0,0.0
Delta7(PB15)_L2R7_R,PEN_b(PB06b)_L2,6,445,74.16666666666667,40.6419323687576
Delta7(PB15)_L2R7_R,PEN_b(PB06b)_L3,3,120,40.0,31.176914536239792
PEG(PB07)_R1,EPG(PB08)_L3,0,0,0.0,0.0
PEG(PB07)_R1,EPG(PB08)_R4,0,0,0.0,0.0
PEG(PB07)_R1,EPG(PB08)_R3,0,0,0.0,0.0
PEG(PB07)_R1,EPG(PB08)_L6,0,0,0.0,0.0
PEG(PB07)_R1,EPG(PB08)_L1,2,3,1.5,0.7071067811865476
PEG(PB07)_R1,EPG(PB08)_R2,0,0,0.0,0.0
PEG(PB07)_R1,EPG(PB08)_L4,0,0,0.0,0.0
PEG(PB07)_R1,EPG(PB08)_R5,0,0,0.0,0.0
PEG(PB07)_R1,EPG(PB08)_L5,0,0,0.0,0.0
PEG(PB07)_R1,EPG(PB08)_L2,0,0,0.0,0.0
PEG(PB07)_R1,EPG(PB08)_R6,0,0,0.0,0.0
PEG(PB07)_R1,EPG(PB08)_R7,0,0,0.0,0.0
PEG(PB07)_R1,EPG(PB08)_L7,0,0,0.0,0.0
PEG(PB07)_R1,EPG(PB08)_L8,0,0,0.0,0.0
PEG(PB07)_R1,EPG(PB08)_R8,0,0,0.0,0.0
PEG(PB07)_R1,EPG(PB08)_R1,2,10,5.0,1.4142135623730951
PEG(PB07)_R1,Delta7(PB15)_L6R3_L,0,0,0.0,0.0
PEG(PB07)_R1,Delta7(PB15)_L5R4_L,0,0,0.0,0.0
PEG(PB07)_R1,Delta7(PB15)_L4R5_R,0,0,0.0,0.0
PEG(PB07)_R1,Delta7(PB15)_L1L9R8_R,0,0,0.0,0.0
PEG(PB07)_R1,Delta7(PB15)_L8R1R9_L,0,0,0.0,0.0
PEG(PB07)_R1,Delta7(PB15)_L3R6_R,0,0,0.0,0.0
PEG(PB07)_R1,Delta7(PB15)_L7R2_L,0,0,0.0,0.0
PEG(PB07)_R1,Delta7(PB15)_L2R7_R,0,0,0.0,0.0
PEG(PB07)_R1,PEG(PB07)_L5,0,0,0.0,0.0
PEG(PB07)_R1,PEG(PB07)_L6,0,0,0.0,0.0
PEG(PB07)_R1,PEG(PB07)_R6,0,0,0.0,0.0
PEG(PB07)_R1,PEG(PB07)_R4,0,0,0.0,0.0
PEG(PB07)_R1,PEG(PB07)_L4,0,0,0.0,0.0
PEG(PB07)_R1,PEG(PB07)_R2,0,0,0.0,0.0
PEG(PB07)_R1,PEG(PB07)_R3,0,0,0.0,0.0
PEG(PB07)_R1,PEG(PB07)_L3,0,0,0.0,0.0
PEG(PB07)_R1,PEG(PB07)_R7,0,0,0.0,0.0
PEG(PB07)_R1,PEG(PB07)_L7,0,0,0.0,0.0
PEG(PB07)_R1,PEG(PB07)_L8,0,0,0.0,0.0
PEG(PB07)_R1,PEG(PB07)_R9,1,6,6.0,0.0
PEG(PB07)_R1,PEG(PB07)_L1,1,1,1.0,0.0
PEG(PB07)_R1,PEG(PB07)_L2,0,0,0.0,0.0
PEG(PB07)_R1,PEG(PB07)_L9,1,4,4.0,0.0
PEG(PB07)_R1,PEG(PB07)_R5,0,0,0.0,0.0
PEG(PB07)_R1,PEG(PB07)_R8,0,0,0.0,0.0
PEG(PB07)_R1,PEN_a(PB06a)_L7,0,0,0.0,0.0
PEG(PB07)_R1,PEN_a(PB06a)_R4,0,0,0.0,0.0
PEG(PB07)_R1,PEN_a(PB06a)_R3,0,0,0.0,0.0
PEG(PB07)_R1,PEN_a(PB06a)_L2,0,0,0.0,0.0
PEG(PB07)_R1,PEN_a(PB06a)_R6,0,0,0.0,0.0
PEG(PB07)_R1,PEN_a(PB06a)_L6,0,0,0.0,0.0
PEG(PB07)_R1,PEN_a(PB06a)_L4,0,0,0.0,0.0
PEG(PB07)_R1,PEN_a(PB06a)_R5,0,0,0.0,0.0
PEG(PB07)_R1,PEN_a(PB06a)_R2,1,4,4.0,0.0
PEG(PB07)_R1,PEN_a(PB06a)_R7,0,0,0.0,0.0
PEG(PB07)_R1,PEN_a(PB06a)_R8,0,0,0.0,0.0
PEG(PB07)_R1,PEN_a(PB06a)_L8,0,0,0.0,0.0
PEG(PB07)_R1,PEN_a(PB06a)_R9,0,0,0.0,0.0
PEG(PB07)_R1,PEN_a(PB06a)_L9,1,1,1.0,0.0
PEG(PB07)_R1,PEN_a(PB06a)_L3,0,0,0.0,0.0
PEG(PB07)_R1,PEN_a(PB06a)_L5,0,0,0.0,0.0
PEG(PB07)_R1,PEN_b(PB06b)_L4,0,0,0.0,0.0
PEG(PB07)_R1,PEN_b(PB06b)_R4,0,0,0.0,0.0
PEG(PB07)_R1,PEN_b(PB06b)_L6,0,0,0.0,0.0
PEG(PB07)_R1,PEN_b(PB06b)_R7,0,0,0.0,0.0
PEG(PB07)_R1,PEN_b(PB06b)_R2,1,11,11.0,0.0
PEG(PB07)_R1,PEN_b(PB06b)_R5,0,0,0.0,0.0
PEG(PB07)_R1,PEN_b(PB06b)_R6,0,0,0.0,0.0
PEG(PB07)_R1,PEN_b(PB06b)_R3,0,0,0.0,0.0
PEG(PB07)_R1,PEN_b(PB06b)_R8,0,0,0.0,0.0
PEG(PB07)_R1,PEN_b(PB06b)_R9,0,0,0.0,0.0
PEG(PB07)_R1,PEN_b(PB06b)_L9,0,0,0.0,0.0
PEG(PB07)_R1,PEN_b(PB06b)_L7,0,0,0.0,0.0
PEG(PB07)_R1,PEN_b(PB06b)_L8,0,0,0.0,0.0
PEG(PB07)_R1,PEN_b(PB06b)_L5,0,0,0.0,0.0
PEG(PB07)_R1,PEN_b(PB06b)_L2,1,18,18.0,0.0
PEG(PB07)_R1,PEN_b(PB06b)_L3,0,0,0.0,0.0
PEG(PB07)_L5,EPG(PB08)_L3,3,8,2.6666666666666665,1.5275252316519468
PEG(PB07)_L5,EPG(PB08)_R4,3,3,1.0,0.0
PEG(PB07)_L5,EPG(PB08)_R3,0,0,0.0,0.0
PEG(PB07)_L5,EPG(PB08)_L6,2,2,1.0,0.0
PEG(PB07)_L5,EPG(PB08)_L1,2,3,1.5,0.7071067811865476
PEG(PB07)_L5,EPG(PB08)_R2,0,0,0.0,0.0
PEG(PB07)_L5,EPG(PB08)_L4,1,1,1.0,0.0
PEG(PB07)_L5,EPG(PB08)_R5,3,6,2.0,1.0
PEG(PB07)_L5,EPG(PB08)_L5,6,16,2.6666666666666665,1.2110601416389966
PEG(PB07)_L5,EPG(PB08)_L2,0,0,0.0,0.0
PEG(PB07)_L5,EPG(PB08)_R6,0,0,0.0,0.0
PEG(PB07)_L5,EPG(PB08)_R7,0,0,0.0,0.0
PEG(PB07)_L5,EPG(PB08)_L7,3,5,1.6666666666666667,1.1547005383792515
PEG(PB07)_L5,EPG(PB08)_L8,0,0,0.0,0.0
PEG(PB07)_L5,EPG(PB08)_R8,0,0,0.0,0.0
PEG(PB07)_L5,EPG(PB08)_R1,0,0,0.0,0.0
PEG(PB07)_L5,Delta7(PB15)_L6R3_L,0,0,0.0,0.0
PEG(PB07)_L5,Delta7(PB15)_L5R4_L,0,0,0.0,0.0
PEG(PB07)_L5,Delta7(PB15)_L4R5_R,0,0,0.0,0.0
PEG(PB07)_L5,Delta7(PB15)_L1L9R8_R,0,0,0.0,0.0
PEG(PB07)_L5,Delta7(PB15)_L8R1R9_L,0,0,0.0,0.0
PEG(PB07)_L5,Delta7(PB15)_L3R6_R,0,0,0.0,0.0
PEG(PB07)_L5,Delta7(PB15)_L7R2_L,0,0,0.0,0.0
PEG(PB07)_L5,Delta7(PB15)_L2R7_R,0,0,0.0,0.0
PEG(PB07)_L5,PEG(PB07)_R1,0,0,0.0,0.0
PEG(PB07)_L5,PEG(PB07)_L6,0,0,0.0,0.0
PEG(PB07)_L5,PEG(PB07)_R6,0,0,0.0,0.0
PEG(PB07)_L5,PEG(PB07)_R4,1,1,1.0,0.0
PEG(PB07)_L5,PEG(PB07)_L4,1,1,1.0,0.0
PEG(PB07)_L5,PEG(PB07)_R2,0,0,0.0,0.0
PEG(PB07)_L5,PEG(PB07)_R3,0,0,0.0,0.0
PEG(PB07)_L5,PEG(PB07)_L3,1,2,2.0,0.0
PEG(PB07)_L5,PEG(PB07)_R7,0,0,0.0,0.0
PEG(PB07)_L5,PEG(PB07)_L7,1,2,2.0,0.0
PEG(PB07)_L5,PEG(PB07)_L8,0,0,0.0,0.0
PEG(PB07)_L5,PEG(PB07)_R9,0,0,0.0,0.0
PEG(PB07)_L5,PEG(PB07)_L1,1,1,1.0,0.0
PEG(PB07)_L5,PEG(PB07)_L2,1,2,2.0,0.0
PEG(PB07)_L5,PEG(PB07)_L9,1,1,1.0,0.0
PEG(PB07)_L5,PEG(PB07)_R5,0,0,0.0,0.0
PEG(PB07)_L5,PEG(PB07)_R8,0,0,0.0,0.0
PEG(PB07)_L5,PEN_a(PB06a)_L7,0,0,0.0,0.0
PEG(PB07)_L5,PEN_a(PB06a)_R4,0,0,0.0,0.0
PEG(PB07)_L5,PEN_a(PB06a)_R3,0,0,0.0,0.0
PEG(PB07)_L5,PEN_a(PB06a)_L2,0,0,0.0,0.0
PEG(PB07)_L5,PEN_a(PB06a)_R6,1,4,4.0,0.0
PEG(PB07)_L5,PEN_a(PB06a)_L6,1,2,2.0,0.0
PEG(PB07)_L5,PEN_a(PB06a)_L4,0,0,0.0,0.0
PEG(PB07)_L5,PEN_a(PB06a)_R5,0,0,0.0,0.0
PEG(PB07)_L5,PEN_a(PB06a)_R2,0,0,0.0,0.0
PEG(PB07)_L5,PEN_a(PB06a)_R7,0,0,0.0,0.0
PEG(PB07)_L5,PEN_a(PB06a)_R8,0,0,0.0,0.0
PEG(PB07)_L5,PEN_a(PB06a)_L8,0,0,0.0,0.0
PEG(PB07)_L5,PEN_a(PB06a)_R9,0,0,0.0,0.0
PEG(PB07)_L5,PEN_a(PB06a)_L9,0,0,0.0,0.0
PEG(PB07)_L5,PEN_a(PB06a)_L3,0,0,0.0,0.0
PEG(PB07)_L5,PEN_a(PB06a)_L5,0,0,0.0,0.0
PEG(PB07)_L5,PEN_b(PB06b)_L4,0,0,0.0,0.0
PEG(PB07)_L5,PEN_b(PB06b)_R4,0,0,0.0,0.0
PEG(PB07)_L5,PEN_b(PB06b)_L6,2,28,14.0,2.8284271247461903
PEG(PB07)_L5,PEN_b(PB06b)_R7,1,1,1.0,0.0
PEG(PB07)_L5,PEN_b(PB06b)_R2,0,0,0.0,0.0
PEG(PB07)_L5,PEN_b(PB06b)_R5,1,4,4.0,0.0
PEG(PB07)_L5,PEN_b(PB06b)_R6,2,42,21.0,1.4142135623730951
PEG(PB07)_L5,PEN_b(PB06b)_R3,0,0,0.0,0.0
PEG(PB07)_L5,PEN_b(PB06b)_R8,0,0,0.0,0.0
PEG(PB07)_L5,PEN_b(PB06b)_R9,0,0,0.0,0.0
PEG(PB07)_L5,PEN_b(PB06b)_L9,0,0,0.0,0.0
PEG(PB07)_L5,PEN_b(PB06b)_L7,1,1,1.0,0.0
PEG(PB07)_L5,PEN_b(PB06b)_L8,0,0,0.0,0.0
PEG(PB07)_L5,PEN_b(PB06b)_L5,0,0,0.0,0.0
PEG(PB07)_L5,PEN_b(PB06b)_L2,0,0,0.0,0.0
PEG(PB07)_L5,PEN_b(PB06b)_L3,0,0,0.0,0.0
PEG(PB07)_L6,EPG(PB08)_L3,0,0,0.0,0.0
PEG(PB07)_L6,EPG(PB08)_R4,2,4,2.0,1.4142135623730951
PEG(PB07)_L6,EPG(PB08)_R3,1,1,1.0,0.0
PEG(PB07)_L6,EPG(PB08)_L6,5,11,2.2,1.0954451150103321
PEG(PB07)_L6,EPG(PB08)_L1,0,0,0.0,0.0
PEG(PB07)_L6,EPG(PB08)_R2,0,0,0.0,0.0
PEG(PB07)_L6,EPG(PB08)_L4,3,6,2.0,0.0
PEG(PB07)_L6,EPG(PB08)_R5,0,0,0.0,0.0
PEG(PB07)_L6,EPG(PB08)_L5,1,1,1.0,0.0
PEG(PB07)_L6,EPG(PB08)_L2,2,5,2.5,0.7071067811865476
PEG(PB07)_L6,EPG(PB08)_R6,0,0,0.0,0.0
PEG(PB07)_L6,EPG(PB08)_R7,0,0,0.0,0.0
PEG(PB07)_L6,EPG(PB08)_L7,0,0,0.0,0.0
PEG(PB07)_L6,EPG(PB08)_L8,4,7,1.75,0.9574271077563381
PEG(PB07)_L6,EPG(PB08)_R8,0,0,0.0,0.0
PEG(PB07)_L6,EPG(PB08)_R1,0,0,0.0,0.0
PEG(PB07)_L6,Delta7(PB15)_L6R3_L,0,0,0.0,0.0
PEG(PB07)_L6,Delta7(PB15)_L5R4_L,0,0,0.0,0.0
PEG(PB07)_L6,Delta7(PB15)_L4R5_R,0,0,0.0,0.0
PEG(PB07)_L6,Delta7(PB15)_L1L9R8_R,2,2,1.0,0.0
PEG(PB07)_L6,Delta7(PB15)_L8R1R9_L,0,0,0.0,0.0
PEG(PB07)_L6,Delta7(PB15)_L3R6_R,1,1,1.0,0.0
PEG(PB07)_L6,Delta7(PB15)_L7R2_L,0,0,0.0,0.0
PEG(PB07)_L6,Delta7(PB15)_L2R7_R,1,1,1.0,0.0
PEG(PB07)_L6,PEG(PB07)_R1,0,0,0.0,0.0
PEG(PB07)_L6,PEG(PB07)_L5,1,1,1.0,0.0
PEG(PB07)_L6,PEG(PB07)_R6,0,0,0.0,0.0
PEG(PB07)_L6,PEG(PB07)_R4,1,2,2.0,0.0
PEG(PB07)_L6,PEG(PB07)_L4,1,3,3.0,0.0
PEG(PB07)_L6,PEG(PB07)_R2,0,0,0.0,0.0
PEG(PB07)_L6,PEG(PB07)_R3,1,1,1.0,0.0
PEG(PB07)_L6,PEG(PB07)_L3,0,0,0.0,0.0
PEG(PB07)_L6,PEG(PB07)_R7,0,0,0.0,0.0
PEG(PB07)_L6,PEG(PB07)_L7,0,0,0.0,0.0
PEG(PB07)_L6,PEG(PB07)_L8,0,0,0.0,0.0
PEG(PB07)_L6,PEG(PB07)_R9,0,0,0.0,0.0
PEG(PB07)_L6,PEG(PB07)_L1,0,0,0.0,0.0
PEG(PB07)_L6,PEG(PB07)_L2,1,2,2.0,0.0
PEG(PB07)_L6,PEG(PB07)_L9,0,0,0.0,0.0
PEG(PB07)_L6,PEG(PB07)_R5,0,0,0.0,0.0
PEG(PB07)_L6,PEG(PB07)_R8,0,0,0.0,0.0
PEG(PB07)_L6,PEN_a(PB06a)_L7,1,1,1.0,0.0
PEG(PB07)_L6,PEN_a(PB06a)_R4,0,0,0.0,0.0
PEG(PB07)_L6,PEN_a(PB06a)_R3,0,0,0.0,0.0
PEG(PB07)_L6,PEN_a(PB06a)_L2,0,0,0.0,0.0
PEG(PB07)_L6,PEN_a(PB06a)_R6,0,0,0.0,0.0
PEG(PB07)_L6,PEN_a(PB06a)_L6,1,2,2.0,0.0
PEG(PB07)_L6,PEN_a(PB06a)_L4,0,0,0.0,0.0
PEG(PB07)_L6,PEN_a(PB06a)_R5,1,3,3.0,0.0
PEG(PB07)_L6,PEN_a(PB06a)_R2,0,0,0.0,0.0
PEG(PB07)_L6,PEN_a(PB06a)_R7,0,0,0.0,0.0
PEG(PB07)_L6,PEN_a(PB06a)_R8,0,0,0.0,0.0
PEG(PB07)_L6,PEN_a(PB06a)_L8,0,0,0.0,0.0
PEG(PB07)_L6,PEN_a(PB06a)_R9,0,0,0.0,0.0
PEG(PB07)_L6,PEN_a(PB06a)_L9,0,0,0.0,0.0
PEG(PB07)_L6,PEN_a(PB06a)_L3,0,0,0.0,0.0
PEG(PB07)_L6,PEN_a(PB06a)_L5,0,0,0.0,0.0
PEG(PB07)_L6,PEN_b(PB06b)_L4,0,0,0.0,0.0
PEG(PB07)_L6,PEN_b(PB06b)_R4,1,2,2.0,0.0
PEG(PB07)_L6,PEN_b(PB06b)_L6,0,0,0.0,0.0
PEG(PB07)_L6,PEN_b(PB06b)_R7,0,0,0.0,0.0
PEG(PB07)_L6,PEN_b(PB06b)_R2,0,0,0.0,0.0
PEG(PB07)_L6,PEN_b(PB06b)_R5,1,42,42.0,0.0
PEG(PB07)_L6,PEN_b(PB06b)_R6,0,0,0.0,0.0
PEG(PB07)_L6,PEN_b(PB06b)_R3,0,0,0.0,0.0
PEG(PB07)_L6,PEN_b(PB06b)_R8,0,0,0.0,0.0
PEG(PB07)_L6,PEN_b(PB06b)_R9,0,0,0.0,0.0
PEG(PB07)_L6,PEN_b(PB06b)_L9,0,0,0.0,0.0
PEG(PB07)_L6,PEN_b(PB06b)_L7,1,43,43.0,0.0
PEG(PB07)_L6,PEN_b(PB06b)_L8,1,1,1.0,0.0
PEG(PB07)_L6,PEN_b(PB06b)_L5,0,0,0.0,0.0
PEG(PB07)_L6,PEN_b(PB06b)_L2,0,0,0.0,0.0
PEG(PB07)_L6,PEN_b(PB06b)_L3,0,0,0.0,0.0
PEG(PB07)_R6,EPG(PB08)_L3,1,1,1.0,0.0
PEG(PB07)_R6,EPG(PB08)_R4,0,0,0.0,0.0
PEG(PB07)_R6,EPG(PB08)_R3,0,0,0.0,0.0
PEG(PB07)_R6,EPG(PB08)_L6,0,0,0.0,0.0
PEG(PB07)_R6,EPG(PB08)_L1,0,0,0.0,0.0
PEG(PB07)_R6,EPG(PB08)_R2,0,0,0.0,0.0
PEG(PB07)_R6,EPG(PB08)_L4,2,4,2.0,1.4142135623730951
PEG(PB07)_R6,EPG(PB08)_R5,2,2,1.0,0.0
PEG(PB07)_R6,EPG(PB08)_L5,0,0,0.0,0.0
PEG(PB07)_R6,EPG(PB08)_L2,0,0,0.0,0.0
PEG(PB07)_R6,EPG(PB08)_R6,3,5,1.6666666666666667,0.5773502691896257
PEG(PB07)_R6,EPG(PB08)_R7,0,0,0.0,0.0
PEG(PB07)_R6,EPG(PB08)_L7,0,0,0.0,0.0
PEG(PB07)_R6,EPG(PB08)_L8,0,0,0.0,0.0
PEG(PB07)_R6,EPG(PB08)_R8,0,0,0.0,0.0
PEG(PB07)_R6,EPG(PB08)_R1,0,0,0.0,0.0
PEG(PB07)_R6,Delta7(PB15)_L6R3_L,0,0,0.0,0.0
PEG(PB07)_R6,Delta7(PB15)_L5R4_L,0,0,0.0,0.0
PEG(PB07)_R6,Delta7(PB15)_L4R5_R,0,0,0.0,0.0
PEG(PB07)_R6,Delta7(PB15)_L1L9R8_R,0,0,0.0,0.0
PEG(PB07)_R6,Delta7(PB15)_L8R1R9_L,0,0,0.0,0.0
PEG(PB07)_R6,Delta7(PB15)_L3R6_R,0,0,0.0,0.0
PEG(PB07)_R6,Delta7(PB15)_L7R2_L,0,0,0.0,0.0
PEG(PB07)_R6,Delta7(PB15)_L2R7_R,0,0,0.0,0.0
PEG(PB07)_R6,PEG(PB07)_R1,0,0,0.0,0.0
PEG(PB07)_R6,PEG(PB07)_L5,1,1,1.0,0.0
PEG(PB07)_R6,PEG(PB07)_L6,0,0,0.0,0.0
PEG(PB07)_R6,PEG(PB07)_R4,0,0,0.0,0.0
PEG(PB07)_R6,PEG(PB07)_L4,1,2,2.0,0.0
PEG(PB07)_R6,PEG(PB07)_R2,0,0,0.0,0.0
PEG(PB07)_R6,PEG(PB07)_R3,0,0,0.0,0.0
PEG(PB07)_R6,PEG(PB07)_L3,0,0,0.0,0.0
PEG(PB07)_R6,PEG(PB07)_R7,1,1,1.0,0.0
PEG(PB07)_R6,PEG(PB07)_L7,0,0,0.0,0.0
PEG(PB07)_R6,PEG(PB07)_L8,0,0,0.0,0.0
PEG(PB07)_R6,PEG(PB07)_R9,0,0,0.0,0.0
PEG(PB07)_R6,PEG(PB07)_L1,0,0,0.0,0.0
PEG(PB07)_R6,PEG(PB07)_L2,0,0,0.0,0.0
PEG(PB07)_R6,PEG(PB07)_L9,0,0,0.0,0.0
PEG(PB07)_R6,PEG(PB07)_R5,0,0,0.0,0.0
PEG(PB07)_R6,PEG(PB07)_R8,0,0,0.0,0.0
PEG(PB07)_R6,PEN_a(PB06a)_L7,0,0,0.0,0.0
PEG(PB07)_R6,PEN_a(PB06a)_R4,0,0,0.0,0.0
PEG(PB07)_R6,PEN_a(PB06a)_R3,0,0,0.0,0.0
PEG(PB07)_R6,PEN_a(PB06a)_L2,0,0,0.0,0.0
PEG(PB07)_R6,PEN_a(PB06a)_R6,0,0,0.0,0.0
PEG(PB07)_R6,PEN_a(PB06a)_L6,0,0,0.0,0.0
PEG(PB07)_R6,PEN_a(PB06a)_L4,0,0,0.0,0.0
PEG(PB07)_R6,PEN_a(PB06a)_R5,0,0,0.0,0.0
PEG(PB07)_R6,PEN_a(PB06a)_R2,0,0,0.0,0.0
PEG(PB07)_R6,PEN_a(PB06a)_R7,1,3,3.0,0.0
PEG(PB07)_R6,PEN_a(PB06a)_R8,0,0,0.0,0.0
PEG(PB07)_R6,PEN_a(PB06a)_L8,0,0,0.0,0.0
PEG(PB07)_R6,PEN_a(PB06a)_R9,0,0,0.0,0.0
PEG(PB07)_R6,PEN_a(PB06a)_L9,0,0,0.0,0.0
PEG(PB07)_R6,PEN_a(PB06a)_L3,0,0,0.0,0.0
PEG(PB07)_R6,PEN_a(PB06a)_L5,1,1,1.0,0.0
PEG(PB07)_R6,PEN_b(PB06b)_L4,2,10,5.0,0.0
PEG(PB07)_R6,PEN_b(PB06b)_R4,0,0,0.0,0.0
PEG(PB07)_R6,PEN_b(PB06b)_L6,2,2,1.0,0.0
PEG(PB07)_R6,PEN_b(PB06b)_R7,1,27,27.0,0.0
PEG(PB07)_R6,PEN_b(PB06b)_R2,0,0,0.0,0.0
PEG(PB07)_R6,PEN_b(PB06b)_R5,0,0,0.0,0.0
PEG(PB07)_R6,PEN_b(PB06b)_R6,1,4,4.0,0.0
PEG(PB07)_R6,PEN_b(PB06b)_R3,0,0,0.0,0.0
PEG(PB07)_R6,PEN_b(PB06b)_R8,1,3,3.0,0.0
PEG(PB07)_R6,PEN_b(PB06b)_R9,0,0,0.0,0.0
PEG(PB07)_R6,PEN_b(PB06b)_L9,0,0,0.0,0.0
PEG(PB07)_R6,PEN_b(PB06b)_L7,0,0,0.0,0.0
PEG(PB07)_R6,PEN_b(PB06b)_L8,0,0,0.0,0.0
PEG(PB07)_R6,PEN_b(PB06b)_L5,1,31,31.0,0.0
PEG(PB07)_R6,PEN_b(PB06b)_L2,0,0,0.0,0.0
PEG(PB07)_R6,PEN_b(PB06b)_L3,0,0,0.0,0.0
PEG(PB07)_R4,EPG(PB08)_L3,0,0,0.0,0.0
PEG(PB07)_R4,EPG(PB08)_R4,3,21,7.0,3.4641016151377544
PEG(PB07)_R4,EPG(PB08)_R3,2,2,1.0,0.0
PEG(PB07)_R4,EPG(PB08)_L6,3,6,2.0,0.0
PEG(PB07)_R4,EPG(PB08)_L1,0,0,0.0,0.0
PEG(PB07)_R4,EPG(PB08)_R2,0,0,0.0,0.0
PEG(PB07)_R4,EPG(PB08)_L4,0,0,0.0,0.0
PEG(PB07)_R4,EPG(PB08)_R5,0,0,0.0,0.0
PEG(PB07)_R4,EPG(PB08)_L5,1,1,1.0,0.0
PEG(PB07)_R4,EPG(PB08)_L2,0,0,0.0,0.0
PEG(PB07)_R4,EPG(PB08)_R6,0,0,0.0,0.0
PEG(PB07)_R4,EPG(PB08)_R7,0,0,0.0,0.0
PEG(PB07)_R4,EPG(PB08)_L7,0,0,0.0,0.0
PEG(PB07)_R4,EPG(PB08)_L8,0,0,0.0,0.0
PEG(PB07)_R4,EPG(PB08)_R8,0,0,0.0,0.0
PEG(PB07)_R4,EPG(PB08)_R1,0,0,0.0,0.0
PEG(PB07)_R4,Delta7(PB15)_L6R3_L,0,0,0.0,0.0
PEG(PB07)_R4,Delta7(PB15)_L5R4_L,0,0,0.0,0.0
PEG(PB07)_R4,Delta7(PB15)_L4R5_R,0,0,0.0,0.0
PEG(PB07)_R4,Delta7(PB15)_L1L9R8_R,0,0,0.0,0.0
PEG(PB07)_R4,Delta7(PB15)_L8R1R9_L,0,0,0.0,0.0
PEG(PB07)_R4,Delta7(PB15)_L3R6_R,0,0,0.0,0.0
PEG(PB07)_R4,Delta7(PB15)_L7R2_L,0,0,0.0,0.0
PEG(PB07)_R4,Delta7(PB15)_L2R7_R,0,0,0.0,0.0
PEG(PB07)_R4,PEG(PB07)_R1,0,0,0.0,0.0
PEG(PB07)_R4,PEG(PB07)_L5,1,1,1.0,0.0
PEG(PB07)_R4,PEG(PB07)_L6,1,7,7.0,0.0
PEG(PB07)_R4,PEG(PB07)_R6,0,0,0.0,0.0
PEG(PB07)_R4,PEG(PB07)_L4,0,0,0.0,0.0
PEG(PB07)_R4,PEG(PB07)_R2,0,0,0.0,0.0
PEG(PB07)_R4,PEG(PB07)_R3,0,0,0.0,0.0
PEG(PB07)_R4,PEG(PB07)_L3,0,0,0.0,0.0
PEG(PB07)_R4,PEG(PB07)_R7,0,0,0.0,0.0
PEG(PB07)_R4,PEG(PB07)_L7,0,0,0.0,0.0
PEG(PB07)_R4,PEG(PB07)_L8,0,0,0.0,0.0
PEG(PB07)_R4,PEG(PB07)_R9,0,0,0.0,0.0
PEG(PB07)_R4,PEG(PB07)_L1,0,0,0.0,0.0
PEG(PB07)_R4,PEG(PB07)_L2,0,0,0.0,0.0
PEG(PB07)_R4,PEG(PB07)_L9,0,0,0.0,0.0
PEG(PB07)_R4,PEG(PB07)_R5,0,0,0.0,0.0
PEG(PB07)_R4,PEG(PB07)_R8,0,0,0.0,0.0
PEG(PB07)_R4,PEN_a(PB06a)_L7,1,2,2.0,0.0
PEG(PB07)_R4,PEN_a(PB06a)_R4,0,0,0.0,0.0
PEG(PB07)_R4,PEN_a(PB06a)_R3,0,0,0.0,0.0
PEG(PB07)_R4,PEN_a(PB06a)_L2,0,0,0.0,0.0
PEG(PB07)_R4,PEN_a(PB06a)_R6,0,0,0.0,0.0
PEG(PB07)_R4,PEN_a(PB06a)_L6,0,0,0.0,0.0
PEG(PB07)_R4,PEN_a(PB06a)_L4,0,0,0.0,0.0
PEG(PB07)_R4,PEN_a(PB06a)_R5,0,0,0.0,0.0
PEG(PB07)_R4,PEN_a(PB06a)_R2,0,0,0.0,0.0
PEG(PB07)_R4,PEN_a(PB06a)_R7,0,0,0.0,0.0
PEG(PB07)_R4,PEN_a(PB06a)_R8,0,0,0.0,0.0
PEG(PB07)_R4,PEN_a(PB06a)_L8,0,0,0.0,0.0
PEG(PB07)_R4,PEN_a(PB06a)_R9,0,0,0.0,0.0
PEG(PB07)_R4,PEN_a(PB06a)_L9,0,0,0.0,0.0
PEG(PB07)_R4,PEN_a(PB06a)_L3,0,0,0.0,0.0
PEG(PB07)_R4,PEN_a(PB06a)_L5,0,0,0.0,0.0
PEG(PB07)_R4,PEN_b(PB06b)_L4,0,0,0.0,0.0
PEG(PB07)_R4,PEN_b(PB06b)_R4,3,3,1.0,0.0
PEG(PB07)_R4,PEN_b(PB06b)_L6,0,0,0.0,0.0
PEG(PB07)_R4,PEN_b(PB06b)_R7,0,0,0.0,0.0
PEG(PB07)_R4,PEN_b(PB06b)_R2,0,0,0.0,0.0
PEG(PB07)_R4,PEN_b(PB06b)_R5,1,58,58.0,0.0
PEG(PB07)_R4,PEN_b(PB06b)_R6,1,2,2.0,0.0
PEG(PB07)_R4,PEN_b(PB06b)_R3,0,0,0.0,0.0
PEG(PB07)_R4,PEN_b(PB06b)_R8,0,0,0.0,0.0
PEG(PB07)_R4,PEN_b(PB06b)_R9,0,0,0.0,0.0
PEG(PB07)_R4,PEN_b(PB06b)_L9,0,0,0.0,0.0
PEG(PB07)_R4,PEN_b(PB06b)_L7,1,53,53.0,0.0
PEG(PB07)_R4,PEN_b(PB06b)_L8,1,2,2.0,0.0
PEG(PB07)_R4,PEN_b(PB06b)_L5,0,0,0.0,0.0
PEG(PB07)_R4,PEN_b(PB06b)_L2,0,0,0.0,0.0
PEG(PB07)_R4,PEN_b(PB06b)_L3,0,0,0.0,0.0
PEG(PB07)_L4,EPG(PB08)_L3,1,2,2.0,0.0
PEG(PB07)_L4,EPG(PB08)_R4,0,0,0.0,0.0
PEG(PB07)_L4,EPG(PB08)_R3,0,0,0.0,0.0
PEG(PB07)_L4,EPG(PB08)_L6,2,2,1.0,0.0
PEG(PB07)_L4,EPG(PB08)_L1,0,0,0.0,0.0
PEG(PB07)_L4,EPG(PB08)_R2,0,0,0.0,0.0
PEG(PB07)_L4,EPG(PB08)_L4,6,18,3.0,1.6733200530681511
PEG(PB07)_L4,EPG(PB08)_R5,2,6,3.0,2.8284271247461903
PEG(PB07)_L4,EPG(PB08)_L5,0,0,0.0,0.0
PEG(PB07)_L4,EPG(PB08)_L2,2,3,1.5,0.7071067811865476
PEG(PB07)_L4,EPG(PB08)_R6,2,6,3.0,1.4142135623730951
PEG(PB07)_L4,EPG(PB08)_R7,0,0,0.0,0.0
PEG(PB07)_L4,EPG(PB08)_L7,0,0,0.0,0.0
PEG(PB07)_L4,EPG(PB08)_L8,3,5,1.6666666666666667,1.1547005383792515
PEG(PB07)_L4,EPG(PB08)_R8,0,0,0.0,0.0
PEG(PB07)_L4,EPG(PB08)_R1,0,0,0.0,0.0
PEG(PB07)_L4,Delta7(PB15)_L6R3_L,0,0,0.0,0.0
PEG(PB07)_L4,Delta7(PB15)_L5R4_L,0,0,0.0,0.0
PEG(PB07)_L4,Delta7(PB15)_L4R5_R,0,0,0.0,0.0
PEG(PB07)_L4,Delta7(PB15)_L1L9R8_R,0,0,0.0,0.0
PEG(PB07)_L4,Delta7(PB15)_L8R1R9_L,0,0,0.0,0.0
PEG(PB07)_L4,Delta7(PB15)_L3R6_R,0,0,0.0,0.0
PEG(PB07)_L4,Delta7(PB15)_L7R2_L,0,0,0.0,0.0
PEG(PB07)_L4,Delta7(PB15)_L2R7_R,1,1,1.0,0.0
PEG(PB07)_L4,PEG(PB07)_R1,0,0,0.0,0.0
PEG(PB07)_L4,PEG(PB07)_L5,1,1,1.0,0.0
PEG(PB07)_L4,PEG(PB07)_L6,1,3,3.0,0.0
PEG(PB07)_L4,PEG(PB07)_R6,0,0,0.0,0.0
PEG(PB07)_L4,PEG(PB07)_R4,0,0,0.0,0.0
PEG(PB07)_L4,PEG(PB07)_R2,0,0,0.0,0.0
PEG(PB07)_L4,PEG(PB07)_R3,0,0,0.0,0.0
PEG(PB07)_L4,PEG(PB07)_L3,0,0,0.0,0.0
PEG(PB07)_L4,PEG(PB07)_R7,0,0,0.0,0.0
PEG(PB07)_L4,PEG(PB07)_L7,0,0,0.0,0.0
PEG(PB07)_L4,PEG(PB07)_L8,1,2,2.0,0.0
PEG(PB07)_L4,PEG(PB07)_R9,0,0,0.0,0.0
PEG(PB07)_L4,PEG(PB07)_L1,0,0,0.0,0.0
PEG(PB07)_L4,PEG(PB07)_L2,1,3,3.0,0.0
PEG(PB07)_L4,PEG(PB07)_L9,0,0,0.0,0.0
PEG(PB07)_L4,PEG(PB07)_R5,1,1,1.0,0.0
PEG(PB07)_L4,PEG(PB07)_R8,0,0,0.0,0.0
PEG(PB07)_L4,PEN_a(PB06a)_L7,0,0,0.0,0.0
PEG(PB07)_L4,PEN_a(PB06a)_R4,0,0,0.0,0.0
PEG(PB07)_L4,PEN_a(PB06a)_R3,0,0,0.0,0.0
PEG(PB07)_L4,PEN_a(PB06a)_L2,0,0,0.0,0.0
PEG(PB07)_L4,PEN_a(PB06a)_R6,0,0,0.0,0.0
PEG(PB07)_L4,PEN_a(PB06a)_L6,1,1,1.0,0.0
PEG(PB07)_L4,PEN_a(PB06a)_L4,2,2,1.0,0.0
PEG(PB07)_L4,PEN_a(PB06a)_R5,0,0,0.0,0.0
PEG(PB07)_L4,PEN_a(PB06a)_R2,0,0,0.0,0.0
PEG(PB07)_L4,PEN_a(PB06a)_R7,0,0,0.0,0.0
PEG(PB07)_L4,PEN_a(PB06a)_R8,0,0,0.0,0.0
PEG(PB07)_L4,PEN_a(PB06a)_L8,0,0,0.0,0.0
PEG(PB07)_L4,PEN_a(PB06a)_R9,0,0,0.0,0.0
PEG(PB07)_L4,PEN_a(PB06a)_L9,0,0,0.0,0.0
PEG(PB07)_L4,PEN_a(PB06a)_L3,0,0,0.0,0.0
PEG(PB07)_L4,PEN_a(PB06a)_L5,1,2,2.0,0.0
PEG(PB07)_L4,PEN_b(PB06b)_L4,3,4,1.3333333333333333,0.5773502691896257
PEG(PB07)_L4,PEN_b(PB06b)_R4,0,0,0.0,0.0
PEG(PB07)_L4,PEN_b(PB06b)_L6,2,4,2.0,1.4142135623730951
PEG(PB07)_L4,PEN_b(PB06b)_R7,1,20,20.0,0.0
PEG(PB07)_L4,PEN_b(PB06b)_R2,0,0,0.0,0.0
PEG(PB07)_L4,PEN_b(PB06b)_R5,0,0,0.0,0.0
PEG(PB07)_L4,PEN_b(PB06b)_R6,2,14,7.0,0.0
PEG(PB07)_L4,PEN_b(PB06b)_R3,0,0,0.0,0.0
PEG(PB07)_L4,PEN_b(PB06b)_R8,0,0,0.0,0.0
PEG(PB07)_L4,PEN_b(PB06b)_R9,0,0,0.0,0.0
PEG(PB07)_L4,PEN_b(PB06b)_L9,0,0,0.0,0.0
PEG(PB07)_L4,PEN_b(PB06b)_L7,0,0,0.0,0.0
PEG(PB07)_L4,PEN_b(PB06b)_L8,0,0,0.0,0.0
PEG(PB07)_L4,PEN_b(PB06b)_L5,1,35,35.0,0.0
PEG(PB07)_L4,PEN_b(PB06b)_L2,0,0,0.0,0.0
PEG(PB07)_L4,PEN_b(PB06b)_L3,0,0,0.0,0.0
PEG(PB07)_R2,EPG(PB08)_L3,0,0,0.0,0.0
PEG(PB07)_R2,EPG(PB08)_R4,0,0,0.0,0.0
PEG(PB07)_R2,EPG(PB08)_R3,2,2,1.0,0.0
PEG(PB07)_R2,EPG(PB08)_L6,0,0,0.0,0.0
PEG(PB07)_R2,EPG(PB08)_L1,0,0,0.0,0.0
PEG(PB07)_R2,EPG(PB08)_R2,2,14,7.0,1.4142135623730951
PEG(PB07)_R2,EPG(PB08)_L4,0,0,0.0,0.0
PEG(PB07)_R2,EPG(PB08)_R5,0,0,0.0,0.0
PEG(PB07)_R2,EPG(PB08)_L5,0,0,0.0,0.0
PEG(PB07)_R2,EPG(PB08)_L2,0,0,0.0,0.0
PEG(PB07)_R2,EPG(PB08)_R6,0,0,0.0,0.0
PEG(PB07)_R2,EPG(PB08)_R7,0,0,0.0,0.0
PEG(PB07)_R2,EPG(PB08)_L7,3,5,1.6666666666666667,1.1547005383792515
PEG(PB07)_R2,EPG(PB08)_L8,3,5,1.6666666666666667,0.5773502691896257
PEG(PB07)_R2,EPG(PB08)_R8,0,0,0.0,0.0
PEG(PB07)_R2,EPG(PB08)_R1,1,1,1.0,0.0
PEG(PB07)_R2,Delta7(PB15)_L6R3_L,0,0,0.0,0.0
PEG(PB07)_R2,Delta7(PB15)_L5R4_L,0,0,0.0,0.0
PEG(PB07)_R2,Delta7(PB15)_L4R5_R,0,0,0.0,0.0
PEG(PB07)_R2,Delta7(PB15)_L1L9R8_R,0,0,0.0,0.0
PEG(PB07)_R2,Delta7(PB15)_L8R1R9_L,0,0,0.0,0.0
PEG(PB07)_R2,Delta7(PB15)_L3R6_R,0,0,0.0,0.0
PEG(PB07)_R2,Delta7(PB15)_L7R2_L,0,0,0.0,0.0
PEG(PB07)_R2,Delta7(PB15)_L2R7_R,0,0,0.0,0.0
PEG(PB07)_R2,PEG(PB07)_R1,0,0,0.0,0.0
PEG(PB07)_R2,PEG(PB07)_L5,0,0,0.0,0.0
PEG(PB07)_R2,PEG(PB07)_L6,0,0,0.0,0.0
PEG(PB07)_R2,PEG(PB07)_R6,0,0,0.0,0.0
PEG(PB07)_R2,PEG(PB07)_R4,0,0,0.0,0.0
PEG(PB07)_R2,PEG(PB07)_L4,0,0,0.0,0.0
PEG(PB07)_R2,PEG(PB07)_R3,1,1,1.0,0.0
PEG(PB07)_R2,PEG(PB07)_L3,0,0,0.0,0.0
PEG(PB07)_R2,PEG(PB07)_R7,0,0,0.0,0.0
PEG(PB07)_R2,PEG(PB07)_L7,0,0,0.0,0.0
PEG(PB07)_R2,PEG(PB07)_L8,1,6,6.0,0.0
PEG(PB07)_R2,PEG(PB07)_R9,0,0,0.0,0.0
PEG(PB07)_R2,PEG(PB07)_L1,0,0,0.0,0.0
PEG(PB07)_R2,PEG(PB07)_L2,0,0,0.0,0.0
PEG(PB07)_R2,PEG(PB07)_L9,0,0,0.0,0.0
PEG(PB07)_R2,PEG(PB07)_R5,0,0,0.0,0.0
PEG(PB07)_R2,PEG(PB07)_R8,0,0,0.0,0.0
PEG(PB07)_R2,PEN_a(PB06a)_L7,0,0,0.0,0.0
PEG(PB07)_R2,PEN_a(PB06a)_R4,2,2,1.0,0.0
PEG(PB07)_R2,PEN_a(PB06a)_R3,1,2,2.0,0.0
PEG(PB07)_R2,PEN_a(PB06a)_L2,0,0,0.0,0.0
PEG(PB07)_R2,PEN_a(PB06a)_R6,0,0,0.0,0.0
PEG(PB07)_R2,PEN_a(PB06a)_L6,0,0,0.0,0.0
PEG(PB07)_R2,PEN_a(PB06a)_L4,0,0,0.0,0.0
PEG(PB07)_R2,PEN_a(PB06a)_R5,0,0,0.0,0.0
PEG(PB07)_R2,PEN_a(PB06a)_R2,0,0,0.0,0.0
PEG(PB07)_R2,PEN_a(PB06a)_R7,0,0,0.0,0.0
PEG(PB07)_R2,PEN_a(PB06a)_R8,0,0,0.0,0.0
PEG(PB07)_R2,PEN_a(PB06a)_L8,1,3,3.0,0.0
PEG(PB07)_R2,PEN_a(PB06a)_R9,0,0,0.0,0.0
PEG(PB07)_R2,PEN_a(PB06a)_L9,1,3,3.0,0.0
PEG(PB07)_R2,PEN_a(PB06a)_L3,0,0,0.0,0.0
PEG(PB07)_R2,PEN_a(PB06a)_L5,0,0,0.0,0.0
PEG(PB07)_R2,PEN_b(PB06b)_L4,0,0,0.0,0.0
PEG(PB07)_R2,PEN_b(PB06b)_R4,1,3,3.0,0.0
PEG(PB07)_R2,PEN_b(PB06b)_L6,0,0,0.0,0.0
PEG(PB07)_R2,PEN_b(PB06b)_R7,0,0,0.0,0.0
PEG(PB07)_R2,PEN_b(PB06b)_R2,1,1,1.0,0.0
PEG(PB07)_R2,PEN_b(PB06b)_R5,0,0,0.0,0.0
PEG(PB07)_R2,PEN_b(PB06b)_R6,0,0,0.0,0.0
PEG(PB07)_R2,PEN_b(PB06b)_R3,1,44,44.0,0.0
PEG(PB07)_R2,PEN_b(PB06b)_R8,0,0,0.0,0.0
PEG(PB07)_R2,PEN_b(PB06b)_R9,0,0,0.0,0.0
PEG(PB07)_R2,PEN_b(PB06b)_L9,2,62,31.0,14.142135623730951
PEG(PB07)_R2,PEN_b(PB06b)_L7,0,0,0.0,0.0
PEG(PB07)_R2,PEN_b(PB06b)_L8,1,10,10.0,0.0
PEG(PB07)_R2,PEN_b(PB06b)_L5,0,0,0.0,0.0
PEG(PB07)_R2,PEN_b(PB06b)_L2,0,0,0.0,0.0
PEG(PB07)_R2,PEN_b(PB06b)_L3,0,0,0.0,0.0
PEG(PB07)_R3,EPG(PB08)_L3,0,0,0.0,0.0
PEG(PB07)_R3,EPG(PB08)_R4,2,2,1.0,0.0
PEG(PB07)_R3,EPG(PB08)_R3,4,11,2.75,1.707825127659933
PEG(PB07)_R3,EPG(PB08)_L6,2,3,1.5,0.7071067811865476
PEG(PB07)_R3,EPG(PB08)_L1,0,0,0.0,0.0
PEG(PB07)_R3,EPG(PB08)_R2,1,1,1.0,0.0
PEG(PB07)_R3,EPG(PB08)_L4,0,0,0.0,0.0
PEG(PB07)_R3,EPG(PB08)_R5,0,0,0.0,0.0
PEG(PB07)_R3,EPG(PB08)_L5,0,0,0.0,0.0
PEG(PB07)_R3,EPG(PB08)_L2,0,0,0.0,0.0
PEG(PB07)_R3,EPG(PB08)_R6,0,0,0.0,0.0
PEG(PB07)_R3,EPG(PB08)_R7,0,0,0.0,0.0
PEG(PB07)_R3,EPG(PB08)_L7,3,8,2.6666666666666665,1.5275252316519468
PEG(PB07)_R3,EPG(PB08)_L8,2,4,2.0,1.4142135623730951
PEG(PB07)_R3,EPG(PB08)_R8,0,0,0.0,0.0
PEG(PB07)_R3,EPG(PB08)_R1,0,0,0.0,0.0
PEG(PB07)_R3,Delta7(PB15)_L6R3_L,0,0,0.0,0.0
PEG(PB07)_R3,Delta7(PB15)_L5R4_L,0,0,0.0,0.0
PEG(PB07)_R3,Delta7(PB15)_L4R5_R,0,0,0.0,0.0
PEG(PB07)_R3,Delta7(PB15)_L1L9R8_R,0,0,0.0,0.0
PEG(PB07)_R3,Delta7(PB15)_L8R1R9_L,0,0,0.0,0.0
PEG(PB07)_R3,Delta7(PB15)_L3R6_R,0,0,0.0,0.0
PEG(PB07)_R3,Delta7(PB15)_L7R2_L,0,0,0.0,0.0
PEG(PB07)_R3,Delta7(PB15)_L2R7_R,0,0,0.0,0.0
PEG(PB07)_R3,PEG(PB07)_R1,0,0,0.0,0.0
PEG(PB07)_R3,PEG(PB07)_L5,0,0,0.0,0.0
PEG(PB07)_R3,PEG(PB07)_L6,1,2,2.0,0.0
PEG(PB07)_R3,PEG(PB07)_R6,0,0,0.0,0.0
PEG(PB07)_R3,PEG(PB07)_R4,0,0,0.0,0.0
PEG(PB07)_R3,PEG(PB07)_L4,0,0,0.0,0.0
PEG(PB07)_R3,PEG(PB07)_R2,0,0,0.0,0.0
PEG(PB07)_R3,PEG(PB07)_L3,0,0,0.0,0.0
PEG(PB07)_R3,PEG(PB07)_R7,0,0,0.0,0.0
PEG(PB07)_R3,PEG(PB07)_L7,1,7,7.0,0.0
PEG(PB07)_R3,PEG(PB07)_L8,0,0,0.0,0.0
PEG(PB07)_R3,PEG(PB07)_R9,0,0,0.0,0.0
PEG(PB07)_R3,PEG(PB07)_L1,0,0,0.0,0.0
PEG(PB07)_R3,PEG(PB07)_L2,0,0,0.0,0.0
PEG(PB07)_R3,PEG(PB07)_L9,0,0,0.0,0.0
PEG(PB07)_R3,PEG(PB07)_R5,0,0,0.0,0.0
PEG(PB07)_R3,PEG(PB07)_R8,0,0,0.0,0.0
PEG(PB07)_R3,PEN_a(PB06a)_L7,0,0,0.0,0.0
PEG(PB07)_R3,PEN_a(PB06a)_R4,1,2,2.0,0.0
PEG(PB07)_R3,PEN_a(PB06a)_R3,2,2,1.0,0.0
PEG(PB07)_R3,PEN_a(PB06a)_L2,0,0,0.0,0.0
PEG(PB07)_R3,PEN_a(PB06a)_R6,0,0,0.0,0.0
PEG(PB07)_R3,PEN_a(PB06a)_L6,0,0,0.0,0.0
PEG(PB07)_R3,PEN_a(PB06a)_L4,0,0,0.0,0.0
PEG(PB07)_R3,PEN_a(PB06a)_R5,0,0,0.0,0.0
PEG(PB07)_R3,PEN_a(PB06a)_R2,0,0,0.0,0.0
PEG(PB07)_R3,PEN_a(PB06a)_R7,0,0,0.0,0.0
PEG(PB07)_R3,PEN_a(PB06a)_R8,0,0,0.0,0.0
PEG(PB07)_R3,PEN_a(PB06a)_L8,0,0,0.0,0.0
PEG(PB07)_R3,PEN_a(PB06a)_R9,0,0,0.0,0.0
PEG(PB07)_R3,PEN_a(PB06a)_L9,0,0,0.0,0.0
PEG(PB07)_R3,PEN_a(PB06a)_L3,0,0,0.0,0.0
PEG(PB07)_R3,PEN_a(PB06a)_L5,0,0,0.0,0.0
PEG(PB07)_R3,PEN_b(PB06b)_L4,0,0,0.0,0.0
PEG(PB07)_R3,PEN_b(PB06b)_R4,2,45,22.5,12.020815280171307
PEG(PB07)_R3,PEN_b(PB06b)_L6,0,0,0.0,0.0
PEG(PB07)_R3,PEN_b(PB06b)_R7,0,0,0.0,0.0
PEG(PB07)_R3,PEN_b(PB06b)_R2,0,0,0.0,0.0
PEG(PB07)_R3,PEN_b(PB06b)_R5,0,0,0.0,0.0
PEG(PB07)_R3,PEN_b(PB06b)_R6,0,0,0.0,0.0
PEG(PB07)_R3,PEN_b(PB06b)_R3,1,1,1.0,0.0
PEG(PB07)_R3,PEN_b(PB06b)_R8,0,0,0.0,0.0
PEG(PB07)_R3,PEN_b(PB06b)_R9,0,0,0.0,0.0
PEG(PB07)_R3,PEN_b(PB06b)_L9,1,1,1.0,0.0
PEG(PB07)_R3,PEN_b(PB06b)_L7,1,2,2.0,0.0
PEG(PB07)_R3,PEN_b(PB06b)_L8,1,24,24.0,0.0
PEG(PB07)_R3,PEN_b(PB06b)_L5,0,0,0.0,0.0
PEG(PB07)_R3,PEN_b(PB06b)_L2,0,0,0.0,0.0
PEG(PB07)_R3,PEN_b(PB06b)_L3,0,0,0.0,0.0
PEG(PB07)_L3,EPG(PB08)_L3,6,15,2.5,3.2093613071762426
PEG(PB07)_L3,EPG(PB08)_R4,0,0,0.0,0.0
PEG(PB07)_L3,EPG(PB08)_R3,0,0,0.0,0.0
PEG(PB07)_L3,EPG(PB08)_L6,1,2,2.0,0.0
PEG(PB07)_L3,EPG(PB08)_L1,2,4,2.0,0.0
PEG(PB07)_L3,EPG(PB08)_R2,0,0,0.0,0.0
PEG(PB07)_L3,EPG(PB08)_L4,1,1,1.0,0.0
PEG(PB07)_L3,EPG(PB08)_R5,0,0,0.0,0.0
PEG(PB07)_L3,EPG(PB08)_L5,1,1,1.0,0.0
PEG(PB07)_L3,EPG(PB08)_L2,1,1,1.0,0.0
PEG(PB07)_L3,EPG(PB08)_R6,2,2,1.0,0.0
PEG(PB07)_L3,EPG(PB08)_R7,2,5,2.5,0.7071067811865476
PEG(PB07)_L3,EPG(PB08)_L7,3,6,2.0,1.0
PEG(PB07)_L3,EPG(PB08)_L8,0,0,0.0,0.0
PEG(PB07)_L3,EPG(PB08)_R8,1,1,1.0,0.0
PEG(PB07)_L3,EPG(PB08)_R1,0,0,0.0,0.0
PEG(PB07)_L3,Delta7(PB15)_L6R3_L,0,0,0.0,0.0
PEG(PB07)_L3,Delta7(PB15)_L5R4_L,0,0,0.0,0.0
PEG(PB07)_L3,Delta7(PB15)_L4R5_R,0,0,0.0,0.0
PEG(PB07)_L3,Delta7(PB15)_L1L9R8_R,0,0,0.0,0.0
PEG(PB07)_L3,Delta7(PB15)_L8R1R9_L,0,0,0.0,0.0
PEG(PB07)_L3,Delta7(PB15)_L3R6_R,0,0,0.0,0.0
PEG(PB07)_L3,Delta7(PB15)_L7R2_L,0,0,0.0,0.0
PEG(PB07)_L3,Delta7(PB15)_L2R7_R,0,0,0.0,0.0
PEG(PB07)_L3,PEG(PB07)_R1,0,0,0.0,0.0
PEG(PB07)_L3,PEG(PB07)_L5,1,3,3.0,0.0
PEG(PB07)_L3,PEG(PB07)_L6,0,0,0.0,0.0
PEG(PB07)_L3,PEG(PB07)_R6,0,0,0.0,0.0
PEG(PB07)_L3,PEG(PB07)_R4,0,0,0.0,0.0
PEG(PB07)_L3,PEG(PB07)_L4,0,0,0.0,0.0
PEG(PB07)_L3,PEG(PB07)_R2,0,0,0.0,0.0
PEG(PB07)_L3,PEG(PB07)_R3,0,0,0.0,0.0
PEG(PB07)_L3,PEG(PB07)_R7,1,4,4.0,0.0
PEG(PB07)_L3,PEG(PB07)_L7,1,11,11.0,0.0
PEG(PB07)_L3,PEG(PB07)_L8,0,0,0.0,0.0
PEG(PB07)_L3,PEG(PB07)_R9,0,0,0.0,0.0
PEG(PB07)_L3,PEG(PB07)_L1,1,2,2.0,0.0
PEG(PB07)_L3,PEG(PB07)_L2,0,0,0.0,0.0
PEG(PB07)_L3,PEG(PB07)_L9,1,4,4.0,0.0
PEG(PB07)_L3,PEG(PB07)_R5,0,0,0.0,0.0
PEG(PB07)_L3,PEG(PB07)_R8,0,0,0.0,0.0
PEG(PB07)_L3,PEN_a(PB06a)_L7,0,0,0.0,0.0
PEG(PB07)_L3,PEN_a(PB06a)_R4,0,0,0.0,0.0
PEG(PB07)_L3,PEN_a(PB06a)_R3,0,0,0.0,0.0
PEG(PB07)_L3,PEN_a(PB06a)_L2,0,0,0.0,0.0
PEG(PB07)_L3,PEN_a(PB06a)_R6,0,0,0.0,0.0
PEG(PB07)_L3,PEN_a(PB06a)_L6,0,0,0.0,0.0
PEG(PB07)_L3,PEN_a(PB06a)_L4,0,0,0.0,0.0
PEG(PB07)_L3,PEN_a(PB06a)_R5,0,0,0.0,0.0
PEG(PB07)_L3,PEN_a(PB06a)_R2,0,0,0.0,0.0
PEG(PB07)_L3,PEN_a(PB06a)_R7,0,0,0.0,0.0
PEG(PB07)_L3,PEN_a(PB06a)_R8,1,2,2.0,0.0
PEG(PB07)_L3,PEN_a(PB06a)_L8,0,0,0.0,0.0
PEG(PB07)_L3,PEN_a(PB06a)_R9,0,0,0.0,0.0
PEG(PB07)_L3,PEN_a(PB06a)_L9,0,0,0.0,0.0
PEG(PB07)_L3,PEN_a(PB06a)_L3,0,0,0.0,0.0
PEG(PB07)_L3,PEN_a(PB06a)_L5,0,0,0.0,0.0
PEG(PB07)_L3,PEN_b(PB06b)_L4,2,51,25.5,0.7071067811865476
PEG(PB07)_L3,PEN_b(PB06b)_R4,0,0,0.0,0.0
PEG(PB07)_L3,PEN_b(PB06b)_L6,0,0,0.0,0.0
PEG(PB07)_L3,PEN_b(PB06b)_R7,0,0,0.0,0.0
PEG(PB07)_L3,PEN_b(PB06b)_R2,0,0,0.0,0.0
PEG(PB07)_L3,PEN_b(PB06b)_R5,0,0,0.0,0.0
PEG(PB07)_L3,PEN_b(PB06b)_R6,0,0,0.0,0.0
PEG(PB07)_L3,PEN_b(PB06b)_R3,0,0,0.0,0.0
PEG(PB07)_L3,PEN_b(PB06b)_R8,1,33,33.0,0.0
PEG(PB07)_L3,PEN_b(PB06b)_R9,0,0,0.0,0.0
PEG(PB07)_L3,PEN_b(PB06b)_L9,0,0,0.0,0.0
PEG(PB07)_L3,PEN_b(PB06b)_L7,0,0,0.0,0.0
PEG(PB07)_L3,PEN_b(PB06b)_L8,0,0,0.0,0.0
PEG(PB07)_L3,PEN_b(PB06b)_L5,0,0,0.0,0.0
PEG(PB07)_L3,PEN_b(PB06b)_L2,0,0,0.0,0.0
PEG(PB07)_L3,PEN_b(PB06b)_L3,0,0,0.0,0.0
PEG(PB07)_R7,EPG(PB08)_L3,2,6,3.0,0.0
PEG(PB07)_R7,EPG(PB08)_R4,0,0,0.0,0.0
PEG(PB07)_R7,EPG(PB08)_R3,0,0,0.0,0.0
PEG(PB07)_R7,EPG(PB08)_L6,0,0,0.0,0.0
PEG(PB07)_R7,EPG(PB08)_L1,0,0,0.0,0.0
PEG(PB07)_R7,EPG(PB08)_R2,0,0,0.0,0.0
PEG(PB07)_R7,EPG(PB08)_L4,0,0,0.0,0.0
PEG(PB07)_R7,EPG(PB08)_R5,0,0,0.0,0.0
PEG(PB07)_R7,EPG(PB08)_L5,0,0,0.0,0.0
PEG(PB07)_R7,EPG(PB08)_L2,1,1,1.0,0.0
PEG(PB07)_R7,EPG(PB08)_R6,1,2,2.0,0.0
PEG(PB07)_R7,EPG(PB08)_R7,3,4,1.3333333333333333,0.5773502691896257
PEG(PB07)_R7,EPG(PB08)_L7,0,0,0.0,0.0
PEG(PB07)_R7,EPG(PB08)_L8,0,0,0.0,0.0
PEG(PB07)_R7,EPG(PB08)_R8,1,1,1.0,0.0
PEG(PB07)_R7,EPG(PB08)_R1,0,0,0.0,0.0
PEG(PB07)_R7,Delta7(PB15)_L6R3_L,0,0,0.0,0.0
PEG(PB07)_R7,Delta7(PB15)_L5R4_L,0,0,0.0,0.0
PEG(PB07)_R7,Delta7(PB15)_L4R5_R,0,0,0.0,0.0
PEG(PB07)_R7,Delta7(PB15)_L1L9R8_R,0,0,0.0,0.0
PEG(PB07)_R7,Delta7(PB15)_L8R1R9_L,0,0,0.0,0.0
PEG(PB07)_R7,Delta7(PB15)_L3R6_R,0,0,0.0,0.0
PEG(PB07)_R7,Delta7(PB15)_L7R2_L,0,0,0.0,0.0
PEG(PB07)_R7,Delta7(PB15)_L2R7_R,0,0,0.0,0.0
PEG(PB07)_R7,PEG(PB07)_R1,0,0,0.0,0.0
PEG(PB07)_R7,PEG(PB07)_L5,0,0,0.0,0.0
PEG(PB07)_R7,PEG(PB07)_L6,0,0,0.0,0.0
PEG(PB07)_R7,PEG(PB07)_R6,1,1,1.0,0.0
PEG(PB07)_R7,PEG(PB07)_R4,0,0,0.0,0.0
PEG(PB07)_R7,PEG(PB07)_L4,0,0,0.0,0.0
PEG(PB07)_R7,PEG(PB07)_R2,0,0,0.0,0.0
PEG(PB07)_R7,PEG(PB07)_R3,0,0,0.0,0.0
PEG(PB07)_R7,PEG(PB07)_L3,1,7,7.0,0.0
PEG(PB07)_R7,PEG(PB07)_L7,0,0,0.0,0.0
PEG(PB07)_R7,PEG(PB07)_L8,0,0,0.0,0.0
PEG(PB07)_R7,PEG(PB07)_R9,0,0,0.0,0.0
PEG(PB07)_R7,PEG(PB07)_L1,0,0,0.0,0.0
PEG(PB07)_R7,PEG(PB07)_L2,0,0,0.0,0.0
PEG(PB07)_R7,PEG(PB07)_L9,0,0,0.0,0.0
PEG(PB07)_R7,PEG(PB07)_R5,0,0,0.0,0.0
PEG(PB07)_R7,PEG(PB07)_R8,0,0,0.0,0.0
PEG(PB07)_R7,PEN_a(PB06a)_L7,0,0,0.0,0.0
PEG(PB07)_R7,PEN_a(PB06a)_R4,0,0,0.0,0.0
PEG(PB07)_R7,PEN_a(PB06a)_R3,0,0,0.0,0.0
PEG(PB07)_R7,PEN_a(PB06a)_L2,0,0,0.0,0.0
PEG(PB07)_R7,PEN_a(PB06a)_R6,0,0,0.0,0.0
PEG(PB07)_R7,PEN_a(PB06a)_L6,0,0,0.0,0.0
PEG(PB07)_R7,PEN_a(PB06a)_L4,1,3,3.0,0.0
PEG(PB07)_R7,PEN_a(PB06a)_R5,0,0,0.0,0.0
PEG(PB07)_R7,PEN_a(PB06a)_R2,0,0,0.0,0.0
PEG(PB07)_R7,PEN_a(PB06a)_R7,0,0,0.0,0.0
PEG(PB07)_R7,PEN_a(PB06a)_R8,0,0,0.0,0.0
PEG(PB07)_R7,PEN_a(PB06a)_L8,0,0,0.0,0.0
PEG(PB07)_R7,PEN_a(PB06a)_R9,0,0,0.0,0.0
PEG(PB07)_R7,PEN_a(PB06a)_L9,0,0,0.0,0.0
PEG(PB07)_R7,PEN_a(PB06a)_L3,0,0,0.0,0.0
PEG(PB07)_R7,PEN_a(PB06a)_L5,0,0,0.0,0.0
PEG(PB07)_R7,PEN_b(PB06b)_L4,2,50,25.0,1.4142135623730951
PEG(PB07)_R7,PEN_b(PB06b)_R4,0,0,0.0,0.0
PEG(PB07)_R7,PEN_b(PB06b)_L6,0,0,0.0,0.0
PEG(PB07)_R7,PEN_b(PB06b)_R7,1,2,2.0,0.0
PEG(PB07)_R7,PEN_b(PB06b)_R2,0,0,0.0,0.0
PEG(PB07)_R7,PEN_b(PB06b)_R5,0,0,0.0,0.0
PEG(PB07)_R7,PEN_b(PB06b)_R6,0,0,0.0,0.0
PEG(PB07)_R7,PEN_b(PB06b)_R3,0,0,0.0,0.0
PEG(PB07)_R7,PEN_b(PB06b)_R8,1,19,19.0,0.0
PEG(PB07)_R7,PEN_b(PB06b)_R9,1,3,3.0,0.0
PEG(PB07)_R7,PEN_b(PB06b)_L9,0,0,0.0,0.0
PEG(PB07)_R7,PEN_b(PB06b)_L7,0,0,0.0,0.0
PEG(PB07)_R7,PEN_b(PB06b)_L8,0,0,0.0,0.0
PEG(PB07)_R7,PEN_b(PB06b)_L5,1,2,2.0,0.0
PEG(PB07)_R7,PEN_b(PB06b)_L2,0,0,0.0,0.0
PEG(PB07)_R7,PEN_b(PB06b)_L3,0,0,0.0,0.0
PEG(PB07)_L7,EPG(PB08)_L3,2,3,1.5,0.7071067811865476
PEG(PB07)_L7,EPG(PB08)_R4,0,0,0.0,0.0
PEG(PB07)_L7,EPG(PB08)_R3,2,3,1.5,0.7071067811865476
PEG(PB07)_L7,EPG(PB08)_L6,2,5,2.5,2.1213203435596424
PEG(PB07)_L7,EPG(PB08)_L1,2,2,1.0,0.0
PEG(PB07)_L7,EPG(PB08)_R2,0,0,0.0,0.0
PEG(PB07)_L7,EPG(PB08)_L4,0,0,0.0,0.0
PEG(PB07)_L7,EPG(PB08)_R5,0,0,0.0,0.0
PEG(PB07)_L7,EPG(PB08)_L5,3,3,1.0,0.0
PEG(PB07)_L7,EPG(PB08)_L2,0,0,0.0,0.0
PEG(PB07)_L7,EPG(PB08)_R6,0,0,0.0,0.0
PEG(PB07)_L7,EPG(PB08)_R7,0,0,0.0,0.0
PEG(PB07)_L7,EPG(PB08)_L7,5,13,2.6,1.3416407864998738
PEG(PB07)_L7,EPG(PB08)_L8,0,0,0.0,0.0
PEG(PB07)_L7,EPG(PB08)_R8,0,0,0.0,0.0
PEG(PB07)_L7,EPG(PB08)_R1,0,0,0.0,0.0
PEG(PB07)_L7,Delta7(PB15)_L6R3_L,0,0,0.0,0.0
PEG(PB07)_L7,Delta7(PB15)_L5R4_L,0,0,0.0,0.0
PEG(PB07)_L7,Delta7(PB15)_L4R5_R,1,1,1.0,0.0
PEG(PB07)_L7,Delta7(PB15)_L1L9R8_R,0,0,0.0,0.0
PEG(PB07)_L7,Delta7(PB15)_L8R1R9_L,0,0,0.0,0.0
PEG(PB07)_L7,Delta7(PB15)_L3R6_R,0,0,0.0,0.0
PEG(PB07)_L7,Delta7(PB15)_L7R2_L,1,1,1.0,0.0
PEG(PB07)_L7,Delta7(PB15)_L2R7_R,0,0,0.0,0.0
PEG(PB07)_L7,PEG(PB07)_R1,0,0,0.0,0.0
PEG(PB07)_L7,PEG(PB07)_L5,0,0,0.0,0.0
PEG(PB07)_L7,PEG(PB07)_L6,1,1,1.0,0.0
PEG(PB07)_L7,PEG(PB07)_R6,0,0,0.0,0.0
PEG(PB07)_L7,PEG(PB07)_R4,0,0,0.0,0.0
PEG(PB07)_L7,PEG(PB07)_L4,0,0,0.0,0.0
PEG(PB07)_L7,PEG(PB07)_R2,0,0,0.0,0.0
PEG(PB07)_L7,PEG(PB07)_R3,1,5,5.0,0.0
PEG(PB07)_L7,PEG(PB07)_L3,1,6,6.0,0.0
PEG(PB07)_L7,PEG(PB07)_R7,0,0,0.0,0.0
PEG(PB07)_L7,PEG(PB07)_L8,0,0,0.0,0.0
PEG(PB07)_L7,PEG(PB07)_R9,0,0,0.0,0.0
PEG(PB07)_L7,PEG(PB07)_L1,1,4,4.0,0.0
PEG(PB07)_L7,PEG(PB07)_L2,0,0,0.0,0.0
PEG(PB07)_L7,PEG(PB07)_L9,1,4,4.0,0.0
PEG(PB07)_L7,PEG(PB07)_R5,0,0,0.0,0.0
PEG(PB07)_L7,PEG(PB07)_R8,0,0,0.0,0.0
PEG(PB07)_L7,PEN_a(PB06a)_L7,0,0,0.0,0.0
PEG(PB07)_L7,PEN_a(PB06a)_R4,2,2,1.0,0.0
PEG(PB07)_L7,PEN_a(PB06a)_R3,0,0,0.0,0.0
PEG(PB07)_L7,PEN_a(PB06a)_L2,0,0,0.0,0.0
PEG(PB07)_L7,PEN_a(PB06a)_R6,0,0,0.0,0.0
PEG(PB07)_L7,PEN_a(PB06a)_L6,0,0,0.0,0.0
PEG(PB07)_L7,PEN_a(PB06a)_L4,0,0,0.0,0.0
PEG(PB07)_L7,PEN_a(PB06a)_R5,0,0,0.0,0.0
PEG(PB07)_L7,PEN_a(PB06a)_R2,0,0,0.0,0.0
PEG(PB07)_L7,PEN_a(PB06a)_R7,0,0,0.0,0.0
PEG(PB07)_L7,PEN_a(PB06a)_R8,0,0,0.0,0.0
PEG(PB07)_L7,PEN_a(PB06a)_L8,1,3,3.0,0.0
PEG(PB07)_L7,PEN_a(PB06a)_R9,0,0,0.0,0.0
PEG(PB07)_L7,PEN_a(PB06a)_L9,0,0,0.0,0.0
PEG(PB07)_L7,PEN_a(PB06a)_L3,0,0,0.0,0.0
PEG(PB07)_L7,PEN_a(PB06a)_L5,0,0,0.0,0.0
PEG(PB07)_L7,PEN_b(PB06b)_L4,0,0,0.0,0.0
PEG(PB07)_L7,PEN_b(PB06b)_R4,2,43,21.5,2.1213203435596424
PEG(PB07)_L7,PEN_b(PB06b)_L6,0,0,0.0,0.0
PEG(PB07)_L7,PEN_b(PB06b)_R7,0,0,0.0,0.0
PEG(PB07)_L7,PEN_b(PB06b)_R2,0,0,0.0,0.0
PEG(PB07)_L7,PEN_b(PB06b)_R5,0,0,0.0,0.0
PEG(PB07)_L7,PEN_b(PB06b)_R6,0,0,0.0,0.0
PEG(PB07)_L7,PEN_b(PB06b)_R3,0,0,0.0,0.0
PEG(PB07)_L7,PEN_b(PB06b)_R8,0,0,0.0,0.0
PEG(PB07)_L7,PEN_b(PB06b)_R9,0,0,0.0,0.0
PEG(PB07)_L7,PEN_b(PB06b)_L9,0,0,0.0,0.0
PEG(PB07)_L7,PEN_b(PB06b)_L7,1,1,1.0,0.0
PEG(PB07)_L7,PEN_b(PB06b)_L8,1,25,25.0,0.0
PEG(PB07)_L7,PEN_b(PB06b)_L5,0,0,0.0,0.0
PEG(PB07)_L7,PEN_b(PB06b)_L2,0,0,0.0,0.0
PEG(PB07)_L7,PEN_b(PB06b)_L3,0,0,0.0,0.0
PEG(PB07)_L8,EPG(PB08)_L3,0,0,0.0,0.0
PEG(PB07)_L8,EPG(PB08)_R4,0,0,0.0,0.0
PEG(PB07)_L8,EPG(PB08)_R3,0,0,0.0,0.0
PEG(PB07)_L8,EPG(PB08)_L6,3,4,1.3333333333333333,0.5773502691896257
PEG(PB07)_L8,EPG(PB08)_L1,1,1,1.0,0.0
PEG(PB07)_L8,EPG(PB08)_R2,2,4,2.0,1.4142135623730951
PEG(PB07)_L8,EPG(PB08)_L4,2,5,2.5,0.7071067811865476
PEG(PB07)_L8,EPG(PB08)_R5,0,0,0.0,0.0
PEG(PB07)_L8,EPG(PB08)_L5,1,1,1.0,0.0
PEG(PB07)_L8,EPG(PB08)_L2,2,4,2.0,0.0
PEG(PB07)_L8,EPG(PB08)_R6,0,0,0.0,0.0
PEG(PB07)_L8,EPG(PB08)_R7,0,0,0.0,0.0
PEG(PB07)_L8,EPG(PB08)_L7,0,0,0.0,0.0
PEG(PB07)_L8,EPG(PB08)_L8,7,20,2.857142857142857,1.5735915849388864
PEG(PB07)_L8,EPG(PB08)_R8,0,0,0.0,0.0
PEG(PB07)_L8,EPG(PB08)_R1,1,1,1.0,0.0
PEG(PB07)_L8,Delta7(PB15)_L6R3_L,0,0,0.0,0.0
PEG(PB07)_L8,Delta7(PB15)_L5R4_L,1,1,1.0,0.0
PEG(PB07)_L8,Delta7(PB15)_L4R5_R,0,0,0.0,0.0
PEG(PB07)_L8,Delta7(PB15)_L1L9R8_R,0,0,0.0,0.0
PEG(PB07)_L8,Delta7(PB15)_L8R1R9_L,0,0,0.0,0.0
PEG(PB07)_L8,Delta7(PB15)_L3R6_R,0,0,0.0,0.0
PEG(PB07)_L8,Delta7(PB15)_L7R2_L,0,0,0.0,0.0
PEG(PB07)_L8,Delta7(PB15)_L2R7_R,0,0,0.0,0.0
PEG(PB07)_L8,PEG(PB07)_R1,0,0,0.0,0.0
PEG(PB07)_L8,PEG(PB07)_L5,1,2,2.0,0.0
PEG(PB07)_L8,PEG(PB07)_L6,1,1,1.0,0.0
PEG(PB07)_L8,PEG(PB07)_R6,0,0,0.0,0.0
PEG(PB07)_L8,PEG(PB07)_R4,0,0,0.0,0.0
PEG(PB07)_L8,PEG(PB07)_L4,1,2,2.0,0.0
PEG(PB07)_L8,PEG(PB07)_R2,1,3,3.0,0.0
PEG(PB07)_L8,PEG(PB07)_R3,0,0,0.0,0.0
PEG(PB07)_L8,PEG(PB07)_L3,0,0,0.0,0.0
PEG(PB07)_L8,PEG(PB07)_R7,0,0,0.0,0.0
PEG(PB07)_L8,PEG(PB07)_L7,0,0,0.0,0.0
PEG(PB07)_L8,PEG(PB07)_R9,0,0,0.0,0.0
PEG(PB07)_L8,PEG(PB07)_L1,0,0,0.0,0.0
PEG(PB07)_L8,PEG(PB07)_L2,1,3,3.0,0.0
PEG(PB07)_L8,PEG(PB07)_L9,0,0,0.0,0.0
PEG(PB07)_L8,PEG(PB07)_R5,0,0,0.0,0.0
PEG(PB07)_L8,PEG(PB07)_R8,0,0,0.0,0.0
PEG(PB07)_L8,PEN_a(PB06a)_L7,0,0,0.0,0.0
PEG(PB07)_L8,PEN_a(PB06a)_R4,0,0,0.0,0.0
PEG(PB07)_L8,PEN_a(PB06a)_R3,1,3,3.0,0.0
PEG(PB07)_L8,PEN_a(PB06a)_L2,0,0,0.0,0.0
PEG(PB07)_L8,PEN_a(PB06a)_R6,0,0,0.0,0.0
PEG(PB07)_L8,PEN_a(PB06a)_L6,0,0,0.0,0.0
PEG(PB07)_L8,PEN_a(PB06a)_L4,0,0,0.0,0.0
PEG(PB07)_L8,PEN_a(PB06a)_R5,0,0,0.0,0.0
PEG(PB07)_L8,PEN_a(PB06a)_R2,0,0,0.0,0.0
PEG(PB07)_L8,PEN_a(PB06a)_R7,0,0,0.0,0.0
PEG(PB07)_L8,PEN_a(PB06a)_R8,0,0,0.0,0.0
PEG(PB07)_L8,PEN_a(PB06a)_L8,0,0,0.0,0.0
PEG(PB07)_L8,PEN_a(PB06a)_R9,0,0,0.0,0.0
PEG(PB07)_L8,PEN_a(PB06a)_L9,1,2,2.0,0.0
PEG(PB07)_L8,PEN_a(PB06a)_L3,0,0,0.0,0.0
PEG(PB07)_L8,PEN_a(PB06a)_L5,0,0,0.0,0.0
PEG(PB07)_L8,PEN_b(PB06b)_L4,0,0,0.0,0.0
PEG(PB07)_L8,PEN_b(PB06b)_R4,2,3,1.5,0.7071067811865476
PEG(PB07)_L8,PEN_b(PB06b)_L6,0,0,0.0,0.0
PEG(PB07)_L8,PEN_b(PB06b)_R7,0,0,0.0,0.0
PEG(PB07)_L8,PEN_b(PB06b)_R2,1,2,2.0,0.0
PEG(PB07)_L8,PEN_b(PB06b)_R5,0,0,0.0,0.0
PEG(PB07)_L8,PEN_b(PB06b)_R6,0,0,0.0,0.0
PEG(PB07)_L8,PEN_b(PB06b)_R3,1,30,30.0,0.0
PEG(PB07)_L8,PEN_b(PB06b)_R8,0,0,0.0,0.0
PEG(PB07)_L8,PEN_b(PB06b)_R9,0,0,0.0,0.0
PEG(PB07)_L8,PEN_b(PB06b)_L9,2,40,20.0,5.656854249492381
PEG(PB07)_L8,PEN_b(PB06b)_L7,0,0,0.0,0.0
PEG(PB07)_L8,PEN_b(PB06b)_L8,1,4,4.0,0.0
PEG(PB07)_L8,PEN_b(PB06b)_L5,0,0,0.0,0.0
PEG(PB07)_L8,PEN_b(PB06b)_L2,1,1,1.0,0.0
PEG(PB07)_L8,PEN_b(PB06b)_L3,0,0,0.0,0.0
PEG(PB07)_R9,EPG(PB08)_L3,0,0,0.0,0.0
PEG(PB07)_R9,EPG(PB08)_R4,0,0,0.0,0.0
PEG(PB07)_R9,EPG(PB08)_R3,0,0,0.0,0.0
PEG(PB07)_R9,EPG(PB08)_L6,0,0,0.0,0.0
PEG(PB07)_R9,EPG(PB08)_L1,2,8,4.0,2.8284271247461903
PEG(PB07)_R9,EPG(PB08)_R2,0,0,0.0,0.0
PEG(PB07)_R9,EPG(PB08)_L4,0,0,0.0,0.0
PEG(PB07)_R9,EPG(PB08)_R5,0,0,0.0,0.0
PEG(PB07)_R9,EPG(PB08)_L5,0,0,0.0,0.0
PEG(PB07)_R9,EPG(PB08)_L2,0,0,0.0,0.0
PEG(PB07)_R9,EPG(PB08)_R6,0,0,0.0,0.0
PEG(PB07)_R9,EPG(PB08)_R7,0,0,0.0,0.0
PEG(PB07)_R9,EPG(PB08)_L7,0,0,0.0,0.0
PEG(PB07)_R9,EPG(PB08)_L8,0,0,0.0,0.0
PEG(PB07)_R9,EPG(PB08)_R8,0,0,0.0,0.0
PEG(PB07)_R9,EPG(PB08)_R1,2,2,1.0,0.0
PEG(PB07)_R9,Delta7(PB15)_L6R3_L,0,0,0.0,0.0
PEG(PB07)_R9,Delta7(PB15)_L5R4_L,0,0,0.0,0.0
PEG(PB07)_R9,Delta7(PB15)_L4R5_R,0,0,0.0,0.0
PEG(PB07)_R9,Delta7(PB15)_L1L9R8_R,0,0,0.0,0.0
PEG(PB07)_R9,Delta7(PB15)_L8R1R9_L,1,1,1.0,0.0
PEG(PB07)_R9,Delta7(PB15)_L3R6_R,0,0,0.0,0.0
PEG(PB07)_R9,Delta7(PB15)_L7R2_L,0,0,0.0,0.0
PEG(PB07)_R9,Delta7(PB15)_L2R7_R,0,0,0.0,0.0
PEG(PB07)_R9,PEG(PB07)_R1,1,6,6.0,0.0
PEG(PB07)_R9,PEG(PB07)_L5,0,0,0.0,0.0
PEG(PB07)_R9,PEG(PB07)_L6,0,0,0.0,0.0
PEG(PB07)_R9,PEG(PB07)_R6,0,0,0.0,0.0
PEG(PB07)_R9,PEG(PB07)_R4,0,0,0.0,0.0
PEG(PB07)_R9,PEG(PB07)_L4,0,0,0.0,0.0
PEG(PB07)_R9,PEG(PB07)_R2,0,0,0.0,0.0
PEG(PB07)_R9,PEG(PB07)_R3,0,0,0.0,0.0
PEG(PB07)_R9,PEG(PB07)_L3,0,0,0.0,0.0
PEG(PB07)_R9,PEG(PB07)_R7,0,0,0.0,0.0
PEG(PB07)_R9,PEG(PB07)_L7,0,0,0.0,0.0
PEG(PB07)_R9,PEG(PB07)_L8,0,0,0.0,0.0
PEG(PB07)_R9,PEG(PB07)_L1,1,6,6.0,0.0
PEG(PB07)_R9,PEG(PB07)_L2,0,0,0.0,0.0
PEG(PB07)_R9,PEG(PB07)_L9,1,4,4.0,0.0
PEG(PB07)_R9,PEG(PB07)_R5,0,0,0.0,0.0
PEG(PB07)_R9,PEG(PB07)_R8,0,0,0.0,0.0
PEG(PB07)_R9,PEN_a(PB06a)_L7,0,0,0.0,0.0
PEG(PB07)_R9,PEN_a(PB06a)_R4,0,0,0.0,0.0
PEG(PB07)_R9,PEN_a(PB06a)_R3,0,0,0.0,0.0
PEG(PB07)_R9,PEN_a(PB06a)_L2,1,1,1.0,0.0
PEG(PB07)_R9,PEN_a(PB06a)_R6,0,0,0.0,0.0
PEG(PB07)_R9,PEN_a(PB06a)_L6,0,0,0.0,0.0
PEG(PB07)_R9,PEN_a(PB06a)_L4,0,0,0.0,0.0
PEG(PB07)_R9,PEN_a(PB06a)_R5,0,0,0.0,0.0
PEG(PB07)_R9,PEN_a(PB06a)_R2,0,0,0.0,0.0
PEG(PB07)_R9,PEN_a(PB06a)_R7,0,0,0.0,0.0
PEG(PB07)_R9,PEN_a(PB06a)_R8,0,0,0.0,0.0
PEG(PB07)_R9,PEN_a(PB06a)_L8,0,0,0.0,0.0
PEG(PB07)_R9,PEN_a(PB06a)_R9,1,4,4.0,0.0
PEG(PB07)_R9,PEN_a(PB06a)_L9,0,0,0.0,0.0
PEG(PB07)_R9,PEN_a(PB06a)_L3,0,0,0.0,0.0
PEG(PB07)_R9,PEN_a(PB06a)_L5,0,0,0.0,0.0
PEG(PB07)_R9,PEN_b(PB06b)_L4,0,0,0.0,0.0
PEG(PB07)_R9,PEN_b(PB06b)_R4,0,0,0.0,0.0
PEG(PB07)_R9,PEN_b(PB06b)_L6,0,0,0.0,0.0
PEG(PB07)_R9,PEN_b(PB06b)_R7,0,0,0.0,0.0
PEG(PB07)_R9,PEN_b(PB06b)_R2,1,9,9.0,0.0
PEG(PB07)_R9,PEN_b(PB06b)_R5,0,0,0.0,0.0
PEG(PB07)_R9,PEN_b(PB06b)_R6,0,0,0.0,0.0
PEG(PB07)_R9,PEN_b(PB06b)_R3,0,0,0.0,0.0
PEG(PB07)_R9,PEN_b(PB06b)_R8,0,0,0.0,0.0
PEG(PB07)_R9,PEN_b(PB06b)_R9,1,2,2.0,0.0
PEG(PB07)_R9,PEN_b(PB06b)_L9,0,0,0.0,0.0
PEG(PB07)_R9,PEN_b(PB06b)_L7,0,0,0.0,0.0
PEG(PB07)_R9,PEN_b(PB06b)_L8,0,0,0.0,0.0
PEG(PB07)_R9,PEN_b(PB06b)_L5,0,0,0.0,0.0
PEG(PB07)_R9,PEN_b(PB06b)_L2,1,19,19.0,0.0
PEG(PB07)_R9,PEN_b(PB06b)_L3,0,0,0.0,0.0
PEG(PB07)_L1,EPG(PB08)_L3,3,4,1.3333333333333333,0.5773502691896257
PEG(PB07)_L1,EPG(PB08)_R4,0,0,0.0,0.0
PEG(PB07)_L1,EPG(PB08)_R3,0,0,0.0,0.0
PEG(PB07)_L1,EPG(PB08)_L6,0,0,0.0,0.0
PEG(PB07)_L1,EPG(PB08)_L1,5,14,2.8,1.3038404810405297
PEG(PB07)_L1,EPG(PB08)_R2,0,0,0.0,0.0
PEG(PB07)_L1,EPG(PB08)_L4,0,0,0.0,0.0
PEG(PB07)_L1,EPG(PB08)_R5,0,0,0.0,0.0
PEG(PB07)_L1,EPG(PB08)_L5,3,5,1.6666666666666667,0.5773502691896257
PEG(PB07)_L1,EPG(PB08)_L2,0,0,0.0,0.0
PEG(PB07)_L1,EPG(PB08)_R6,0,0,0.0,0.0
PEG(PB07)_L1,EPG(PB08)_R7,0,0,0.0,0.0
PEG(PB07)_L1,EPG(PB08)_L7,3,3,1.0,0.0
PEG(PB07)_L1,EPG(PB08)_L8,0,0,0.0,0.0
PEG(PB07)_L1,EPG(PB08)_R8,0,0,0.0,0.0
PEG(PB07)_L1,EPG(PB08)_R1,2,5,2.5,0.7071067811865476
PEG(PB07)_L1,Delta7(PB15)_L6R3_L,0,0,0.0,0.0
PEG(PB07)_L1,Delta7(PB15)_L5R4_L,1,1,1.0,0.0
PEG(PB07)_L1,Delta7(PB15)_L4R5_R,0,0,0.0,0.0
PEG(PB07)_L1,Delta7(PB15)_L1L9R8_R,1,1,1.0,0.0
PEG(PB07)_L1,Delta7(PB15)_L8R1R9_L,0,0,0.0,0.0
PEG(PB07)_L1,Delta7(PB15)_L3R6_R,0,0,0.0,0.0
PEG(PB07)_L1,Delta7(PB15)_L7R2_L,0,0,0.0,0.0
PEG(PB07)_L1,Delta7(PB15)_L2R7_R,0,0,0.0,0.0
PEG(PB07)_L1,PEG(PB07)_R1,1,3,3.0,0.0
PEG(PB07)_L1,PEG(PB07)_L5,1,2,2.0,0.0
PEG(PB07)_L1,PEG(PB07)_L6,0,0,0.0,0.0
PEG(PB07)_L1,PEG(PB07)_R6,0,0,0.0,0.0
PEG(PB07)_L1,PEG(PB07)_R4,0,0,0.0,0.0
PEG(PB07)_L1,PEG(PB07)_L4,0,0,0.0,0.0
PEG(PB07)_L1,PEG(PB07)_R2,0,0,0.0,0.0
PEG(PB07)_L1,PEG(PB07)_R3,0,0,0.0,0.0
PEG(PB07)_L1,PEG(PB07)_L3,1,5,5.0,0.0
PEG(PB07)_L1,PEG(PB07)_R7,0,0,0.0,0.0
PEG(PB07)_L1,PEG(PB07)_L7,1,4,4.0,0.0
PEG(PB07)_L1,PEG(PB07)_L8,0,0,0.0,0.0
PEG(PB07)_L1,PEG(PB07)_R9,1,6,6.0,0.0
PEG(PB07)_L1,PEG(PB07)_L2,0,0,0.0,0.0
PEG(PB07)_L1,PEG(PB07)_L9,2,7,3.5,0.7071067811865476
PEG(PB07)_L1,PEG(PB07)_R5,0,0,0.0,0.0
PEG(PB07)_L1,PEG(PB07)_R8,0,0,0.0,0.0
PEG(PB07)_L1,PEN_a(PB06a)_L7,0,0,0.0,0.0
PEG(PB07)_L1,PEN_a(PB06a)_R4,0,0,0.0,0.0
PEG(PB07)_L1,PEN_a(PB06a)_R3,0,0,0.0,0.0
PEG(PB07)_L1,PEN_a(PB06a)_L2,1,1,1.0,0.0
PEG(PB07)_L1,PEN_a(PB06a)_R6,0,0,0.0,0.0
PEG(PB07)_L1,PEN_a(PB06a)_L6,0,0,0.0,0.0
PEG(PB07)_L1,PEN_a(PB06a)_L4,0,0,0.0,0.0
PEG(PB07)_L1,PEN_a(PB06a)_R5,0,0,0.0,0.0
PEG(PB07)_L1,PEN_a(PB06a)_R2,1,1,1.0,0.0
PEG(PB07)_L1,PEN_a(PB06a)_R7,0,0,0.0,0.0
PEG(PB07)_L1,PEN_a(PB06a)_R8,0,0,0.0,0.0
PEG(PB07)_L1,PEN_a(PB06a)_L8,0,0,0.0,0.0
PEG(PB07)_L1,PEN_a(PB06a)_R9,0,0,0.0,0.0
PEG(PB07)_L1,PEN_a(PB06a)_L9,0,0,0.0,0.0
PEG(PB07)_L1,PEN_a(PB06a)_L3,0,0,0.0,0.0
PEG(PB07)_L1,PEN_a(PB06a)_L5,0,0,0.0,0.0
PEG(PB07)_L1,PEN_b(PB06b)_L4,0,0,0.0,0.0
PEG(PB07)_L1,PEN_b(PB06b)_R4,0,0,0.0,0.0
PEG(PB07)_L1,PEN_b(PB06b)_L6,0,0,0.0,0.0
PEG(PB07)_L1,PEN_b(PB06b)_R7,0,0,0.0,0.0
PEG(PB07)_L1,PEN_b(PB06b)_R2,1,16,16.0,0.0
PEG(PB07)_L1,PEN_b(PB06b)_R5,0,0,0.0,0.0
PEG(PB07)_L1,PEN_b(PB06b)_R6,0,0,0.0,0.0
PEG(PB07)_L1,PEN_b(PB06b)_R3,0,0,0.0,0.0
PEG(PB07)_L1,PEN_b(PB06b)_R8,0,0,0.0,0.0
PEG(PB07)_L1,PEN_b(PB06b)_R9,0,0,0.0,0.0
PEG(PB07)_L1,PEN_b(PB06b)_L9,1,1,1.0,0.0
PEG(PB07)_L1,PEN_b(PB06b)_L7,0,0,0.0,0.0
PEG(PB07)_L1,PEN_b(PB06b)_L8,0,0,0.0,0.0
PEG(PB07)_L1,PEN_b(PB06b)_L5,0,0,0.0,0.0
PEG(PB07)_L1,PEN_b(PB06b)_L2,1,18,18.0,0.0
PEG(PB07)_L1,PEN_b(PB06b)_L3,0,0,0.0,0.0
PEG(PB07)_L2,EPG(PB08)_L3,1,1,1.0,0.0
PEG(PB07)_L2,EPG(PB08)_R4,0,0,0.0,0.0
PEG(PB07)_L2,EPG(PB08)_R3,0,0,0.0,0.0
PEG(PB07)_L2,EPG(PB08)_L6,2,4,2.0,1.4142135623730951
PEG(PB07)_L2,EPG(PB08)_L1,0,0,0.0,0.0
PEG(PB07)_L2,EPG(PB08)_R2,0,0,0.0,0.0
PEG(PB07)_L2,EPG(PB08)_L4,2,2,1.0,0.0
PEG(PB07)_L2,EPG(PB08)_R5,0,0,0.0,0.0
PEG(PB07)_L2,EPG(PB08)_L5,0,0,0.0,0.0
PEG(PB07)_L2,EPG(PB08)_L2,4,8,2.0,1.1547005383792515
PEG(PB07)_L2,EPG(PB08)_R6,0,0,0.0,0.0
PEG(PB07)_L2,EPG(PB08)_R7,2,6,3.0,2.8284271247461903
PEG(PB07)_L2,EPG(PB08)_L7,0,0,0.0,0.0
PEG(PB07)_L2,EPG(PB08)_L8,3,5,1.6666666666666667,1.1547005383792515
PEG(PB07)_L2,EPG(PB08)_R8,4,10,2.5,1.0
PEG(PB07)_L2,EPG(PB08)_R1,0,0,0.0,0.0
PEG(PB07)_L2,Delta7(PB15)_L6R3_L,0,0,0.0,0.0
PEG(PB07)_L2,Delta7(PB15)_L5R4_L,0,0,0.0,0.0
PEG(PB07)_L2,Delta7(PB15)_L4R5_R,0,0,0.0,0.0
PEG(PB07)_L2,Delta7(PB15)_L1L9R8_R,0,0,0.0,0.0
PEG(PB07)_L2,Delta7(PB15)_L8R1R9_L,0,0,0.0,0.0
PEG(PB07)_L2,Delta7(PB15)_L3R6_R,0,0,0.0,0.0
PEG(PB07)_L2,Delta7(PB15)_L7R2_L,0,0,0.0,0.0
PEG(PB07)_L2,Delta7(PB15)_L2R7_R,0,0,0.0,0.0
PEG(PB07)_L2,PEG(PB07)_R1,0,0,0.0,0.0
PEG(PB07)_L2,PEG(PB07)_L5,1,1,1.0,0.0
PEG(PB07)_L2,PEG(PB07)_L6,1,1,1.0,0.0
PEG(PB07)_L2,PEG(PB07)_R6,0,0,0.0,0.0
PEG(PB07)_L2,PEG(PB07)_R4,0,0,0.0,0.0
PEG(PB07)_L2,PEG(PB07)_L4,1,2,2.0,0.0
PEG(PB07)_L2,PEG(PB07)_R2,0,0,0.0,0.0
PEG(PB07)_L2,PEG(PB07)_R3,0,0,0.0,0.0
PEG(PB07)_L2,PEG(PB07)_L3,0,0,0.0,0.0
PEG(PB07)_L2,PEG(PB07)_R7,0,0,0.0,0.0
PEG(PB07)_L2,PEG(PB07)_L7,0,0,0.0,0.0
PEG(PB07)_L2,PEG(PB07)_L8,0,0,0.0,0.0
PEG(PB07)_L2,PEG(PB07)_R9,0,0,0.0,0.0
PEG(PB07)_L2,PEG(PB07)_L1,0,0,0.0,0.0
PEG(PB07)_L2,PEG(PB07)_L9,0,0,0.0,0.0
PEG(PB07)_L2,PEG(PB07)_R5,0,0,0.0,0.0
PEG(PB07)_L2,PEG(PB07)_R8,1,3,3.0,0.0
PEG(PB07)_L2,PEN_a(PB06a)_L7,0,0,0.0,0.0
PEG(PB07)_L2,PEN_a(PB06a)_R4,0,0,0.0,0.0
PEG(PB07)_L2,PEN_a(PB06a)_R3,0,0,0.0,0.0
PEG(PB07)_L2,PEN_a(PB06a)_L2,0,0,0.0,0.0
PEG(PB07)_L2,PEN_a(PB06a)_R6,0,0,0.0,0.0
PEG(PB07)_L2,PEN_a(PB06a)_L6,0,0,0.0,0.0
PEG(PB07)_L2,PEN_a(PB06a)_L4,1,1,1.0,0.0
PEG(PB07)_L2,PEN_a(PB06a)_R5,0,0,0.0,0.0
PEG(PB07)_L2,PEN_a(PB06a)_R2,0,0,0.0,0.0
PEG(PB07)_L2,PEN_a(PB06a)_R7,0,0,0.0,0.0
PEG(PB07)_L2,PEN_a(PB06a)_R8,0,0,0.0,0.0
PEG(PB07)_L2,PEN_a(PB06a)_L8,0,0,0.0,0.0
PEG(PB07)_L2,PEN_a(PB06a)_R9,1,1,1.0,0.0
PEG(PB07)_L2,PEN_a(PB06a)_L9,0,0,0.0,0.0
PEG(PB07)_L2,PEN_a(PB06a)_L3,1,2,2.0,0.0
PEG(PB07)_L2,PEN_a(PB06a)_L5,0,0,0.0,0.0
PEG(PB07)_L2,PEN_b(PB06b)_L4,1,2,2.0,0.0
PEG(PB07)_L2,PEN_b(PB06b)_R4,0,0,0.0,0.0
PEG(PB07)_L2,PEN_b(PB06b)_L6,0,0,0.0,0.0
PEG(PB07)_L2,PEN_b(PB06b)_R7,0,0,0.0,0.0
PEG(PB07)_L2,PEN_b(PB06b)_R2,1,1,1.0,0.0
PEG(PB07)_L2,PEN_b(PB06b)_R5,0,0,0.0,0.0
PEG(PB07)_L2,PEN_b(PB06b)_R6,0,0,0.0,0.0
PEG(PB07)_L2,PEN_b(PB06b)_R3,0,0,0.0,0.0
PEG(PB07)_L2,PEN_b(PB06b)_R8,1,2,2.0,0.0
PEG(PB07)_L2,PEN_b(PB06b)_R9,2,62,31.0,5.656854249492381
PEG(PB07)_L2,PEN_b(PB06b)_L9,0,0,0.0,0.0
PEG(PB07)_L2,PEN_b(PB06b)_L7,0,0,0.0,0.0
PEG(PB07)_L2,PEN_b(PB06b)_L8,0,0,0.0,0.0
PEG(PB07)_L2,PEN_b(PB06b)_L5,0,0,0.0,0.0
PEG(PB07)_L2,PEN_b(PB06b)_L2,1,1,1.0,0.0
PEG(PB07)_L2,PEN_b(PB06b)_L3,1,31,31.0,0.0
PEG(PB07)_L9,EPG(PB08)_L3,2,4,2.0,1.4142135623730951
PEG(PB07)_L9,EPG(PB08)_R4,0,0,0.0,0.0
PEG(PB07)_L9,EPG(PB08)_R3,0,0,0.0,0.0
PEG(PB07)_L9,EPG(PB08)_L6,1,1,1.0,0.0
PEG(PB07)_L9,EPG(PB08)_L1,4,6,1.5,0.5773502691896257
PEG(PB07)_L9,EPG(PB08)_R2,0,0,0.0,0.0
PEG(PB07)_L9,EPG(PB08)_L4,0,0,0.0,0.0
PEG(PB07)_L9,EPG(PB08)_R5,0,0,0.0,0.0
PEG(PB07)_L9,EPG(PB08)_L5,2,4,2.0,1.4142135623730951
PEG(PB07)_L9,EPG(PB08)_L2,1,1,1.0,0.0
PEG(PB07)_L9,EPG(PB08)_R6,0,0,0.0,0.0
PEG(PB07)_L9,EPG(PB08)_R7,0,0,0.0,0.0
PEG(PB07)_L9,EPG(PB08)_L7,2,4,2.0,1.4142135623730951
PEG(PB07)_L9,EPG(PB08)_L8,0,0,0.0,0.0
PEG(PB07)_L9,EPG(PB08)_R8,1,2,2.0,0.0
PEG(PB07)_L9,EPG(PB08)_R1,2,7,3.5,2.1213203435596424
PEG(PB07)_L9,Delta7(PB15)_L6R3_L,0,0,0.0,0.0
PEG(PB07)_L9,Delta7(PB15)_L5R4_L,0,0,0.0,0.0
PEG(PB07)_L9,Delta7(PB15)_L4R5_R,0,0,0.0,0.0
PEG(PB07)_L9,Delta7(PB15)_L1L9R8_R,2,2,1.0,0.0
PEG(PB07)_L9,Delta7(PB15)_L8R1R9_L,0,0,0.0,0.0
PEG(PB07)_L9,Delta7(PB15)_L3R6_R,0,0,0.0,0.0
PEG(PB07)_L9,Delta7(PB15)_L7R2_L,0,0,0.0,0.0
PEG(PB07)_L9,Delta7(PB15)_L2R7_R,0,0,0.0,0.0
PEG(PB07)_L9,PEG(PB07)_R1,1,4,4.0,0.0
PEG(PB07)_L9,PEG(PB07)_L5,0,0,0.0,0.0
PEG(PB07)_L9,PEG(PB07)_L6,0,0,0.0,0.0
PEG(PB07)_L9,PEG(PB07)_R6,0,0,0.0,0.0
PEG(PB07)_L9,PEG(PB07)_R4,0,0,0.0,0.0
PEG(PB07)_L9,PEG(PB07)_L4,0,0,0.0,0.0
PEG(PB07)_L9,PEG(PB07)_R2,0,0,0.0,0.0
PEG(PB07)_L9,PEG(PB07)_R3,0,0,0.0,0.0
PEG(PB07)_L9,PEG(PB07)_L3,1,6,6.0,0.0
PEG(PB07)_L9,PEG(PB07)_R7,0,0,0.0,0.0
PEG(PB07)_L9,PEG(PB07)_L7,1,5,5.0,0.0
PEG(PB07)_L9,PEG(PB07)_L8,0,0,0.0,0.0
PEG(PB07)_L9,PEG(PB07)_R9,1,2,2.0,0.0
PEG(PB07)_L9,PEG(PB07)_L1,2,7,3.5,0.7071067811865476
PEG(PB07)_L9,PEG(PB07)_L2,0,0,0.0,0.0
PEG(PB07)_L9,PEG(PB07)_R5,0,0,0.0,0.0
PEG(PB07)_L9,PEG(PB07)_R8,0,0,0.0,0.0
PEG(PB07)_L9,PEN_a(PB06a)_L7,0,0,0.0,0.0
PEG(PB07)_L9,PEN_a(PB06a)_R4,0,0,0.0,0.0
PEG(PB07)_L9,PEN_a(PB06a)_R3,0,0,0.0,0.0
PEG(PB07)_L9,PEN_a(PB06a)_L2,1,2,2.0,0.0
PEG(PB07)_L9,PEN_a(PB06a)_R6,0,0,0.0,0.0
PEG(PB07)_L9,PEN_a(PB06a)_L6,0,0,0.0,0.0
PEG(PB07)_L9,PEN_a(PB06a)_L4,0,0,0.0,0.0
PEG(PB07)_L9,PEN_a(PB06a)_R5,0,0,0.0,0.0
PEG(PB07)_L9,PEN_a(PB06a)_R2,1,1,1.0,0.0
PEG(PB07)_L9,PEN_a(PB06a)_R7,0,0,0.0,0.0
PEG(PB07)_L9,PEN_a(PB06a)_R8,0,0,0.0,0.0
PEG(PB07)_L9,PEN_a(PB06a)_L8,0,0,0.0,0.0
PEG(PB07)_L9,PEN_a(PB06a)_R9,0,0,0.0,0.0
PEG(PB07)_L9,PEN_a(PB06a)_L9,1,2,2.0,0.0
PEG(PB07)_L9,PEN_a(PB06a)_L3,0,0,0.0,0.0
PEG(PB07)_L9,PEN_a(PB06a)_L5,0,0,0.0,0.0
PEG(PB07)_L9,PEN_b(PB06b)_L4,0,0,0.0,0.0
PEG(PB07)_L9,PEN_b(PB06b)_R4,0,0,0.0,0.0
PEG(PB07)_L9,PEN_b(PB06b)_L6,0,0,0.0,0.0
PEG(PB07)_L9,PEN_b(PB06b)_R7,0,0,0.0,0.0
PEG(PB07)_L9,PEN_b(PB06b)_R2,1,11,11.0,0.0
PEG(PB07)_L9,PEN_b(PB06b)_R5,0,0,0.0,0.0
PEG(PB07)_L9,PEN_b(PB06b)_R6,0,0,0.0,0.0
PEG(PB07)_L9,PEN_b(PB06b)_R3,0,0,0.0,0.0
PEG(PB07)_L9,PEN_b(PB06b)_R8,0,0,0.0,0.0
PEG(PB07)_L9,PEN_b(PB06b)_R9,0,0,0.0,0.0
PEG(PB07)_L9,PEN_b(PB06b)_L9,1,1,1.0,0.0
PEG(PB07)_L9,PEN_b(PB06b)_L7,0,0,0.0,0.0
PEG(PB07)_L9,PEN_b(PB06b)_L8,0,0,0.0,0.0
PEG(PB07)_L9,PEN_b(PB06b)_L5,0,0,0.0,0.0
PEG(PB07)_L9,PEN_b(PB06b)_L2,1,15,15.0,0.0
PEG(PB07)_L9,PEN_b(PB06b)_L3,1,3,3.0,0.0
PEG(PB07)_R5,EPG(PB08)_L3,0,0,0.0,0.0
PEG(PB07)_R5,EPG(PB08)_R4,1,1,1.0,0.0
PEG(PB07)_R5,EPG(PB08)_R3,0,0,0.0,0.0
PEG(PB07)_R5,EPG(PB08)_L6,0,0,0.0,0.0
PEG(PB07)_R5,EPG(PB08)_L1,0,0,0.0,0.0
PEG(PB07)_R5,EPG(PB08)_R2,0,0,0.0,0.0
PEG(PB07)_R5,EPG(PB08)_L4,3,4,1.3333333333333333,0.5773502691896257
PEG(PB07)_R5,EPG(PB08)_R5,3,10,3.3333333333333335,2.516611478423583
PEG(PB07)_R5,EPG(PB08)_L5,3,7,2.3333333333333335,0.5773502691896257
PEG(PB07)_R5,EPG(PB08)_L2,0,0,0.0,0.0
PEG(PB07)_R5,EPG(PB08)_R6,1,1,1.0,0.0
PEG(PB07)_R5,EPG(PB08)_R7,0,0,0.0,0.0
PEG(PB07)_R5,EPG(PB08)_L7,0,0,0.0,0.0
PEG(PB07)_R5,EPG(PB08)_L8,0,0,0.0,0.0
PEG(PB07)_R5,EPG(PB08)_R8,0,0,0.0,0.0
PEG(PB07)_R5,EPG(PB08)_R1,0,0,0.0,0.0
PEG(PB07)_R5,Delta7(PB15)_L6R3_L,0,0,0.0,0.0
PEG(PB07)_R5,Delta7(PB15)_L5R4_L,0,0,0.0,0.0
PEG(PB07)_R5,Delta7(PB15)_L4R5_R,0,0,0.0,0.0
PEG(PB07)_R5,Delta7(PB15)_L1L9R8_R,1,1,1.0,0.0
PEG(PB07)_R5,Delta7(PB15)_L8R1R9_L,0,0,0.0,0.0
PEG(PB07)_R5,Delta7(PB15)_L3R6_R,0,0,0.0,0.0
PEG(PB07)_R5,Delta7(PB15)_L7R2_L,0,0,0.0,0.0
PEG(PB07)_R5,Delta7(PB15)_L2R7_R,1,1,1.0,0.0
PEG(PB07)_R5,PEG(PB07)_R1,0,0,0.0,0.0
PEG(PB07)_R5,PEG(PB07)_L5,1,3,3.0,0.0
PEG(PB07)_R5,PEG(PB07)_L6,0,0,0.0,0.0
PEG(PB07)_R5,PEG(PB07)_R6,0,0,0.0,0.0
PEG(PB07)_R5,PEG(PB07)_R4,0,0,0.0,0.0
PEG(PB07)_R5,PEG(PB07)_L4,0,0,0.0,0.0
PEG(PB07)_R5,PEG(PB07)_R2,0,0,0.0,0.0
PEG(PB07)_R5,PEG(PB07)_R3,0,0,0.0,0.0
PEG(PB07)_R5,PEG(PB07)_L3,0,0,0.0,0.0
PEG(PB07)_R5,PEG(PB07)_R7,0,0,0.0,0.0
PEG(PB07)_R5,PEG(PB07)_L7,0,0,0.0,0.0
PEG(PB07)_R5,PEG(PB07)_L8,0,0,0.0,0.0
PEG(PB07)_R5,PEG(PB07)_R9,0,0,0.0,0.0
PEG(PB07)_R5,PEG(PB07)_L1,0,0,0.0,0.0
PEG(PB07)_R5,PEG(PB07)_L2,0,0,0.0,0.0
PEG(PB07)_R5,PEG(PB07)_L9,0,0,0.0,0.0
PEG(PB07)_R5,PEG(PB07)_R8,0,0,0.0,0.0
PEG(PB07)_R5,PEN_a(PB06a)_L7,0,0,0.0,0.0
PEG(PB07)_R5,PEN_a(PB06a)_R4,0,0,0.0,0.0
PEG(PB07)_R5,PEN_a(PB06a)_R3,0,0,0.0,0.0
PEG(PB07)_R5,PEN_a(PB06a)_L2,0,0,0.0,0.0
PEG(PB07)_R5,PEN_a(PB06a)_R6,1,2,2.0,0.0
PEG(PB07)_R5,PEN_a(PB06a)_L6,2,5,2.5,2.1213203435596424
PEG(PB07)_R5,PEN_a(PB06a)_L4,0,0,0.0,0.0
PEG(PB07)_R5,PEN_a(PB06a)_R5,0,0,0.0,0.0
PEG(PB07)_R5,PEN_a(PB06a)_R2,0,0,0.0,0.0
PEG(PB07)_R5,PEN_a(PB06a)_R7,0,0,0.0,0.0
PEG(PB07)_R5,PEN_a(PB06a)_R8,0,0,0.0,0.0
PEG(PB07)_R5,PEN_a(PB06a)_L8,0,0,0.0,0.0
PEG(PB07)_R5,PEN_a(PB06a)_R9,0,0,0.0,0.0
PEG(PB07)_R5,PEN_a(PB06a)_L9,0,0,0.0,0.0
PEG(PB07)_R5,PEN_a(PB06a)_L3,0,0,0.0,0.0
PEG(PB07)_R5,PEN_a(PB06a)_L5,0,0,0.0,0.0
PEG(PB07)_R5,PEN_b(PB06b)_L4,0,0,0.0,0.0
PEG(PB07)_R5,PEN_b(PB06b)_R4,0,0,0.0,0.0
PEG(PB07)_R5,PEN_b(PB06b)_L6,2,39,19.5,9.192388155425117
PEG(PB07)_R5,PEN_b(PB06b)_R7,0,0,0.0,0.0
PEG(PB07)_R5,PEN_b(PB06b)_R2,0,0,0.0,0.0
PEG(PB07)_R5,PEN_b(PB06b)_R5,0,0,0.0,0.0
PEG(PB07)_R5,PEN_b(PB06b)_R6,2,44,22.0,12.727922061357855
PEG(PB07)_R5,PEN_b(PB06b)_R3,0,0,0.0,0.0
PEG(PB07)_R5,PEN_b(PB06b)_R8,0,0,0.0,0.0
PEG(PB07)_R5,PEN_b(PB06b)_R9,0,0,0.0,0.0
PEG(PB07)_R5,PEN_b(PB06b)_L9,0,0,0.0,0.0
PEG(PB07)_R5,PEN_b(PB06b)_L7,1,1,1.0,0.0
PEG(PB07)_R5,PEN_b(PB06b)_L8,0,0,0.0,0.0
PEG(PB07)_R5,PEN_b(PB06b)_L5,0,0,0.0,0.0
PEG(PB07)_R5,PEN_b(PB06b)_L2,0,0,0.0,0.0
PEG(PB07)_R5,PEN_b(PB06b)_L3,0,0,0.0,0.0
PEG(PB07)_R8,EPG(PB08)_L3,1,1,1.0,0.0
PEG(PB07)_R8,EPG(PB08)_R4,0,0,0.0,0.0
PEG(PB07)_R8,EPG(PB08)_R3,0,0,0.0,0.0
PEG(PB07)_R8,EPG(PB08)_L6,0,0,0.0,0.0
PEG(PB07)_R8,EPG(PB08)_L1,1,2,2.0,0.0
PEG(PB07)_R8,EPG(PB08)_R2,0,0,0.0,0.0
PEG(PB07)_R8,EPG(PB08)_L4,0,0,0.0,0.0
PEG(PB07)_R8,EPG(PB08)_R5,0,0,0.0,0.0
PEG(PB07)_R8,EPG(PB08)_L5,0,0,0.0,0.0
PEG(PB07)_R8,EPG(PB08)_L2,2,3,1.5,0.7071067811865476
PEG(PB07)_R8,EPG(PB08)_R6,0,0,0.0,0.0
PEG(PB07)_R8,EPG(PB08)_R7,2,2,1.0,0.0
PEG(PB07)_R8,EPG(PB08)_L7,0,0,0.0,0.0
PEG(PB07)_R8,EPG(PB08)_L8,0,0,0.0,0.0
PEG(PB07)_R8,EPG(PB08)_R8,4,6,1.5,0.5773502691896257
PEG(PB07)_R8,EPG(PB08)_R1,0,0,0.0,0.0
PEG(PB07)_R8,Delta7(PB15)_L6R3_L,0,0,0.0,0.0
PEG(PB07)_R8,Delta7(PB15)_L5R4_L,1,1,1.0,0.0
PEG(PB07)_R8,Delta7(PB15)_L4R5_R,0,0,0.0,0.0
PEG(PB07)_R8,Delta7(PB15)_L1L9R8_R,1,1,1.0,0.0
PEG(PB07)_R8,Delta7(PB15)_L8R1R9_L,0,0,0.0,0.0
PEG(PB07)_R8,Delta7(PB15)_L3R6_R,0,0,0.0,0.0
PEG(PB07)_R8,Delta7(PB15)_L7R2_L,0,0,0.0,0.0
PEG(PB07)_R8,Delta7(PB15)_L2R7_R,0,0,0.0,0.0
PEG(PB07)_R8,PEG(PB07)_R1,0,0,0.0,0.0
PEG(PB07)_R8,PEG(PB07)_L5,0,0,0.0,0.0
PEG(PB07)_R8,PEG(PB07)_L6,0,0,0.0,0.0
PEG(PB07)_R8,PEG(PB07)_R6,0,0,0.0,0.0
PEG(PB07)_R8,PEG(PB07)_R4,0,0,0.0,0.0
PEG(PB07)_R8,PEG(PB07)_L4,0,0,0.0,0.0
PEG(PB07)_R8,PEG(PB07)_R2,0,0,0.0,0.0
PEG(PB07)_R8,PEG(PB07)_R3,0,0,0.0,0.0
PEG(PB07)_R8,PEG(PB07)_L3,0,0,0.0,0.0
PEG(PB07)_R8,PEG(PB07)_R7,0,0,0.0,0.0
PEG(PB07)_R8,PEG(PB07)_L7,0,0,0.0,0.0
PEG(PB07)_R8,PEG(PB07)_L8,0,0,0.0,0.0
PEG(PB07)_R8,PEG(PB07)_R9,0,0,0.0,0.0
PEG(PB07)_R8,PEG(PB07)_L1,0,0,0.0,0.0
PEG(PB07)_R8,PEG(PB07)_L2,1,1,1.0,0.0
PEG(PB07)_R8,PEG(PB07)_L9,0,0,0.0,0.0
PEG(PB07)_R8,PEG(PB07)_R5,0,0,0.0,0.0
PEG(PB07)_R8,PEN_a(PB06a)_L7,0,0,0.0,0.0
PEG(PB07)_R8,PEN_a(PB06a)_R4,0,0,0.0,0.0
PEG(PB07)_R8,PEN_a(PB06a)_R3,0,0,0.0,0.0
PEG(PB07)_R8,PEN_a(PB06a)_L2,0,0,0.0,0.0
PEG(PB07)_R8,PEN_a(PB06a)_R6,0,0,0.0,0.0
PEG(PB07)_R8,PEN_a(PB06a)_L6,0,0,0.0,0.0
PEG(PB07)_R8,PEN_a(PB06a)_L4,0,0,0.0,0.0
PEG(PB07)_R8,PEN_a(PB06a)_R5,0,0,0.0,0.0
PEG(PB07)_R8,PEN_a(PB06a)_R2,0,0,0.0,0.0
PEG(PB07)_R8,PEN_a(PB06a)_R7,0,0,0.0,0.0
PEG(PB07)_R8,PEN_a(PB06a)_R8,0,0,0.0,0.0
PEG(PB07)_R8,PEN_a(PB06a)_L8,0,0,0.0,0.0
PEG(PB07)_R8,PEN_a(PB06a)_R9,0,0,0.0,0.0
PEG(PB07)_R8,PEN_a(PB06a)_L9,0,0,0.0,0.0
PEG(PB07)_R8,PEN_a(PB06a)_L3,1,1,1.0,0.0
PEG(PB07)_R8,PEN_a(PB06a)_L5,0,0,0.0,0.0
PEG(PB07)_R8,PEN_b(PB06b)_L4,1,2,2.0,0.0
PEG(PB07)_R8,PEN_b(PB06b)_R4,0,0,0.0,0.0
PEG(PB07)_R8,PEN_b(PB06b)_L6,0,0,0.0,0.0
PEG(PB07)_R8,PEN_b(PB06b)_R7,0,0,0.0,0.0
PEG(PB07)_R8,PEN_b(PB06b)_R2,0,0,0.0,0.0
PEG(PB07)_R8,PEN_b(PB06b)_R5,0,0,0.0,0.0
PEG(PB07)_R8,PEN_b(PB06b)_R6,0,0,0.0,0.0
PEG(PB07)_R8,PEN_b(PB06b)_R3,0,0,0.0,0.0
PEG(PB07)_R8,PEN_b(PB06b)_R8,1,1,1.0,0.0
PEG(PB07)_R8,PEN_b(PB06b)_R9,2,30,15.0,1.4142135623730951
PEG(PB07)_R8,PEN_b(PB06b)_L9,0,0,0.0,0.0
PEG(PB07)_R8,PEN_b(PB06b)_L7,0,0,0.0,0.0
PEG(PB07)_R8,PEN_b(PB06b)_L8,0,0,0.0,0.0
PEG(PB07)_R8,PEN_b(PB06b)_L5,0,0,0.0,0.0
PEG(PB07)_R8,PEN_b(PB06b)_L2,1,1,1.0,0.0
PEG(PB07)_R8,PEN_b(PB06b)_L3,1,28,28.0,0.0
PEN_a(PB06a)_L7,EPG(PB08)_L3,0,0,0.0,0.0
PEN_a(PB06a)_L7,EPG(PB08)_R4,3,231,77.0,11.532562594670797
PEN_a(PB06a)_L7,EPG(PB08)_R3,3,200,66.66666666666667,17.21433511156714
PEN_a(PB06a)_L7,EPG(PB08)_L6,3,226,75.33333333333333,7.371114795831994
PEN_a(PB06a)_L7,EPG(PB08)_L1,0,0,0.0,0.0
PEN_a(PB06a)_L7,EPG(PB08)_R2,2,11,5.5,0.7071067811865476
PEN_a(PB06a)_L7,EPG(PB08)_L4,1,3,3.0,0.0
PEN_a(PB06a)_L7,EPG(PB08)_R5,3,25,8.333333333333334,7.571877794400365
PEN_a(PB06a)_L7,EPG(PB08)_L5,3,91,30.333333333333332,25.73583752927682
PEN_a(PB06a)_L7,EPG(PB08)_L2,0,0,0.0,0.0
PEN_a(PB06a)_L7,EPG(PB08)_R6,0,0,0.0,0.0
PEN_a(PB06a)_L7,EPG(PB08)_R7,0,0,0.0,0.0
PEN_a(PB06a)_L7,EPG(PB08)_L7,3,29,9.666666666666666,8.144527815247077
PEN_a(PB06a)_L7,EPG(PB08)_L8,1,2,2.0,0.0
PEN_a(PB06a)_L7,EPG(PB08)_R8,0,0,0.0,0.0
PEN_a(PB06a)_L7,EPG(PB08)_R1,0,0,0.0,0.0
PEN_a(PB06a)_L7,Delta7(PB15)_L6R3_L,0,0,0.0,0.0
PEN_a(PB06a)_L7,Delta7(PB15)_L5R4_L,0,0,0.0,0.0
PEN_a(PB06a)_L7,Delta7(PB15)_L4R5_R,0,0,0.0,0.0
PEN_a(PB06a)_L7,Delta7(PB15)_L1L9R8_R,1,1,1.0,0.0
PEN_a(PB06a)_L7,Delta7(PB15)_L8R1R9_L,0,0,0.0,0.0
PEN_a(PB06a)_L7,Delta7(PB15)_L3R6_R,1,1,1.0,0.0
PEN_a(PB06a)_L7,Delta7(PB15)_L7R2_L,0,0,0.0,0.0
PEN_a(PB06a)_L7,Delta7(PB15)_L2R7_R,1,1,1.0,0.0
PEN_a(PB06a)_L7,PEG(PB07)_R1,0,0,0.0,0.0
PEN_a(PB06a)_L7,PEG(PB07)_L5,1,1,1.0,0.0
PEN_a(PB06a)_L7,PEG(PB07)_L6,1,3,3.0,0.0
PEN_a(PB06a)_L7,PEG(PB07)_R6,0,0,0.0,0.0
PEN_a(PB06a)_L7,PEG(PB07)_R4,1,1,1.0,0.0
PEN_a(PB06a)_L7,PEG(PB07)_L4,0,0,0.0,0.0
PEN_a(PB06a)_L7,PEG(PB07)_R2,0,0,0.0,0.0
PEN_a(PB06a)_L7,PEG(PB07)_R3,0,0,0.0,0.0
PEN_a(PB06a)_L7,PEG(PB07)_L3,0,0,0.0,0.0
PEN_a(PB06a)_L7,PEG(PB07)_R7,0,0,0.0,0.0
PEN_a(PB06a)_L7,PEG(PB07)_L7,1,1,1.0,0.0
PEN_a(PB06a)_L7,PEG(PB07)_L8,0,0,0.0,0.0
PEN_a(PB06a)_L7,PEG(PB07)_R9,0,0,0.0,0.0
PEN_a(PB06a)_L7,PEG(PB07)_L1,0,0,0.0,0.0
PEN_a(PB06a)_L7,PEG(PB07)_L2,0,0,0.0,0.0
PEN_a(PB06a)_L7,PEG(PB07)_L9,0,0,0.0,0.0
PEN_a(PB06a)_L7,PEG(PB07)_R5,0,0,0.0,0.0
PEN_a(PB06a)_L7,PEG(PB07)_R8,0,0,0.0,0.0
PEN_a(PB06a)_L7,PEN_a(PB06a)_R4,2,7,3.5,2.1213203435596424
PEN_a(PB06a)_L7,PEN_a(PB06a)_R3,0,0,0.0,0.0
PEN_a(PB06a)_L7,PEN_a(PB06a)_L2,1,31,31.0,0.0
PEN_a(PB06a)_L7,PEN_a(PB06a)_R6,1,3,3.0,0.0
PEN_a(PB06a)_L7,PEN_a(PB06a)_L6,3,40,13.333333333333334,10.692676621563626
PEN_a(PB06a)_L7,PEN_a(PB06a)_L4,2,23,11.5,4.949747468305833
PEN_a(PB06a)_L7,PEN_a(PB06a)_R5,1,9,9.0,0.0
PEN_a(PB06a)_L7,PEN_a(PB06a)_R2,0,0,0.0,0.0
PEN_a(PB06a)_L7,PEN_a(PB06a)_R7,0,0,0.0,0.0
PEN_a(PB06a)_L7,PEN_a(PB06a)_R8,0,0,0.0,0.0
PEN_a(PB06a)_L7,PEN_a(PB06a)_L8,2,27,13.5,10.606601717798213
PEN_a(PB06a)_L7,PEN_a(PB06a)_R9,0,0,0.0,0.0
PEN_a(PB06a)_L7,PEN_a(PB06a)_L9,1,27,27.0,0.0
PEN_a(PB06a)_L7,PEN_a(PB06a)_L3,1,19,19.0,0.0
PEN_a(PB06a)_L7,PEN_a(PB06a)_L5,1,15,15.0,0.0
PEN_a(PB06a)_L7,PEN_b(PB06b)_L4,2,10,5.0,0.0
PEN_a(PB06a)_L7,PEN_b(PB06b)_R4,0,0,0.0,0.0
PEN_a(PB06a)_L7,PEN_b(PB06b)_L6,3,9,3.0,2.0
PEN_a(PB06a)_L7,PEN_b(PB06b)_R7,0,0,0.0,0.0
PEN_a(PB06a)_L7,PEN_b(PB06b)_R2,0,0,0.0,0.0
PEN_a(PB06a)_L7,PEN_b(PB06b)_R5,1,12,12.0,0.0
PEN_a(PB06a)_L7,PEN_b(PB06b)_R6,0,0,0.0,0.0
PEN_a(PB06a)_L7,PEN_b(PB06b)_R3,0,0,0.0,0.0
PEN_a(PB06a)_L7,PEN_b(PB06b)_R8,0,0,0.0,0.0
PEN_a(PB06a)_L7,PEN_b(PB06b)_R9,0,0,0.0,0.0
PEN_a(PB06a)_L7,PEN_b(PB06b)_L9,2,18,9.0,2.8284271247461903
PEN_a(PB06a)_L7,PEN_b(PB06b)_L7,3,22,7.333333333333333,6.506407098647712
PEN_a(PB06a)_L7,PEN_b(PB06b)_L8,2,5,2.5,0.7071067811865476
PEN_a(PB06a)_L7,PEN_b(PB06b)_L5,1,8,8.0,0.0
PEN_a(PB06a)_L7,PEN_b(PB06b)_L2,1,6,6.0,0.0
PEN_a(PB06a)_L7,PEN_b(PB06b)_L3,1,5,5.0,0.0
PEN_a(PB06a)_R4,EPG(PB08)_L3,0,0,0.0,0.0
PEN_a(PB06a)_R4,EPG(PB08)_R4,6,80,13.333333333333334,8.640987597877148
PEN_a(PB06a)_R4,EPG(PB08)_R3,6,385,64.16666666666667,8.931218655181759
PEN_a(PB06a)_R4,EPG(PB08)_L6,6,166,27.666666666666668,11.826523862347155
PEN_a(PB06a)_R4,EPG(PB08)_L1,0,0,0.0,0.0
PEN_a(PB06a)_R4,EPG(PB08)_R2,4,175,43.75,6.18465843842649
PEN_a(PB06a)_R4,EPG(PB08)_L4,0,0,0.0,0.0
PEN_a(PB06a)_R4,EPG(PB08)_R5,0,0,0.0,0.0
PEN_a(PB06a)_R4,EPG(PB08)_L5,3,10,3.3333333333333335,3.2145502536643185
PEN_a(PB06a)_R4,EPG(PB08)_L2,0,0,0.0,0.0
PEN_a(PB06a)_R4,EPG(PB08)_R6,0,0,0.0,0.0
PEN_a(PB06a)_R4,EPG(PB08)_R7,0,0,0.0,0.0
PEN_a(PB06a)_R4,EPG(PB08)_L7,6,335,55.833333333333336,10.457851914550456
PEN_a(PB06a)_R4,EPG(PB08)_L8,8,81,10.125,4.421942042651784
PEN_a(PB06a)_R4,EPG(PB08)_R8,0,0,0.0,0.0
PEN_a(PB06a)_R4,EPG(PB08)_R1,3,11,3.6666666666666665,2.309401076758503
PEN_a(PB06a)_R4,Delta7(PB15)_L6R3_L,0,0,0.0,0.0
PEN_a(PB06a)_R4,Delta7(PB15)_L5R4_L,0,0,0.0,0.0
PEN_a(PB06a)_R4,Delta7(PB15)_L4R5_R,0,0,0.0,0.0
PEN_a(PB06a)_R4,Delta7(PB15)_L1L9R8_R,0,0,0.0,0.0
PEN_a(PB06a)_R4,Delta7(PB15)_L8R1R9_L,0,0,0.0,0.0
PEN_a(PB06a)_R4,Delta7(PB15)_L3R6_R,0,0,0.0,0.0
PEN_a(PB06a)_R4,Delta7(PB15)_L7R2_L,0,0,0.0,0.0
PEN_a(PB06a)_R4,Delta7(PB15)_L2R7_R,0,0,0.0,0.0
PEN_a(PB06a)_R4,PEG(PB07)_R1,0,0,0.0,0.0
PEN_a(PB06a)_R4,PEG(PB07)_L5,0,0,0.0,0.0
PEN_a(PB06a)_R4,PEG(PB07)_L6,1,1,1.0,0.0
PEN_a(PB06a)_R4,PEG(PB07)_R6,0,0,0.0,0.0
PEN_a(PB06a)_R4,PEG(PB07)_R4,1,1,1.0,0.0
PEN_a(PB06a)_R4,PEG(PB07)_L4,0,0,0.0,0.0
PEN_a(PB06a)_R4,PEG(PB07)_R2,1,1,1.0,0.0
PEN_a(PB06a)_R4,PEG(PB07)_R3,2,3,1.5,0.7071067811865476
PEN_a(PB06a)_R4,PEG(PB07)_L3,0,0,0.0,0.0
PEN_a(PB06a)_R4,PEG(PB07)_R7,0,0,0.0,0.0
PEN_a(PB06a)_R4,PEG(PB07)_L7,1,1,1.0,0.0
PEN_a(PB06a)_R4,PEG(PB07)_L8,1,1,1.0,0.0
PEN_a(PB06a)_R4,PEG(PB07)_R9,0,0,0.0,0.0
PEN_a(PB06a)_R4,PEG(PB07)_L1,0,0,0.0,0.0
PEN_a(PB06a)_R4,PEG(PB07)_L2,0,0,0.0,0.0
PEN_a(PB06a)_R4,PEG(PB07)_L9,0,0,0.0,0.0
PEN_a(PB06a)_R4,PEG(PB07)_R5,0,0,0.0,0.0
PEN_a(PB06a)_R4,PEG(PB07)_R8,0,0,0.0,0.0
PEN_a(PB06a)_R4,PEN_a(PB06a)_L7,2,6,3.0,1.4142135623730951
PEN_a(PB06a)_R4,PEN_a(PB06a)_R3,4,35,8.75,6.3966136874651625
PEN_a(PB06a)_R4,PEN_a(PB06a)_L2,0,0,0.0,0.0
PEN_a(PB06a)_R4,PEN_a(PB06a)_R6,5,49,9.8,5.674504383644443
PEN_a(PB06a)_R4,PEN_a(PB06a)_L6,0,0,0.0,0.0
PEN_a(PB06a)_R4,PEN_a(PB06a)_L4,0,0,0.0,0.0
PEN_a(PB06a)_R4,PEN_a(PB06a)_R5,4,31,7.75,6.994045086119096
PEN_a(PB06a)_R4,PEN_a(PB06a)_R2,2,33,16.5,4.949747468305833
PEN_a(PB06a)_R4,PEN_a(PB06a)_R7,2,36,18.0,2.8284271247461903
PEN_a(PB06a)_R4,PEN_a(PB06a)_R8,2,42,21.0,2.8284271247461903
PEN_a(PB06a)_R4,PEN_a(PB06a)_L8,3,20,6.666666666666667,5.507570547286102
PEN_a(PB06a)_R4,PEN_a(PB06a)_R9,2,39,19.5,2.1213203435596424
PEN_a(PB06a)_R4,PEN_a(PB06a)_L9,2,6,3.0,0.0
PEN_a(PB06a)_R4,PEN_a(PB06a)_L3,0,0,0.0,0.0
PEN_a(PB06a)_R4,PEN_a(PB06a)_L5,0,0,0.0,0.0
PEN_a(PB06a)_R4,PEN_b(PB06b)_L4,0,0,0.0,0.0
PEN_a(PB06a)_R4,PEN_b(PB06b)_R4,9,59,6.555555555555555,2.9627314724385294
PEN_a(PB06a)_R4,PEN_b(PB06b)_L6,0,0,0.0,0.0
PEN_a(PB06a)_R4,PEN_b(PB06b)_R7,2,10,5.0,1.4142135623730951
PEN_a(PB06a)_R4,PEN_b(PB06b)_R2,2,14,7.0,0.0
PEN_a(PB06a)_R4,PEN_b(PB06b)_R5,3,18,6.0,4.358898943540674
PEN_a(PB06a)_R4,PEN_b(PB06b)_R6,4,22,5.5,2.6457513110645907
PEN_a(PB06a)_R4,PEN_b(PB06b)_R3,3,12,4.0,3.0
PEN_a(PB06a)_R4,PEN_b(PB06b)_R8,2,14,7.0,1.4142135623730951
PEN_a(PB06a)_R4,PEN_b(PB06b)_R9,4,20,5.0,2.449489742783178
PEN_a(PB06a)_R4,PEN_b(PB06b)_L9,0,0,0.0,0.0
PEN_a(PB06a)_R4,PEN_b(PB06b)_L7,0,0,0.0,0.0
PEN_a(PB06a)_R4,PEN_b(PB06b)_L8,2,19,9.5,4.949747468305833
PEN_a(PB06a)_R4,PEN_b(PB06b)_L5,0,0,0.0,0.0
PEN_a(PB06a)_R4,PEN_b(PB06b)_L2,0,0,0.0,0.0
PEN_a(PB06a)_R4,PEN_b(PB06b)_L3,0,0,0.0,0.0
PEN_a(PB06a)_R3,EPG(PB08)_L3,0,0,0.0,0.0
PEN_a(PB06a)_R3,EPG(PB08)_R4,0,0,0.0,0.0
PEN_a(PB06a)_R3,EPG(PB08)_R3,4,67,16.75,12.606215398233788
PEN_a(PB06a)_R3,EPG(PB08)_L6,2,7,3.5,3.5355339059327378
PEN_a(PB06a)_R3,EPG(PB08)_L1,2,24,12.0,7.0710678118654755
PEN_a(PB06a)_R3,EPG(PB08)_R2,2,217,108.5,14.849242404917497
PEN_a(PB06a)_R3,EPG(PB08)_L4,0,0,0.0,0.0
PEN_a(PB06a)_R3,EPG(PB08)_R5,0,0,0.0,0.0
PEN_a(PB06a)_R3,EPG(PB08)_L5,0,0,0.0,0.0
PEN_a(PB06a)_R3,EPG(PB08)_L2,0,0,0.0,0.0
PEN_a(PB06a)_R3,EPG(PB08)_R6,0,0,0.0,0.0
PEN_a(PB06a)_R3,EPG(PB08)_R7,0,0,0.0,0.0
PEN_a(PB06a)_R3,EPG(PB08)_L7,3,179,59.666666666666664,22.18858565419016
PEN_a(PB06a)_R3,EPG(PB08)_L8,4,330,82.5,10.661457061146317
PEN_a(PB06a)_R3,EPG(PB08)_R8,0,0,0.0,0.0
PEN_a(PB06a)_R3,EPG(PB08)_R1,2,129,64.5,27.577164466275352
PEN_a(PB06a)_R3,Delta7(PB15)_L6R3_L,1,1,1.0,0.0
PEN_a(PB06a)_R3,Delta7(PB15)_L5R4_L,0,0,0.0,0.0
PEN_a(PB06a)_R3,Delta7(PB15)_L4R5_R,0,0,0.0,0.0
PEN_a(PB06a)_R3,Delta7(PB15)_L1L9R8_R,0,0,0.0,0.0
PEN_a(PB06a)_R3,Delta7(PB15)_L8R1R9_L,0,0,0.0,0.0
PEN_a(PB06a)_R3,Delta7(PB15)_L3R6_R,0,0,0.0,0.0
PEN_a(PB06a)_R3,Delta7(PB15)_L7R2_L,0,0,0.0,0.0
PEN_a(PB06a)_R3,Delta7(PB15)_L2R7_R,0,0,0.0,0.0
PEN_a(PB06a)_R3,PEG(PB07)_R1,0,0,0.0,0.0
PEN_a(PB06a)_R3,PEG(PB07)_L5,0,0,0.0,0.0
PEN_a(PB06a)_R3,PEG(PB07)_L6,0,0,0.0,0.0
PEN_a(PB06a)_R3,PEG(PB07)_R6,0,0,0.0,0.0
PEN_a(PB06a)_R3,PEG(PB07)_R4,0,0,0.0,0.0
PEN_a(PB06a)_R3,PEG(PB07)_L4,0,0,0.0,0.0
PEN_a(PB06a)_R3,PEG(PB07)_R2,1,2,2.0,0.0
PEN_a(PB06a)_R3,PEG(PB07)_R3,1,1,1.0,0.0
PEN_a(PB06a)_R3,PEG(PB07)_L3,0,0,0.0,0.0
PEN_a(PB06a)_R3,PEG(PB07)_R7,0,0,0.0,0.0
PEN_a(PB06a)_R3,PEG(PB07)_L7,0,0,0.0,0.0
PEN_a(PB06a)_R3,PEG(PB07)_L8,1,4,4.0,0.0
PEN_a(PB06a)_R3,PEG(PB07)_R9,0,0,0.0,0.0
PEN_a(PB06a)_R3,PEG(PB07)_L1,0,0,0.0,0.0
PEN_a(PB06a)_R3,PEG(PB07)_L2,0,0,0.0,0.0
PEN_a(PB06a)_R3,PEG(PB07)_L9,0,0,0.0,0.0
PEN_a(PB06a)_R3,PEG(PB07)_R5,0,0,0.0,0.0
PEN_a(PB06a)_R3,PEG(PB07)_R8,0,0,0.0,0.0
PEN_a(PB06a)_R3,PEN_a(PB06a)_L7,0,0,0.0,0.0
PEN_a(PB06a)_R3,PEN_a(PB06a)_R4,4,24,6.0,5.228129047119374
PEN_a(PB06a)_R3,PEN_a(PB06a)_L2,1,3,3.0,0.0
PEN_a(PB06a)_R3,PEN_a(PB06a)_R6,2,23,11.5,4.949747468305833
PEN_a(PB06a)_R3,PEN_a(PB06a)_L6,0,0,0.0,0.0
PEN_a(PB06a)_R3,PEN_a(PB06a)_L4,0,0,0.0,0.0
PEN_a(PB06a)_R3,PEN_a(PB06a)_R5,2,12,6.0,7.0710678118654755
PEN_a(PB06a)_R3,PEN_a(PB06a)_R2,2,16,8.0,8.48528137423857
PEN_a(PB06a)_R3,PEN_a(PB06a)_R7,1,15,15.0,0.0
PEN_a(PB06a)_R3,PEN_a(PB06a)_R8,1,15,15.0,0.0
PEN_a(PB06a)_R3,PEN_a(PB06a)_L8,1,2,2.0,0.0
PEN_a(PB06a)_R3,PEN_a(PB06a)_R9,1,8,8.0,0.0
PEN_a(PB06a)_R3,PEN_a(PB06a)_L9,1,16,16.0,0.0
PEN_a(PB06a)_R3,PEN_a(PB06a)_L3,0,0,0.0,0.0
PEN_a(PB06a)_R3,PEN_a(PB06a)_L5,0,0,0.0,0.0
PEN_a(PB06a)_R3,PEN_b(PB06b)_L4,0,0,0.0,0.0
PEN_a(PB06a)_R3,PEN_b(PB06b)_R4,2,9,4.5,2.1213203435596424
PEN_a(PB06a)_R3,PEN_b(PB06b)_L6,0,0,0.0,0.0
PEN_a(PB06a)_R3,PEN_b(PB06b)_R7,1,9,9.0,0.0
PEN_a(PB06a)_R3,PEN_b(PB06b)_R2,2,6,3.0,0.0
PEN_a(PB06a)_R3,PEN_b(PB06b)_R5,1,9,9.0,0.0
PEN_a(PB06a)_R3,PEN_b(PB06b)_R6,2,9,4.5,3.5355339059327378
PEN_a(PB06a)_R3,PEN_b(PB06b)_R3,2,14,7.0,7.0710678118654755
PEN_a(PB06a)_R3,PEN_b(PB06b)_R8,1,8,8.0,0.0
PEN_a(PB06a)_R3,PEN_b(PB06b)_R9,2,9,4.5,2.1213203435596424
PEN_a(PB06a)_R3,PEN_b(PB06b)_L9,2,10,5.0,4.242640687119285
PEN_a(PB06a)_R3,PEN_b(PB06b)_L7,0,0,0.0,0.0
PEN_a(PB06a)_R3,PEN_b(PB06b)_L8,1,1,1.0,0.0
PEN_a(PB06a)_R3,PEN_b(PB06b)_L5,0,0,0.0,0.0
PEN_a(PB06a)_R3,PEN_b(PB06b)_L2,0,0,0.0,0.0
PEN_a(PB06a)_R3,PEN_b(PB06b)_L3,0,0,0.0,0.0
PEN_a(PB06a)_L2,EPG(PB08)_L3,1,1,1.0,0.0
PEN_a(PB06a)_L2,EPG(PB08)_R4,0,0,0.0,0.0
PEN_a(PB06a)_L2,EPG(PB08)_R3,0,0,0.0,0.0
PEN_a(PB06a)_L2,EPG(PB08)_L6,0,0,0.0,0.0
PEN_a(PB06a)_L2,EPG(PB08)_L1,2,220,110.0,22.627416997969522
PEN_a(PB06a)_L2,EPG(PB08)_R2,2,25,12.5,7.7781745930520225
PEN_a(PB06a)_L2,EPG(PB08)_L4,0,0,0.0,0.0
PEN_a(PB06a)_L2,EPG(PB08)_R5,0,0,0.0,0.0
PEN_a(PB06a)_L2,EPG(PB08)_L5,0,0,0.0,0.0
PEN_a(PB06a)_L2,EPG(PB08)_L2,2,28,14.0,1.4142135623730951
PEN_a(PB06a)_L2,EPG(PB08)_R6,0,0,0.0,0.0
PEN_a(PB06a)_L2,EPG(PB08)_R7,3,13,4.333333333333333,1.5275252316519468
PEN_a(PB06a)_L2,EPG(PB08)_L7,2,13,6.5,7.7781745930520225
PEN_a(PB06a)_L2,EPG(PB08)_L8,4,116,29.0,17.45470328211473
PEN_a(PB06a)_L2,EPG(PB08)_R8,4,131,32.75,16.520189667999173
PEN_a(PB06a)_L2,EPG(PB08)_R1,2,175,87.5,0.7071067811865476
PEN_a(PB06a)_L2,Delta7(PB15)_L6R3_L,0,0,0.0,0.0
PEN_a(PB06a)_L2,Delta7(PB15)_L5R4_L,0,0,0.0,0.0
PEN_a(PB06a)_L2,Delta7(PB15)_L4R5_R,0,0,0.0,0.0
PEN_a(PB06a)_L2,Delta7(PB15)_L1L9R8_R,0,0,0.0,0.0
PEN_a(PB06a)_L2,Delta7(PB15)_L8R1R9_L,0,0,0.0,0.0
PEN_a(PB06a)_L2,Delta7(PB15)_L3R6_R,0,0,0.0,0.0
PEN_a(PB06a)_L2,Delta7(PB15)_L7R2_L,0,0,0.0,0.0
PEN_a(PB06a)_L2,Delta7(PB15)_L2R7_R,0,0,0.0,0.0
PEN_a(PB06a)_L2,PEG(PB07)_R1,0,0,0.0,0.0
PEN_a(PB06a)_L2,PEG(PB07)_L5,0,0,0.0,0.0
PEN_a(PB06a)_L2,PEG(PB07)_L6,0,0,0.0,0.0
PEN_a(PB06a)_L2,PEG(PB07)_R6,0,0,0.0,0.0
PEN_a(PB06a)_L2,PEG(PB07)_R4,0,0,0.0,0.0
PEN_a(PB06a)_L2,PEG(PB07)_L4,0,0,0.0,0.0
PEN_a(PB06a)_L2,PEG(PB07)_R2,0,0,0.0,0.0
PEN_a(PB06a)_L2,PEG(PB07)_R3,0,0,0.0,0.0
PEN_a(PB06a)_L2,PEG(PB07)_L3,0,0,0.0,0.0
PEN_a(PB06a)_L2,PEG(PB07)_R7,0,0,0.0,0.0
PEN_a(PB06a)_L2,PEG(PB07)_L7,0,0,0.0,0.0
PEN_a(PB06a)_L2,PEG(PB07)_L8,1,1,1.0,0.0
PEN_a(PB06a)_L2,PEG(PB07)_R9,0,0,0.0,0.0
PEN_a(PB06a)_L2,PEG(PB07)_L1,1,1,1.0,0.0
PEN_a(PB06a)_L2,PEG(PB07)_L2,0,0,0.0,0.0
PEN_a(PB06a)_L2,PEG(PB07)_L9,0,0,0.0,0.0
PEN_a(PB06a)_L2,PEG(PB07)_R5,0,0,0.0,0.0
PEN_a(PB06a)_L2,PEG(PB07)_R8,0,0,0.0,0.0
PEN_a(PB06a)_L2,PEN_a(PB06a)_L7,1,18,18.0,0.0
PEN_a(PB06a)_L2,PEN_a(PB06a)_R4,0,0,0.0,0.0
PEN_a(PB06a)_L2,PEN_a(PB06a)_R3,1,1,1.0,0.0
PEN_a(PB06a)_L2,PEN_a(PB06a)_R6,0,0,0.0,0.0
PEN_a(PB06a)_L2,PEN_a(PB06a)_L6,2,38,19.0,0.0
PEN_a(PB06a)_L2,PEN_a(PB06a)_L4,2,24,12.0,1.4142135623730951
PEN_a(PB06a)_L2,PEN_a(PB06a)_R5,0,0,0.0,0.0
PEN_a(PB06a)_L2,PEN_a(PB06a)_R2,1,13,13.0,0.0
PEN_a(PB06a)_L2,PEN_a(PB06a)_R7,0,0,0.0,0.0
PEN_a(PB06a)_L2,PEN_a(PB06a)_R8,1,1,1.0,0.0
PEN_a(PB06a)_L2,PEN_a(PB06a)_L8,1,24,24.0,0.0
PEN_a(PB06a)_L2,PEN_a(PB06a)_R9,0,0,0.0,0.0
PEN_a(PB06a)_L2,PEN_a(PB06a)_L9,2,23,11.5,9.192388155425117
PEN_a(PB06a)_L2,PEN_a(PB06a)_L3,2,27,13.5,16.263455967290593
PEN_a(PB06a)_L2,PEN_a(PB06a)_L5,1,13,13.0,0.0
PEN_a(PB06a)_L2,PEN_b(PB06b)_L4,2,25,12.5,2.1213203435596424
PEN_a(PB06a)_L2,PEN_b(PB06b)_R4,0,0,0.0,0.0
PEN_a(PB06a)_L2,PEN_b(PB06b)_L6,2,12,6.0,1.4142135623730951
PEN_a(PB06a)_L2,PEN_b(PB06b)_R7,0,0,0.0,0.0
PEN_a(PB06a)_L2,PEN_b(PB06b)_R2,1,4,4.0,0.0
PEN_a(PB06a)_L2,PEN_b(PB06b)_R5,0,0,0.0,0.0
PEN_a(PB06a)_L2,PEN_b(PB06b)_R6,0,0,0.0,0.0
PEN_a(PB06a)_L2,PEN_b(PB06b)_R3,0,0,0.0,0.0
PEN_a(PB06a)_L2,PEN_b(PB06b)_R8,0,0,0.0,0.0
PEN_a(PB06a)_L2,PEN_b(PB06b)_R9,1,2,2.0,0.0
PEN_a(PB06a)_L2,PEN_b(PB06b)_L9,2,23,11.5,3.5355339059327378
PEN_a(PB06a)_L2,PEN_b(PB06b)_L7,1,4,4.0,0.0
PEN_a(PB06a)_L2,PEN_b(PB06b)_L8,1,16,16.0,0.0
PEN_a(PB06a)_L2,PEN_b(PB06b)_L5,1,8,8.0,0.0
PEN_a(PB06a)_L2,PEN_b(PB06b)_L2,2,16,8.0,0.0
PEN_a(PB06a)_L2,PEN_b(PB06b)_L3,1,9,9.0,0.0
PEN_a(PB06a)_R6,EPG(PB08)_L3,3,11,3.6666666666666665,3.0550504633038935
PEN_a(PB06a)_R6,EPG(PB08)_R4,6,141,23.5,13.765899897936205
PEN_a(PB06a)_R6,EPG(PB08)_R3,3,11,3.6666666666666665,1.5275252316519468
PEN_a(PB06a)_R6,EPG(PB08)_L6,5,29,5.8,3.96232255123179
PEN_a(PB06a)_R6,EPG(PB08)_L1,0,0,0.0,0.0
PEN_a(PB06a)_R6,EPG(PB08)_R2,0,0,0.0,0.0
PEN_a(PB06a)_R6,EPG(PB08)_L4,6,148,24.666666666666668,3.9832984656772417
PEN_a(PB06a)_R6,EPG(PB08)_R5,6,275,45.833333333333336,10.068101443006356
PEN_a(PB06a)_R6,EPG(PB08)_L5,6,227,37.833333333333336,4.915960401250875
PEN_a(PB06a)_R6,EPG(PB08)_L2,0,0,0.0,0.0
PEN_a(PB06a)_R6,EPG(PB08)_R6,6,50,8.333333333333334,3.011090610836324
PEN_a(PB06a)_R6,EPG(PB08)_R7,2,4,2.0,1.4142135623730951
PEN_a(PB06a)_R6,EPG(PB08)_L7,0,0,0.0,0.0
PEN_a(PB06a)_R6,EPG(PB08)_L8,0,0,0.0,0.0
PEN_a(PB06a)_R6,EPG(PB08)_R8,0,0,0.0,0.0
PEN_a(PB06a)_R6,EPG(PB08)_R1,0,0,0.0,0.0
PEN_a(PB06a)_R6,Delta7(PB15)_L6R3_L,0,0,0.0,0.0
PEN_a(PB06a)_R6,Delta7(PB15)_L5R4_L,0,0,0.0,0.0
PEN_a(PB06a)_R6,Delta7(PB15)_L4R5_R,0,0,0.0,0.0
PEN_a(PB06a)_R6,Delta7(PB15)_L1L9R8_R,0,0,0.0,0.0
PEN_a(PB06a)_R6,Delta7(PB15)_L8R1R9_L,0,0,0.0,0.0
PEN_a(PB06a)_R6,Delta7(PB15)_L3R6_R,0,0,0.0,0.0
PEN_a(PB06a)_R6,Delta7(PB15)_L7R2_L,0,0,0.0,0.0
PEN_a(PB06a)_R6,Delta7(PB15)_L2R7_R,0,0,0.0,0.0
PEN_a(PB06a)_R6,PEG(PB07)_R1,0,0,0.0,0.0
PEN_a(PB06a)_R6,PEG(PB07)_L5,2,3,1.5,0.7071067811865476
PEN_a(PB06a)_R6,PEG(PB07)_L6,0,0,0.0,0.0
PEN_a(PB06a)_R6,PEG(PB07)_R6,0,0,0.0,0.0
PEN_a(PB06a)_R6,PEG(PB07)_R4,2,2,1.0,0.0
PEN_a(PB06a)_R6,PEG(PB07)_L4,2,2,1.0,0.0
PEN_a(PB06a)_R6,PEG(PB07)_R2,0,0,0.0,0.0
PEN_a(PB06a)_R6,PEG(PB07)_R3,0,0,0.0,0.0
PEN_a(PB06a)_R6,PEG(PB07)_L3,0,0,0.0,0.0
PEN_a(PB06a)_R6,PEG(PB07)_R7,0,0,0.0,0.0
PEN_a(PB06a)_R6,PEG(PB07)_L7,0,0,0.0,0.0
PEN_a(PB06a)_R6,PEG(PB07)_L8,0,0,0.0,0.0
PEN_a(PB06a)_R6,PEG(PB07)_R9,0,0,0.0,0.0
PEN_a(PB06a)_R6,PEG(PB07)_L1,0,0,0.0,0.0
PEN_a(PB06a)_R6,PEG(PB07)_L2,0,0,0.0,0.0
PEN_a(PB06a)_R6,PEG(PB07)_L9,0,0,0.0,0.0
PEN_a(PB06a)_R6,PEG(PB07)_R5,1,1,1.0,0.0
PEN_a(PB06a)_R6,PEG(PB07)_R8,0,0,0.0,0.0
PEN_a(PB06a)_R6,PEN_a(PB06a)_L7,2,4,2.0,1.4142135623730951
PEN_a(PB06a)_R6,PEN_a(PB06a)_R4,4,48,12.0,4.39696865275764
PEN_a(PB06a)_R6,PEN_a(PB06a)_R3,2,14,7.0,0.0
PEN_a(PB06a)_R6,PEN_a(PB06a)_L2,0,0,0.0,0.0
PEN_a(PB06a)_R6,PEN_a(PB06a)_L6,4,40,10.0,5.597618541248888
PEN_a(PB06a)_R6,PEN_a(PB06a)_L4,0,0,0.0,0.0
PEN_a(PB06a)_R6,PEN_a(PB06a)_R5,4,32,8.0,7.0710678118654755
PEN_a(PB06a)_R6,PEN_a(PB06a)_R2,2,24,12.0,2.8284271247461903
PEN_a(PB06a)_R6,PEN_a(PB06a)_R7,4,32,8.0,7.0710678118654755
PEN_a(PB06a)_R6,PEN_a(PB06a)_R8,2,34,17.0,1.4142135623730951
PEN_a(PB06a)_R6,PEN_a(PB06a)_L8,0,0,0.0,0.0
PEN_a(PB06a)_R6,PEN_a(PB06a)_R9,2,31,15.5,4.949747468305833
PEN_a(PB06a)_R6,PEN_a(PB06a)_L9,0,0,0.0,0.0
PEN_a(PB06a)_R6,PEN_a(PB06a)_L3,0,0,0.0,0.0
PEN_a(PB06a)_R6,PEN_a(PB06a)_L5,1,1,1.0,0.0
PEN_a(PB06a)_R6,PEN_b(PB06b)_L4,0,0,0.0,0.0
PEN_a(PB06a)_R6,PEN_b(PB06b)_R4,4,23,5.75,3.4034296427770228
PEN_a(PB06a)_R6,PEN_b(PB06b)_L6,4,15,3.75,1.8929694486000912
PEN_a(PB06a)_R6,PEN_b(PB06b)_R7,3,10,3.3333333333333335,2.0816659994661326
PEN_a(PB06a)_R6,PEN_b(PB06b)_R2,2,12,6.0,1.4142135623730951
PEN_a(PB06a)_R6,PEN_b(PB06b)_R5,2,17,8.5,2.1213203435596424
PEN_a(PB06a)_R6,PEN_b(PB06b)_R6,8,37,4.625,1.5059406173077154
PEN_a(PB06a)_R6,PEN_b(PB06b)_R3,2,6,3.0,0.0
PEN_a(PB06a)_R6,PEN_b(PB06b)_R8,2,11,5.5,2.1213203435596424
PEN_a(PB06a)_R6,PEN_b(PB06b)_R9,4,20,5.0,0.816496580927726
PEN_a(PB06a)_R6,PEN_b(PB06b)_L9,0,0,0.0,0.0
PEN_a(PB06a)_R6,PEN_b(PB06b)_L7,0,0,0.0,0.0
PEN_a(PB06a)_R6,PEN_b(PB06b)_L8,0,0,0.0,0.0
PEN_a(PB06a)_R6,PEN_b(PB06b)_L5,1,1,1.0,0.0
PEN_a(PB06a)_R6,PEN_b(PB06b)_L2,0,0,0.0,0.0
PEN_a(PB06a)_R6,PEN_b(PB06b)_L3,0,0,0.0,0.0
PEN_a(PB06a)_L6,EPG(PB08)_L3,3,9,3.0,2.0
PEN_a(PB06a)_L6,EPG(PB08)_R4,6,128,21.333333333333332,8.93681524183345
PEN_a(PB06a)_L6,EPG(PB08)_R3,3,9,3.0,1.7320508075688772
PEN_a(PB06a)_L6,EPG(PB08)_L6,6,19,3.1666666666666665,1.7224014243685084
PEN_a(PB06a)_L6,EPG(PB08)_L1,0,0,0.0,0.0
PEN_a(PB06a)_L6,EPG(PB08)_R2,0,0,0.0,0.0
PEN_a(PB06a)_L6,EPG(PB08)_L4,6,126,21.0,3.286335345030997
PEN_a(PB06a)_L6,EPG(PB08)_R5,6,261,43.5,4.806245936279167
PEN_a(PB06a)_L6,EPG(PB08)_L5,6,181,30.166666666666668,5.49241901776136
PEN_a(PB06a)_L6,EPG(PB08)_L2,0,0,0.0,0.0
PEN_a(PB06a)_L6,EPG(PB08)_R6,6,53,8.833333333333334,2.041241452319315
PEN_a(PB06a)_L6,EPG(PB08)_R7,0,0,0.0,0.0
PEN_a(PB06a)_L6,EPG(PB08)_L7,0,0,0.0,0.0
PEN_a(PB06a)_L6,EPG(PB08)_L8,0,0,0.0,0.0
PEN_a(PB06a)_L6,EPG(PB08)_R8,0,0,0.0,0.0
PEN_a(PB06a)_L6,EPG(PB08)_R1,0,0,0.0,0.0
PEN_a(PB06a)_L6,Delta7(PB15)_L6R3_L,0,0,0.0,0.0
PEN_a(PB06a)_L6,Delta7(PB15)_L5R4_L,0,0,0.0,0.0
PEN_a(PB06a)_L6,Delta7(PB15)_L4R5_R,0,0,0.0,0.0
PEN_a(PB06a)_L6,Delta7(PB15)_L1L9R8_R,0,0,0.0,0.0
PEN_a(PB06a)_L6,Delta7(PB15)_L8R1R9_L,0,0,0.0,0.0
PEN_a(PB06a)_L6,Delta7(PB15)_L3R6_R,0,0,0.0,0.0
PEN_a(PB06a)_L6,Delta7(PB15)_L7R2_L,0,0,0.0,0.0
PEN_a(PB06a)_L6,Delta7(PB15)_L2R7_R,0,0,0.0,0.0
PEN_a(PB06a)_L6,PEG(PB07)_R1,0,0,0.0,0.0
PEN_a(PB06a)_L6,PEG(PB07)_L5,1,3,3.0,0.0
PEN_a(PB06a)_L6,PEG(PB07)_L6,0,0,0.0,0.0
PEN_a(PB06a)_L6,PEG(PB07)_R6,0,0,0.0,0.0
PEN_a(PB06a)_L6,PEG(PB07)_R4,2,4,2.0,1.4142135623730951
PEN_a(PB06a)_L6,PEG(PB07)_L4,2,4,2.0,1.4142135623730951
PEN_a(PB06a)_L6,PEG(PB07)_R2,0,0,0.0,0.0
PEN_a(PB06a)_L6,PEG(PB07)_R3,0,0,0.0,0.0
PEN_a(PB06a)_L6,PEG(PB07)_L3,0,0,0.0,0.0
PEN_a(PB06a)_L6,PEG(PB07)_R7,0,0,0.0,0.0
PEN_a(PB06a)_L6,PEG(PB07)_L7,0,0,0.0,0.0
PEN_a(PB06a)_L6,PEG(PB07)_L8,0,0,0.0,0.0
PEN_a(PB06a)_L6,PEG(PB07)_R9,0,0,0.0,0.0
PEN_a(PB06a)_L6,PEG(PB07)_L1,0,0,0.0,0.0
PEN_a(PB06a)_L6,PEG(PB07)_L2,0,0,0.0,0.0
PEN_a(PB06a)_L6,PEG(PB07)_L9,0,0,0.0,0.0
PEN_a(PB06a)_L6,PEG(PB07)_R5,0,0,0.0,0.0
PEN_a(PB06a)_L6,PEG(PB07)_R8,0,0,0.0,0.0
PEN_a(PB06a)_L6,PEN_a(PB06a)_L7,4,24,6.0,6.6332495807108
PEN_a(PB06a)_L6,PEN_a(PB06a)_R4,0,0,0.0,0.0
PEN_a(PB06a)_L6,PEN_a(PB06a)_R3,0,0,0.0,0.0
PEN_a(PB06a)_L6,PEN_a(PB06a)_L2,2,33,16.5,0.7071067811865476
PEN_a(PB06a)_L6,PEN_a(PB06a)_R6,4,31,7.75,2.5
PEN_a(PB06a)_L6,PEN_a(PB06a)_L4,4,42,10.5,2.3804761428476167
PEN_a(PB06a)_L6,PEN_a(PB06a)_R5,2,7,3.5,0.7071067811865476
PEN_a(PB06a)_L6,PEN_a(PB06a)_R2,0,0,0.0,0.0
PEN_a(PB06a)_L6,PEN_a(PB06a)_R7,2,4,2.0,0.0
PEN_a(PB06a)_L6,PEN_a(PB06a)_R8,0,0,0.0,0.0
PEN_a(PB06a)_L6,PEN_a(PB06a)_L8,2,41,20.5,3.5355339059327378
PEN_a(PB06a)_L6,PEN_a(PB06a)_R9,0,0,0.0,0.0
PEN_a(PB06a)_L6,PEN_a(PB06a)_L9,2,24,12.0,0.0
PEN_a(PB06a)_L6,PEN_a(PB06a)_L3,2,24,12.0,0.0
PEN_a(PB06a)_L6,PEN_a(PB06a)_L5,4,20,5.0,3.6514837167011076
PEN_a(PB06a)_L6,PEN_b(PB06b)_L4,4,24,6.0,3.1622776601683795
PEN_a(PB06a)_L6,PEN_b(PB06b)_R4,0,0,0.0,0.0
PEN_a(PB06a)_L6,PEN_b(PB06b)_L6,8,34,4.25,2.2519832529192065
PEN_a(PB06a)_L6,PEN_b(PB06b)_R7,0,0,0.0,0.0
PEN_a(PB06a)_L6,PEN_b(PB06b)_R2,0,0,0.0,0.0
PEN_a(PB06a)_L6,PEN_b(PB06b)_R5,1,1,1.0,0.0
PEN_a(PB06a)_L6,PEN_b(PB06b)_R6,3,14,4.666666666666667,1.5275252316519468
PEN_a(PB06a)_L6,PEN_b(PB06b)_R3,0,0,0.0,0.0
PEN_a(PB06a)_L6,PEN_b(PB06b)_R8,0,0,0.0,0.0
PEN_a(PB06a)_L6,PEN_b(PB06b)_R9,0,0,0.0,0.0
PEN_a(PB06a)_L6,PEN_b(PB06b)_L9,4,7,1.75,1.5
PEN_a(PB06a)_L6,PEN_b(PB06b)_L7,2,11,5.5,0.7071067811865476
PEN_a(PB06a)_L6,PEN_b(PB06b)_L8,2,27,13.5,2.1213203435596424
PEN_a(PB06a)_L6,PEN_b(PB06b)_L5,1,3,3.0,0.0
PEN_a(PB06a)_L6,PEN_b(PB06b)_L2,2,13,6.5,3.5355339059327378
PEN_a(PB06a)_L6,PEN_b(PB06b)_L3,2,10,5.0,0.0
PEN_a(PB06a)_L4,EPG(PB08)_L3,6,320,53.333333333333336,12.044362443345296
PEN_a(PB06a)_L4,EPG(PB08)_R4,0,0,0.0,0.0
PEN_a(PB06a)_L4,EPG(PB08)_R3,0,0,0.0,0.0
PEN_a(PB06a)_L4,EPG(PB08)_L6,0,0,0.0,0.0
PEN_a(PB06a)_L4,EPG(PB08)_L1,4,37,9.25,8.180260794538684
PEN_a(PB06a)_L4,EPG(PB08)_R2,0,0,0.0,0.0
PEN_a(PB06a)_L4,EPG(PB08)_L4,6,36,6.0,5.727128425310541
PEN_a(PB06a)_L4,EPG(PB08)_R5,2,2,1.0,0.0
PEN_a(PB06a)_L4,EPG(PB08)_L5,0,0,0.0,0.0
PEN_a(PB06a)_L4,EPG(PB08)_L2,4,132,33.0,9.41629792788369
PEN_a(PB06a)_L4,EPG(PB08)_R6,6,163,27.166666666666668,7.859177225808479
PEN_a(PB06a)_L4,EPG(PB08)_R7,6,304,50.666666666666664,6.623191577077223
PEN_a(PB06a)_L4,EPG(PB08)_L7,0,0,0.0,0.0
PEN_a(PB06a)_L4,EPG(PB08)_L8,0,0,0.0,0.0
PEN_a(PB06a)_L4,EPG(PB08)_R8,8,106,13.25,7.3436075214142145
PEN_a(PB06a)_L4,EPG(PB08)_R1,2,6,3.0,0.0
PEN_a(PB06a)_L4,Delta7(PB15)_L6R3_L,1,1,1.0,0.0
PEN_a(PB06a)_L4,Delta7(PB15)_L5R4_L,0,0,0.0,0.0
PEN_a(PB06a)_L4,Delta7(PB15)_L4R5_R,0,0,0.0,0.0
PEN_a(PB06a)_L4,Delta7(PB15)_L1L9R8_R,0,0,0.0,0.0
PEN_a(PB06a)_L4,Delta7(PB15)_L8R1R9_L,0,0,0.0,0.0
PEN_a(PB06a)_L4,Delta7(PB15)_L3R6_R,0,0,0.0,0.0
PEN_a(PB06a)_L4,Delta7(PB15)_L7R2_L,0,0,0.0,0.0
PEN_a(PB06a)_L4,Delta7(PB15)_L2R7_R,0,0,0.0,0.0
PEN_a(PB06a)_L4,PEG(PB07)_R1,0,0,0.0,0.0
PEN_a(PB06a)_L4,PEG(PB07)_L5,0,0,0.0,0.0
PEN_a(PB06a)_L4,PEG(PB07)_L6,0,0,0.0,0.0
PEN_a(PB06a)_L4,PEG(PB07)_R6,1,1,1.0,0.0
PEN_a(PB06a)_L4,PEG(PB07)_R4,0,0,0.0,0.0
PEN_a(PB06a)_L4,PEG(PB07)_L4,0,0,0.0,0.0
PEN_a(PB06a)_L4,PEG(PB07)_R2,0,0,0.0,0.0
PEN_a(PB06a)_L4,PEG(PB07)_R3,0,0,0.0,0.0
PEN_a(PB06a)_L4,PEG(PB07)_L3,0,0,0.0,0.0
PEN_a(PB06a)_L4,PEG(PB07)_R7,0,0,0.0,0.0
PEN_a(PB06a)_L4,PEG(PB07)_L7,0,0,0.0,0.0
PEN_a(PB06a)_L4,PEG(PB07)_L8,0,0,0.0,0.0
PEN_a(PB06a)_L4,PEG(PB07)_R9,0,0,0.0,0.0
PEN_a(PB06a)_L4,PEG(PB07)_L1,0,0,0.0,0.0
PEN_a(PB06a)_L4,PEG(PB07)_L2,1,1,1.0,0.0
PEN_a(PB06a)_L4,PEG(PB07)_L9,0,0,0.0,0.0
PEN_a(PB06a)_L4,PEG(PB07)_R5,0,0,0.0,0.0
PEN_a(PB06a)_L4,PEG(PB07)_R8,0,0,0.0,0.0
PEN_a(PB06a)_L4,PEN_a(PB06a)_L7,2,25,12.5,2.1213203435596424
PEN_a(PB06a)_L4,PEN_a(PB06a)_R4,0,0,0.0,0.0
PEN_a(PB06a)_L4,PEN_a(PB06a)_R3,0,0,0.0,0.0
PEN_a(PB06a)_L4,PEN_a(PB06a)_L2,2,31,15.5,0.7071067811865476
PEN_a(PB06a)_L4,PEN_a(PB06a)_R6,0,0,0.0,0.0
PEN_a(PB06a)_L4,PEN_a(PB06a)_L6,4,42,10.5,2.516611478423583
PEN_a(PB06a)_L4,PEN_a(PB06a)_R5,0,0,0.0,0.0
PEN_a(PB06a)_L4,PEN_a(PB06a)_R2,1,1,1.0,0.0
PEN_a(PB06a)_L4,PEN_a(PB06a)_R7,1,3,3.0,0.0
PEN_a(PB06a)_L4,PEN_a(PB06a)_R8,2,15,7.5,3.5355339059327378
PEN_a(PB06a)_L4,PEN_a(PB06a)_L8,2,25,12.5,2.1213203435596424
PEN_a(PB06a)_L4,PEN_a(PB06a)_R9,2,5,2.5,0.7071067811865476
PEN_a(PB06a)_L4,PEN_a(PB06a)_L9,2,28,14.0,4.242640687119285
PEN_a(PB06a)_L4,PEN_a(PB06a)_L3,4,30,7.5,6.244997998398398
PEN_a(PB06a)_L4,PEN_a(PB06a)_L5,3,16,5.333333333333333,2.516611478423583
PEN_a(PB06a)_L4,PEN_b(PB06b)_L4,8,38,4.75,2.712405363721075
PEN_a(PB06a)_L4,PEN_b(PB06b)_R4,0,0,0.0,0.0
PEN_a(PB06a)_L4,PEN_b(PB06b)_L6,4,22,5.5,2.0816659994661326
PEN_a(PB06a)_L4,PEN_b(PB06b)_R7,0,0,0.0,0.0
PEN_a(PB06a)_L4,PEN_b(PB06b)_R2,0,0,0.0,0.0
PEN_a(PB06a)_L4,PEN_b(PB06b)_R5,0,0,0.0,0.0
PEN_a(PB06a)_L4,PEN_b(PB06b)_R6,0,0,0.0,0.0
PEN_a(PB06a)_L4,PEN_b(PB06b)_R3,0,0,0.0,0.0
PEN_a(PB06a)_L4,PEN_b(PB06b)_R8,2,8,4.0,0.0
PEN_a(PB06a)_L4,PEN_b(PB06b)_R9,0,0,0.0,0.0
PEN_a(PB06a)_L4,PEN_b(PB06b)_L9,4,20,5.0,1.632993161855452
PEN_a(PB06a)_L4,PEN_b(PB06b)_L7,2,10,5.0,1.4142135623730951
PEN_a(PB06a)_L4,PEN_b(PB06b)_L8,2,22,11.0,4.242640687119285
PEN_a(PB06a)_L4,PEN_b(PB06b)_L5,3,11,3.6666666666666665,3.7859388972001824
PEN_a(PB06a)_L4,PEN_b(PB06b)_L2,2,21,10.5,0.7071067811865476
PEN_a(PB06a)_L4,PEN_b(PB06b)_L3,2,7,3.5,0.7071067811865476
PEN_a(PB06a)_R5,EPG(PB08)_L3,0,0,0.0,0.0
PEN_a(PB06a)_R5,EPG(PB08)_R4,3,257,85.66666666666667,19.75685535031659
PEN_a(PB06a)_R5,EPG(PB08)_R3,3,180,60.0,13.892443989449804
PEN_a(PB06a)_R5,EPG(PB08)_L6,3,247,82.33333333333333,26.407069760451147
PEN_a(PB06a)_R5,EPG(PB08)_L1,0,0,0.0,0.0
PEN_a(PB06a)_R5,EPG(PB08)_R2,2,11,5.5,0.7071067811865476
PEN_a(PB06a)_R5,EPG(PB08)_L4,2,9,4.5,3.5355339059327378
PEN_a(PB06a)_R5,EPG(PB08)_R5,3,32,10.666666666666666,3.7859388972001824
PEN_a(PB06a)_R5,EPG(PB08)_L5,3,116,38.666666666666664,21.07921567168317
PEN_a(PB06a)_R5,EPG(PB08)_L2,0,0,0.0,0.0
PEN_a(PB06a)_R5,EPG(PB08)_R6,0,0,0.0,0.0
PEN_a(PB06a)_R5,EPG(PB08)_R7,0,0,0.0,0.0
PEN_a(PB06a)_R5,EPG(PB08)_L7,3,42,14.0,6.244997998398398
PEN_a(PB06a)_R5,EPG(PB08)_L8,2,2,1.0,0.0
PEN_a(PB06a)_R5,EPG(PB08)_R8,0,0,0.0,0.0
PEN_a(PB06a)_R5,EPG(PB08)_R1,0,0,0.0,0.0
PEN_a(PB06a)_R5,Delta7(PB15)_L6R3_L,0,0,0.0,0.0
PEN_a(PB06a)_R5,Delta7(PB15)_L5R4_L,0,0,0.0,0.0
PEN_a(PB06a)_R5,Delta7(PB15)_L4R5_R,0,0,0.0,0.0
PEN_a(PB06a)_R5,Delta7(PB15)_L1L9R8_R,0,0,0.0,0.0
PEN_a(PB06a)_R5,Delta7(PB15)_L8R1R9_L,0,0,0.0,0.0
PEN_a(PB06a)_R5,Delta7(PB15)_L3R6_R,0,0,0.0,0.0
PEN_a(PB06a)_R5,Delta7(PB15)_L7R2_L,1,1,1.0,0.0
PEN_a(PB06a)_R5,Delta7(PB15)_L2R7_R,0,0,0.0,0.0
PEN_a(PB06a)_R5,PEG(PB07)_R1,0,0,0.0,0.0
PEN_a(PB06a)_R5,PEG(PB07)_L5,0,0,0.0,0.0
PEN_a(PB06a)_R5,PEG(PB07)_L6,1,2,2.0,0.0
PEN_a(PB06a)_R5,PEG(PB07)_R6,0,0,0.0,0.0
PEN_a(PB06a)_R5,PEG(PB07)_R4,1,3,3.0,0.0
PEN_a(PB06a)_R5,PEG(PB07)_L4,0,0,0.0,0.0
PEN_a(PB06a)_R5,PEG(PB07)_R2,0,0,0.0,0.0
PEN_a(PB06a)_R5,PEG(PB07)_R3,0,0,0.0,0.0
PEN_a(PB06a)_R5,PEG(PB07)_L3,0,0,0.0,0.0
PEN_a(PB06a)_R5,PEG(PB07)_R7,0,0,0.0,0.0
PEN_a(PB06a)_R5,PEG(PB07)_L7,0,0,0.0,0.0
PEN_a(PB06a)_R5,PEG(PB07)_L8,0,0,0.0,0.0
PEN_a(PB06a)_R5,PEG(PB07)_R9,0,0,0.0,0.0
PEN_a(PB06a)_R5,PEG(PB07)_L1,0,0,0.0,0.0
PEN_a(PB06a)_R5,PEG(PB07)_L2,0,0,0.0,0.0
PEN_a(PB06a)_R5,PEG(PB07)_L9,0,0,0.0,0.0
PEN_a(PB06a)_R5,PEG(PB07)_R5,0,0,0.0,0.0
PEN_a(PB06a)_R5,PEG(PB07)_R8,0,0,0.0,0.0
PEN_a(PB06a)_R5,PEN_a(PB06a)_L7,1,9,9.0,0.0
PEN_a(PB06a)_R5,PEN_a(PB06a)_R4,4,27,6.75,6.13052471924984
PEN_a(PB06a)_R5,PEN_a(PB06a)_R3,1,9,9.0,0.0
PEN_a(PB06a)_R5,PEN_a(PB06a)_L2,0,0,0.0,0.0
PEN_a(PB06a)_R5,PEN_a(PB06a)_R6,3,22,7.333333333333333,3.7859388972001824
PEN_a(PB06a)_R5,PEN_a(PB06a)_L6,2,2,1.0,0.0
PEN_a(PB06a)_R5,PEN_a(PB06a)_L4,0,0,0.0,0.0
PEN_a(PB06a)_R5,PEN_a(PB06a)_R2,1,10,10.0,0.0
PEN_a(PB06a)_R5,PEN_a(PB06a)_R7,1,15,15.0,0.0
PEN_a(PB06a)_R5,PEN_a(PB06a)_R8,1,9,9.0,0.0
PEN_a(PB06a)_R5,PEN_a(PB06a)_L8,1,3,3.0,0.0
PEN_a(PB06a)_R5,PEN_a(PB06a)_R9,1,11,11.0,0.0
PEN_a(PB06a)_R5,PEN_a(PB06a)_L9,0,0,0.0,0.0
PEN_a(PB06a)_R5,PEN_a(PB06a)_L3,0,0,0.0,0.0
PEN_a(PB06a)_R5,PEN_a(PB06a)_L5,0,0,0.0,0.0
PEN_a(PB06a)_R5,PEN_b(PB06b)_L4,0,0,0.0,0.0
PEN_a(PB06a)_R5,PEN_b(PB06b)_R4,2,15,7.5,9.192388155425117
PEN_a(PB06a)_R5,PEN_b(PB06b)_L6,2,2,1.0,0.0
PEN_a(PB06a)_R5,PEN_b(PB06b)_R7,1,9,9.0,0.0
PEN_a(PB06a)_R5,PEN_b(PB06b)_R2,1,3,3.0,0.0
PEN_a(PB06a)_R5,PEN_b(PB06b)_R5,2,24,12.0,2.8284271247461903
PEN_a(PB06a)_R5,PEN_b(PB06b)_R6,3,10,3.3333333333333335,2.0816659994661326
PEN_a(PB06a)_R5,PEN_b(PB06b)_R3,1,6,6.0,0.0
PEN_a(PB06a)_R5,PEN_b(PB06b)_R8,1,6,6.0,0.0
PEN_a(PB06a)_R5,PEN_b(PB06b)_R9,2,7,3.5,3.5355339059327378
PEN_a(PB06a)_R5,PEN_b(PB06b)_L9,0,0,0.0,0.0
PEN_a(PB06a)_R5,PEN_b(PB06b)_L7,1,13,13.0,0.0
PEN_a(PB06a)_R5,PEN_b(PB06b)_L8,0,0,0.0,0.0
PEN_a(PB06a)_R5,PEN_b(PB06b)_L5,0,0,0.0,0.0
PEN_a(PB06a)_R5,PEN_b(PB06b)_L2,0,0,0.0,0.0
PEN_a(PB06a)_R5,PEN_b(PB06b)_L3,0,0,0.0,0.0
PEN_a(PB06a)_R2,EPG(PB08)_L3,2,3,1.5,0.7071067811865476
PEN_a(PB06a)_R2,EPG(PB08)_R4,0,0,0.0,0.0
PEN_a(PB06a)_R2,EPG(PB08)_R3,0,0,0.0,0.0
PEN_a(PB06a)_R2,EPG(PB08)_L6,0,0,0.0,0.0
PEN_a(PB06a)_R2,EPG(PB08)_L1,2,213,106.5,3.5355339059327378
PEN_a(PB06a)_R2,EPG(PB08)_R2,2,16,8.0,1.4142135623730951
PEN_a(PB06a)_R2,EPG(PB08)_L4,0,0,0.0,0.0
PEN_a(PB06a)_R2,EPG(PB08)_R5,0,0,0.0,0.0
PEN_a(PB06a)_R2,EPG(PB08)_L5,0,0,0.0,0.0
PEN_a(PB06a)_R2,EPG(PB08)_L2,2,30,15.0,7.0710678118654755
PEN_a(PB06a)_R2,EPG(PB08)_R6,0,0,0.0,0.0
PEN_a(PB06a)_R2,EPG(PB08)_R7,2,8,4.0,1.4142135623730951
PEN_a(PB06a)_R2,EPG(PB08)_L7,0,0,0.0,0.0
PEN_a(PB06a)_R2,EPG(PB08)_L8,4,114,28.5,12.871156384205214
PEN_a(PB06a)_R2,EPG(PB08)_R8,4,142,35.5,14.27118308573843
PEN_a(PB06a)_R2,EPG(PB08)_R1,2,195,97.5,12.020815280171307
PEN_a(PB06a)_R2,Delta7(PB15)_L6R3_L,0,0,0.0,0.0
PEN_a(PB06a)_R2,Delta7(PB15)_L5R4_L,0,0,0.0,0.0
PEN_a(PB06a)_R2,Delta7(PB15)_L4R5_R,0,0,0.0,0.0
PEN_a(PB06a)_R2,Delta7(PB15)_L1L9R8_R,0,0,0.0,0.0
PEN_a(PB06a)_R2,Delta7(PB15)_L8R1R9_L,0,0,0.0,0.0
PEN_a(PB06a)_R2,Delta7(PB15)_L3R6_R,0,0,0.0,0.0
PEN_a(PB06a)_R2,Delta7(PB15)_L7R2_L,0,0,0.0,0.0
PEN_a(PB06a)_R2,Delta7(PB15)_L2R7_R,0,0,0.0,0.0
PEN_a(PB06a)_R2,PEG(PB07)_R1,1,1,1.0,0.0
PEN_a(PB06a)_R2,PEG(PB07)_L5,0,0,0.0,0.0
PEN_a(PB06a)_R2,PEG(PB07)_L6,0,0,0.0,0.0
PEN_a(PB06a)_R2,PEG(PB07)_R6,0,0,0.0,0.0
PEN_a(PB06a)_R2,PEG(PB07)_R4,0,0,0.0,0.0
PEN_a(PB06a)_R2,PEG(PB07)_L4,0,0,0.0,0.0
PEN_a(PB06a)_R2,PEG(PB07)_R2,0,0,0.0,0.0
PEN_a(PB06a)_R2,PEG(PB07)_R3,0,0,0.0,0.0
PEN_a(PB06a)_R2,PEG(PB07)_L3,0,0,0.0,0.0
PEN_a(PB06a)_R2,PEG(PB07)_R7,0,0,0.0,0.0
PEN_a(PB06a)_R2,PEG(PB07)_L7,0,0,0.0,0.0
PEN_a(PB06a)_R2,PEG(PB07)_L8,1,1,1.0,0.0
PEN_a(PB06a)_R2,PEG(PB07)_R9,0,0,0.0,0.0
PEN_a(PB06a)_R2,PEG(PB07)_L1,0,0,0.0,0.0
PEN_a(PB06a)_R2,PEG(PB07)_L2,1,2,2.0,0.0
PEN_a(PB06a)_R2,PEG(PB07)_L9,0,0,0.0,0.0
PEN_a(PB06a)_R2,PEG(PB07)_R5,0,0,0.0,0.0
PEN_a(PB06a)_R2,PEG(PB07)_R8,0,0,0.0,0.0
PEN_a(PB06a)_R2,PEN_a(PB06a)_L7,0,0,0.0,0.0
PEN_a(PB06a)_R2,PEN_a(PB06a)_R4,2,28,14.0,1.4142135623730951
PEN_a(PB06a)_R2,PEN_a(PB06a)_R3,2,13,6.5,4.949747468305833
PEN_a(PB06a)_R2,PEN_a(PB06a)_L2,1,16,16.0,0.0
PEN_a(PB06a)_R2,PEN_a(PB06a)_R6,2,30,15.0,1.4142135623730951
PEN_a(PB06a)_R2,PEN_a(PB06a)_L6,0,0,0.0,0.0
PEN_a(PB06a)_R2,PEN_a(PB06a)_L4,0,0,0.0,0.0
PEN_a(PB06a)_R2,PEN_a(PB06a)_R5,1,11,11.0,0.0
PEN_a(PB06a)_R2,PEN_a(PB06a)_R7,1,11,11.0,0.0
PEN_a(PB06a)_R2,PEN_a(PB06a)_R8,1,16,16.0,0.0
PEN_a(PB06a)_R2,PEN_a(PB06a)_L8,0,0,0.0,0.0
PEN_a(PB06a)_R2,PEN_a(PB06a)_R9,2,18,9.0,9.899494936611665
PEN_a(PB06a)_R2,PEN_a(PB06a)_L9,1,5,5.0,0.0
PEN_a(PB06a)_R2,PEN_a(PB06a)_L3,1,3,3.0,0.0
PEN_a(PB06a)_R2,PEN_a(PB06a)_L5,0,0,0.0,0.0
PEN_a(PB06a)_R2,PEN_b(PB06b)_L4,0,0,0.0,0.0
PEN_a(PB06a)_R2,PEN_b(PB06b)_R4,2,8,4.0,4.242640687119285
PEN_a(PB06a)_R2,PEN_b(PB06b)_L6,0,0,0.0,0.0
PEN_a(PB06a)_R2,PEN_b(PB06b)_R7,1,8,8.0,0.0
PEN_a(PB06a)_R2,PEN_b(PB06b)_R2,2,17,8.5,0.7071067811865476
PEN_a(PB06a)_R2,PEN_b(PB06b)_R5,1,5,5.0,0.0
PEN_a(PB06a)_R2,PEN_b(PB06b)_R6,2,10,5.0,1.4142135623730951
PEN_a(PB06a)_R2,PEN_b(PB06b)_R3,1,1,1.0,0.0
PEN_a(PB06a)_R2,PEN_b(PB06b)_R8,1,9,9.0,0.0
PEN_a(PB06a)_R2,PEN_b(PB06b)_R9,3,10,3.3333333333333335,2.516611478423583
PEN_a(PB06a)_R2,PEN_b(PB06b)_L9,0,0,0.0,0.0
PEN_a(PB06a)_R2,PEN_b(PB06b)_L7,0,0,0.0,0.0
PEN_a(PB06a)_R2,PEN_b(PB06b)_L8,0,0,0.0,0.0
PEN_a(PB06a)_R2,PEN_b(PB06b)_L5,0,0,0.0,0.0
PEN_a(PB06a)_R2,PEN_b(PB06b)_L2,1,9,9.0,0.0
PEN_a(PB06a)_R2,PEN_b(PB06b)_L3,0,0,0.0,0.0
PEN_a(PB06a)_R7,EPG(PB08)_L3,3,122,40.666666666666664,20.207259421636902
PEN_a(PB06a)_R7,EPG(PB08)_R4,1,1,1.0,0.0
PEN_a(PB06a)_R7,EPG(PB08)_R3,0,0,0.0,0.0
PEN_a(PB06a)_R7,EPG(PB08)_L6,0,0,0.0,0.0
PEN_a(PB06a)_R7,EPG(PB08)_L1,0,0,0.0,0.0
PEN_a(PB06a)_R7,EPG(PB08)_R2,0,0,0.0,0.0
PEN_a(PB06a)_R7,EPG(PB08)_L4,3,181,60.333333333333336,7.505553499465135
PEN_a(PB06a)_R7,EPG(PB08)_R5,3,119,39.666666666666664,11.67618659209133
PEN_a(PB06a)_R7,EPG(PB08)_L5,3,20,6.666666666666667,1.5275252316519468
PEN_a(PB06a)_R7,EPG(PB08)_L2,1,3,3.0,0.0
PEN_a(PB06a)_R7,EPG(PB08)_R6,3,213,71.0,8.888194417315589
PEN_a(PB06a)_R7,EPG(PB08)_R7,4,30,7.5,10.408329997330664
PEN_a(PB06a)_R7,EPG(PB08)_L7,0,0,0.0,0.0
PEN_a(PB06a)_R7,EPG(PB08)_L8,0,0,0.0,0.0
PEN_a(PB06a)_R7,EPG(PB08)_R8,0,0,0.0,0.0
PEN_a(PB06a)_R7,EPG(PB08)_R1,0,0,0.0,0.0
PEN_a(PB06a)_R7,Delta7(PB15)_L6R3_L,1,1,1.0,0.0
PEN_a(PB06a)_R7,Delta7(PB15)_L5R4_L,0,0,0.0,0.0
PEN_a(PB06a)_R7,Delta7(PB15)_L4R5_R,0,0,0.0,0.0
PEN_a(PB06a)_R7,Delta7(PB15)_L1L9R8_R,0,0,0.0,0.0
PEN_a(PB06a)_R7,Delta7(PB15)_L8R1R9_L,0,0,0.0,0.0
PEN_a(PB06a)_R7,Delta7(PB15)_L3R6_R,0,0,0.0,0.0
PEN_a(PB06a)_R7,Delta7(PB15)_L7R2_L,0,0,0.0,0.0
PEN_a(PB06a)_R7,Delta7(PB15)_L2R7_R,0,0,0.0,0.0
PEN_a(PB06a)_R7,PEG(PB07)_R1,0,0,0.0,0.0
PEN_a(PB06a)_R7,PEG(PB07)_L5,0,0,0.0,0.0
PEN_a(PB06a)_R7,PEG(PB07)_L6,0,0,0.0,0.0
PEN_a(PB06a)_R7,PEG(PB07)_R6,1,3,3.0,0.0
PEN_a(PB06a)_R7,PEG(PB07)_R4,0,0,0.0,0.0
PEN_a(PB06a)_R7,PEG(PB07)_L4,1,1,1.0,0.0
PEN_a(PB06a)_R7,PEG(PB07)_R2,0,0,0.0,0.0
PEN_a(PB06a)_R7,PEG(PB07)_R3,0,0,0.0,0.0
PEN_a(PB06a)_R7,PEG(PB07)_L3,0,0,0.0,0.0
PEN_a(PB06a)_R7,PEG(PB07)_R7,0,0,0.0,0.0
PEN_a(PB06a)_R7,PEG(PB07)_L7,0,0,0.0,0.0
PEN_a(PB06a)_R7,PEG(PB07)_L8,0,0,0.0,0.0
PEN_a(PB06a)_R7,PEG(PB07)_R9,0,0,0.0,0.0
PEN_a(PB06a)_R7,PEG(PB07)_L1,0,0,0.0,0.0
PEN_a(PB06a)_R7,PEG(PB07)_L2,0,0,0.0,0.0
PEN_a(PB06a)_R7,PEG(PB07)_L9,0,0,0.0,0.0
PEN_a(PB06a)_R7,PEG(PB07)_R5,0,0,0.0,0.0
PEN_a(PB06a)_R7,PEG(PB07)_R8,0,0,0.0,0.0
PEN_a(PB06a)_R7,PEN_a(PB06a)_L7,0,0,0.0,0.0
PEN_a(PB06a)_R7,PEN_a(PB06a)_R4,2,29,14.5,2.1213203435596424
PEN_a(PB06a)_R7,PEN_a(PB06a)_R3,1,11,11.0,0.0
PEN_a(PB06a)_R7,PEN_a(PB06a)_L2,0,0,0.0,0.0
PEN_a(PB06a)_R7,PEN_a(PB06a)_R6,3,18,6.0,5.5677643628300215
PEN_a(PB06a)_R7,PEN_a(PB06a)_L6,1,3,3.0,0.0
PEN_a(PB06a)_R7,PEN_a(PB06a)_L4,2,3,1.5,0.7071067811865476
PEN_a(PB06a)_R7,PEN_a(PB06a)_R5,1,17,17.0,0.0
PEN_a(PB06a)_R7,PEN_a(PB06a)_R2,1,8,8.0,0.0
PEN_a(PB06a)_R7,PEN_a(PB06a)_R8,2,22,11.0,14.142135623730951
PEN_a(PB06a)_R7,PEN_a(PB06a)_L8,0,0,0.0,0.0
PEN_a(PB06a)_R7,PEN_a(PB06a)_R9,1,28,28.0,0.0
PEN_a(PB06a)_R7,PEN_a(PB06a)_L9,0,0,0.0,0.0
PEN_a(PB06a)_R7,PEN_a(PB06a)_L3,0,0,0.0,0.0
PEN_a(PB06a)_R7,PEN_a(PB06a)_L5,1,13,13.0,0.0
PEN_a(PB06a)_R7,PEN_b(PB06b)_L4,1,1,1.0,0.0
PEN_a(PB06a)_R7,PEN_b(PB06b)_R4,2,12,6.0,2.8284271247461903
PEN_a(PB06a)_R7,PEN_b(PB06b)_L6,0,0,0.0,0.0
PEN_a(PB06a)_R7,PEN_b(PB06b)_R7,2,14,7.0,2.8284271247461903
PEN_a(PB06a)_R7,PEN_b(PB06b)_R2,1,13,13.0,0.0
PEN_a(PB06a)_R7,PEN_b(PB06b)_R5,1,20,20.0,0.0
PEN_a(PB06a)_R7,PEN_b(PB06b)_R6,4,13,3.25,1.8929694486000912
PEN_a(PB06a)_R7,PEN_b(PB06b)_R3,1,8,8.0,0.0
PEN_a(PB06a)_R7,PEN_b(PB06b)_R8,1,14,14.0,0.0
PEN_a(PB06a)_R7,PEN_b(PB06b)_R9,2,19,9.5,2.1213203435596424
PEN_a(PB06a)_R7,PEN_b(PB06b)_L9,0,0,0.0,0.0
PEN_a(PB06a)_R7,PEN_b(PB06b)_L7,0,0,0.0,0.0
PEN_a(PB06a)_R7,PEN_b(PB06b)_L8,0,0,0.0,0.0
PEN_a(PB06a)_R7,PEN_b(PB06b)_L5,1,5,5.0,0.0
PEN_a(PB06a)_R7,PEN_b(PB06b)_L2,0,0,0.0,0.0
PEN_a(PB06a)_R7,PEN_b(PB06b)_L3,0,0,0.0,0.0
PEN_a(PB06a)_R8,EPG(PB08)_L3,3,250,83.33333333333333,15.50268793897798
PEN_a(PB06a)_R8,EPG(PB08)_R4,0,0,0.0,0.0
PEN_a(PB06a)_R8,EPG(PB08)_R3,0,0,0.0,0.0
PEN_a(PB06a)_R8,EPG(PB08)_L6,0,0,0.0,0.0
PEN_a(PB06a)_R8,EPG(PB08)_L1,1,8,8.0,0.0
PEN_a(PB06a)_R8,EPG(PB08)_R2,0,0,0.0,0.0
PEN_a(PB06a)_R8,EPG(PB08)_L4,2,16,8.0,1.4142135623730951
PEN_a(PB06a)_R8,EPG(PB08)_R5,2,6,3.0,1.4142135623730951
PEN_a(PB06a)_R8,EPG(PB08)_L5,1,1,1.0,0.0
PEN_a(PB06a)_R8,EPG(PB08)_L2,2,88,44.0,16.97056274847714
PEN_a(PB06a)_R8,EPG(PB08)_R6,3,123,41.0,18.027756377319946
PEN_a(PB06a)_R8,EPG(PB08)_R7,3,243,81.0,12.529964086141668
PEN_a(PB06a)_R8,EPG(PB08)_L7,0,0,0.0,0.0
PEN_a(PB06a)_R8,EPG(PB08)_L8,0,0,0.0,0.0
PEN_a(PB06a)_R8,EPG(PB08)_R8,4,48,12.0,6.6332495807108
PEN_a(PB06a)_R8,EPG(PB08)_R1,0,0,0.0,0.0
PEN_a(PB06a)_R8,Delta7(PB15)_L6R3_L,0,0,0.0,0.0
PEN_a(PB06a)_R8,Delta7(PB15)_L5R4_L,0,0,0.0,0.0
PEN_a(PB06a)_R8,Delta7(PB15)_L4R5_R,0,0,0.0,0.0
PEN_a(PB06a)_R8,Delta7(PB15)_L1L9R8_R,0,0,0.0,0.0
PEN_a(PB06a)_R8,Delta7(PB15)_L8R1R9_L,0,0,0.0,0.0
PEN_a(PB06a)_R8,Delta7(PB15)_L3R6_R,0,0,0.0,0.0
PEN_a(PB06a)_R8,Delta7(PB15)_L7R2_L,0,0,0.0,0.0
PEN_a(PB06a)_R8,Delta7(PB15)_L2R7_R,0,0,0.0,0.0
PEN_a(PB06a)_R8,PEG(PB07)_R1,0,0,0.0,0.0
PEN_a(PB06a)_R8,PEG(PB07)_L5,0,0,0.0,0.0
PEN_a(PB06a)_R8,PEG(PB07)_L6,0,0,0.0,0.0
PEN_a(PB06a)_R8,PEG(PB07)_R6,0,0,0.0,0.0
PEN_a(PB06a)_R8,PEG(PB07)_R4,0,0,0.0,0.0
PEN_a(PB06a)_R8,PEG(PB07)_L4,0,0,0.0,0.0
PEN_a(PB06a)_R8,PEG(PB07)_R2,0,0,0.0,0.0
PEN_a(PB06a)_R8,PEG(PB07)_R3,0,0,0.0,0.0
PEN_a(PB06a)_R8,PEG(PB07)_L3,1,1,1.0,0.0
PEN_a(PB06a)_R8,PEG(PB07)_R7,0,0,0.0,0.0
PEN_a(PB06a)_R8,PEG(PB07)_L7,0,0,0.0,0.0
PEN_a(PB06a)_R8,PEG(PB07)_L8,0,0,0.0,0.0
PEN_a(PB06a)_R8,PEG(PB07)_R9,0,0,0.0,0.0
PEN_a(PB06a)_R8,PEG(PB07)_L1,0,0,0.0,0.0
PEN_a(PB06a)_R8,PEG(PB07)_L2,1,1,1.0,0.0
PEN_a(PB06a)_R8,PEG(PB07)_L9,0,0,0.0,0.0
PEN_a(PB06a)_R8,PEG(PB07)_R5,0,0,0.0,0.0
PEN_a(PB06a)_R8,PEG(PB07)_R8,0,0,0.0,0.0
PEN_a(PB06a)_R8,PEN_a(PB06a)_L7,0,0,0.0,0.0
PEN_a(PB06a)_R8,PEN_a(PB06a)_R4,2,36,18.0,2.8284271247461903
PEN_a(PB06a)_R8,PEN_a(PB06a)_R3,1,13,13.0,0.0
PEN_a(PB06a)_R8,PEN_a(PB06a)_L2,0,0,0.0,0.0
PEN_a(PB06a)_R8,PEN_a(PB06a)_R6,2,41,20.5,0.7071067811865476
PEN_a(PB06a)_R8,PEN_a(PB06a)_L6,0,0,0.0,0.0
PEN_a(PB06a)_R8,PEN_a(PB06a)_L4,2,11,5.5,2.1213203435596424
PEN_a(PB06a)_R8,PEN_a(PB06a)_R5,1,12,12.0,0.0
PEN_a(PB06a)_R8,PEN_a(PB06a)_R2,1,18,18.0,0.0
PEN_a(PB06a)_R8,PEN_a(PB06a)_R7,1,19,19.0,0.0
PEN_a(PB06a)_R8,PEN_a(PB06a)_L8,0,0,0.0,0.0
PEN_a(PB06a)_R8,PEN_a(PB06a)_R9,2,26,13.0,9.899494936611665
PEN_a(PB06a)_R8,PEN_a(PB06a)_L9,0,0,0.0,0.0
PEN_a(PB06a)_R8,PEN_a(PB06a)_L3,1,1,1.0,0.0
PEN_a(PB06a)_R8,PEN_a(PB06a)_L5,0,0,0.0,0.0
PEN_a(PB06a)_R8,PEN_b(PB06b)_L4,2,5,2.5,0.7071067811865476
PEN_a(PB06a)_R8,PEN_b(PB06b)_R4,2,17,8.5,2.1213203435596424
PEN_a(PB06a)_R8,PEN_b(PB06b)_L6,0,0,0.0,0.0
PEN_a(PB06a)_R8,PEN_b(PB06b)_R7,1,10,10.0,0.0
PEN_a(PB06a)_R8,PEN_b(PB06b)_R2,1,15,15.0,0.0
PEN_a(PB06a)_R8,PEN_b(PB06b)_R5,1,12,12.0,0.0
PEN_a(PB06a)_R8,PEN_b(PB06b)_R6,2,9,4.5,2.1213203435596424
PEN_a(PB06a)_R8,PEN_b(PB06b)_R3,1,5,5.0,0.0
PEN_a(PB06a)_R8,PEN_b(PB06b)_R8,2,37,18.5,3.5355339059327378
PEN_a(PB06a)_R8,PEN_b(PB06b)_R9,2,9,4.5,3.5355339059327378
PEN_a(PB06a)_R8,PEN_b(PB06b)_L9,0,0,0.0,0.0
PEN_a(PB06a)_R8,PEN_b(PB06b)_L7,0,0,0.0,0.0
PEN_a(PB06a)_R8,PEN_b(PB06b)_L8,0,0,0.0,0.0
PEN_a(PB06a)_R8,PEN_b(PB06b)_L5,1,1,1.0,0.0
PEN_a(PB06a)_R8,PEN_b(PB06b)_L2,0,0,0.0,0.0
PEN_a(PB06a)_R8,PEN_b(PB06b)_L3,1,2,2.0,0.0
PEN_a(PB06a)_L8,EPG(PB08)_L3,0,0,0.0,0.0
PEN_a(PB06a)_L8,EPG(PB08)_R4,3,68,22.666666666666668,8.962886439832502
PEN_a(PB06a)_L8,EPG(PB08)_R3,3,237,79.0,13.527749258468683
PEN_a(PB06a)_L8,EPG(PB08)_L6,3,114,38.0,6.557438524302
PEN_a(PB06a)_L8,EPG(PB08)_L1,0,0,0.0,0.0
PEN_a(PB06a)_L8,EPG(PB08)_R2,2,97,48.5,12.020815280171307
PEN_a(PB06a)_L8,EPG(PB08)_L4,0,0,0.0,0.0
PEN_a(PB06a)_L8,EPG(PB08)_R5,0,0,0.0,0.0
PEN_a(PB06a)_L8,EPG(PB08)_L5,2,4,2.0,1.4142135623730951
PEN_a(PB06a)_L8,EPG(PB08)_L2,0,0,0.0,0.0
PEN_a(PB06a)_L8,EPG(PB08)_R6,0,0,0.0,0.0
PEN_a(PB06a)_L8,EPG(PB08)_R7,0,0,0.0,0.0
PEN_a(PB06a)_L8,EPG(PB08)_L7,3,233,77.66666666666667,14.571661996262929
PEN_a(PB06a)_L8,EPG(PB08)_L8,4,55,13.75,8.220908303425682
PEN_a(PB06a)_L8,EPG(PB08)_R8,0,0,0.0,0.0
PEN_a(PB06a)_L8,EPG(PB08)_R1,2,6,3.0,1.4142135623730951
PEN_a(PB06a)_L8,Delta7(PB15)_L6R3_L,0,0,0.0,0.0
PEN_a(PB06a)_L8,Delta7(PB15)_L5R4_L,0,0,0.0,0.0
PEN_a(PB06a)_L8,Delta7(PB15)_L4R5_R,0,0,0.0,0.0
PEN_a(PB06a)_L8,Delta7(PB15)_L1L9R8_R,0,0,0.0,0.0
PEN_a(PB06a)_L8,Delta7(PB15)_L8R1R9_L,1,1,1.0,0.0
PEN_a(PB06a)_L8,Delta7(PB15)_L3R6_R,0,0,0.0,0.0
PEN_a(PB06a)_L8,Delta7(PB15)_L7R2_L,0,0,0.0,0.0
PEN_a(PB06a)_L8,Delta7(PB15)_L2R7_R,0,0,0.0,0.0
PEN_a(PB06a)_L8,PEG(PB07)_R1,0,0,0.0,0.0
PEN_a(PB06a)_L8,PEG(PB07)_L5,0,0,0.0,0.0
PEN_a(PB06a)_L8,PEG(PB07)_L6,0,0,0.0,0.0
PEN_a(PB06a)_L8,PEG(PB07)_R6,0,0,0.0,0.0
PEN_a(PB06a)_L8,PEG(PB07)_R4,0,0,0.0,0.0
PEN_a(PB06a)_L8,PEG(PB07)_L4,0,0,0.0,0.0
PEN_a(PB06a)_L8,PEG(PB07)_R2,1,1,1.0,0.0
PEN_a(PB06a)_L8,PEG(PB07)_R3,0,0,0.0,0.0
PEN_a(PB06a)_L8,PEG(PB07)_L3,0,0,0.0,0.0
PEN_a(PB06a)_L8,PEG(PB07)_R7,0,0,0.0,0.0
PEN_a(PB06a)_L8,PEG(PB07)_L7,1,2,2.0,0.0
PEN_a(PB06a)_L8,PEG(PB07)_L8,0,0,0.0,0.0
PEN_a(PB06a)_L8,PEG(PB07)_R9,0,0,0.0,0.0
PEN_a(PB06a)_L8,PEG(PB07)_L1,0,0,0.0,0.0
PEN_a(PB06a)_L8,PEG(PB07)_L2,0,0,0.0,0.0
PEN_a(PB06a)_L8,PEG(PB07)_L9,0,0,0.0,0.0
PEN_a(PB06a)_L8,PEG(PB07)_R5,0,0,0.0,0.0
PEN_a(PB06a)_L8,PEG(PB07)_R8,0,0,0.0,0.0
PEN_a(PB06a)_L8,PEN_a(PB06a)_L7,2,16,8.0,9.899494936611665
PEN_a(PB06a)_L8,PEN_a(PB06a)_R4,2,22,11.0,2.8284271247461903
PEN_a(PB06a)_L8,PEN_a(PB06a)_R3,1,1,1.0,0.0
PEN_a(PB06a)_L8,PEN_a(PB06a)_L2,1,27,27.0,0.0
PEN_a(PB06a)_L8,PEN_a(PB06a)_R6,0,0,0.0,0.0
PEN_a(PB06a)_L8,PEN_a(PB06a)_L6,2,43,21.5,0.7071067811865476
PEN_a(PB06a)_L8,PEN_a(PB06a)_L4,2,23,11.5,0.7071067811865476
PEN_a(PB06a)_L8,PEN_a(PB06a)_R5,1,3,3.0,0.0
PEN_a(PB06a)_L8,PEN_a(PB06a)_R2,0,0,0.0,0.0
PEN_a(PB06a)_L8,PEN_a(PB06a)_R7,0,0,0.0,0.0
PEN_a(PB06a)_L8,PEN_a(PB06a)_R8,0,0,0.0,0.0
PEN_a(PB06a)_L8,PEN_a(PB06a)_R9,0,0,0.0,0.0
PEN_a(PB06a)_L8,PEN_a(PB06a)_L9,2,26,13.0,15.556349186104045
PEN_a(PB06a)_L8,PEN_a(PB06a)_L3,1,23,23.0,0.0
PEN_a(PB06a)_L8,PEN_a(PB06a)_L5,1,12,12.0,0.0
PEN_a(PB06a)_L8,PEN_b(PB06b)_L4,2,20,10.0,0.0
PEN_a(PB06a)_L8,PEN_b(PB06b)_R4,2,15,7.5,2.1213203435596424
PEN_a(PB06a)_L8,PEN_b(PB06b)_L6,2,20,10.0,2.8284271247461903
PEN_a(PB06a)_L8,PEN_b(PB06b)_R7,0,0,0.0,0.0
PEN_a(PB06a)_L8,PEN_b(PB06b)_R2,0,0,0.0,0.0
PEN_a(PB06a)_L8,PEN_b(PB06b)_R5,1,2,2.0,0.0
PEN_a(PB06a)_L8,PEN_b(PB06b)_R6,0,0,0.0,0.0
PEN_a(PB06a)_L8,PEN_b(PB06b)_R3,1,3,3.0,0.0
PEN_a(PB06a)_L8,PEN_b(PB06b)_R8,0,0,0.0,0.0
PEN_a(PB06a)_L8,PEN_b(PB06b)_R9,0,0,0.0,0.0
PEN_a(PB06a)_L8,PEN_b(PB06b)_L9,3,23,7.666666666666667,5.8594652770823155
PEN_a(PB06a)_L8,PEN_b(PB06b)_L7,1,8,8.0,0.0
PEN_a(PB06a)_L8,PEN_b(PB06b)_L8,2,18,9.0,1.4142135623730951
PEN_a(PB06a)_L8,PEN_b(PB06b)_L5,1,9,9.0,0.0
PEN_a(PB06a)_L8,PEN_b(PB06b)_L2,1,10,10.0,0.0
PEN_a(PB06a)_L8,PEN_b(PB06b)_L3,1,4,4.0,0.0
PEN_a(PB06a)_R9,EPG(PB08)_L3,3,28,9.333333333333334,3.2145502536643185
PEN_a(PB06a)_R9,EPG(PB08)_R4,0,0,0.0,0.0
PEN_a(PB06a)_R9,EPG(PB08)_R3,0,0,0.0,0.0
PEN_a(PB06a)_R9,EPG(PB08)_L6,0,0,0.0,0.0
PEN_a(PB06a)_R9,EPG(PB08)_L1,2,131,65.5,14.849242404917497
PEN_a(PB06a)_R9,EPG(PB08)_R2,0,0,0.0,0.0
PEN_a(PB06a)_R9,EPG(PB08)_L4,1,1,1.0,0.0
PEN_a(PB06a)_R9,EPG(PB08)_R5,0,0,0.0,0.0
PEN_a(PB06a)_R9,EPG(PB08)_L5,0,0,0.0,0.0
PEN_a(PB06a)_R9,EPG(PB08)_L2,2,134,67.0,4.242640687119285
PEN_a(PB06a)_R9,EPG(PB08)_R6,2,5,2.5,2.1213203435596424
PEN_a(PB06a)_R9,EPG(PB08)_R7,3,111,37.0,12.767145334803704
PEN_a(PB06a)_R9,EPG(PB08)_L7,0,0,0.0,0.0
PEN_a(PB06a)_R9,EPG(PB08)_L8,3,8,2.6666666666666665,2.0816659994661326
PEN_a(PB06a)_R9,EPG(PB08)_R8,4,218,54.5,2.6457513110645907
PEN_a(PB06a)_R9,EPG(PB08)_R1,2,44,22.0,5.656854249492381
PEN_a(PB06a)_R9,Delta7(PB15)_L6R3_L,0,0,0.0,0.0
PEN_a(PB06a)_R9,Delta7(PB15)_L5R4_L,0,0,0.0,0.0
PEN_a(PB06a)_R9,Delta7(PB15)_L4R5_R,0,0,0.0,0.0
PEN_a(PB06a)_R9,Delta7(PB15)_L1L9R8_R,0,0,0.0,0.0
PEN_a(PB06a)_R9,Delta7(PB15)_L8R1R9_L,0,0,0.0,0.0
PEN_a(PB06a)_R9,Delta7(PB15)_L3R6_R,0,0,0.0,0.0
PEN_a(PB06a)_R9,Delta7(PB15)_L7R2_L,0,0,0.0,0.0
PEN_a(PB06a)_R9,Delta7(PB15)_L2R7_R,0,0,0.0,0.0
PEN_a(PB06a)_R9,PEG(PB07)_R1,0,0,0.0,0.0
PEN_a(PB06a)_R9,PEG(PB07)_L5,0,0,0.0,0.0
PEN_a(PB06a)_R9,PEG(PB07)_L6,0,0,0.0,0.0
PEN_a(PB06a)_R9,PEG(PB07)_R6,0,0,0.0,0.0
PEN_a(PB06a)_R9,PEG(PB07)_R4,0,0,0.0,0.0
PEN_a(PB06a)_R9,PEG(PB07)_L4,0,0,0.0,0.0
PEN_a(PB06a)_R9,PEG(PB07)_R2,0,0,0.0,0.0
PEN_a(PB06a)_R9,PEG(PB07)_R3,0,0,0.0,0.0
PEN_a(PB06a)_R9,PEG(PB07)_L3,0,0,0.0,0.0
PEN_a(PB06a)_R9,PEG(PB07)_R7,0,0,0.0,0.0
PEN_a(PB06a)_R9,PEG(PB07)_L7,0,0,0.0,0.0
PEN_a(PB06a)_R9,PEG(PB07)_L8,0,0,0.0,0.0
PEN_a(PB06a)_R9,PEG(PB07)_R9,0,0,0.0,0.0
PEN_a(PB06a)_R9,PEG(PB07)_L1,0,0,0.0,0.0
PEN_a(PB06a)_R9,PEG(PB07)_L2,0,0,0.0,0.0
PEN_a(PB06a)_R9,PEG(PB07)_L9,0,0,0.0,0.0
PEN_a(PB06a)_R9,PEG(PB07)_R5,0,0,0.0,0.0
PEN_a(PB06a)_R9,PEG(PB07)_R8,1,1,1.0,0.0
PEN_a(PB06a)_R9,PEN_a(PB06a)_L7,0,0,0.0,0.0
PEN_a(PB06a)_R9,PEN_a(PB06a)_R4,2,36,18.0,8.48528137423857
PEN_a(PB06a)_R9,PEN_a(PB06a)_R3,1,13,13.0,0.0
PEN_a(PB06a)_R9,PEN_a(PB06a)_L2,1,1,1.0,0.0
PEN_a(PB06a)_R9,PEN_a(PB06a)_R6,2,41,20.5,2.1213203435596424
PEN_a(PB06a)_R9,PEN_a(PB06a)_L6,0,0,0.0,0.0
PEN_a(PB06a)_R9,PEN_a(PB06a)_L4,2,3,1.5,0.7071067811865476
PEN_a(PB06a)_R9,PEN_a(PB06a)_R5,1,22,22.0,0.0
PEN_a(PB06a)_R9,PEN_a(PB06a)_R2,2,17,8.5,10.606601717798213
PEN_a(PB06a)_R9,PEN_a(PB06a)_R7,1,22,22.0,0.0
PEN_a(PB06a)_R9,PEN_a(PB06a)_R8,2,33,16.5,17.67766952966369
PEN_a(PB06a)_R9,PEN_a(PB06a)_L8,0,0,0.0,0.0
PEN_a(PB06a)_R9,PEN_a(PB06a)_L9,0,0,0.0,0.0
PEN_a(PB06a)_R9,PEN_a(PB06a)_L3,1,9,9.0,0.0
PEN_a(PB06a)_R9,PEN_a(PB06a)_L5,0,0,0.0,0.0
PEN_a(PB06a)_R9,PEN_b(PB06b)_L4,0,0,0.0,0.0
PEN_a(PB06a)_R9,PEN_b(PB06b)_R4,2,15,7.5,4.949747468305833
PEN_a(PB06a)_R9,PEN_b(PB06b)_L6,0,0,0.0,0.0
PEN_a(PB06a)_R9,PEN_b(PB06b)_R7,1,10,10.0,0.0
PEN_a(PB06a)_R9,PEN_b(PB06b)_R2,2,12,6.0,7.0710678118654755
PEN_a(PB06a)_R9,PEN_b(PB06b)_R5,1,19,19.0,0.0
PEN_a(PB06a)_R9,PEN_b(PB06b)_R6,2,15,7.5,4.949747468305833
PEN_a(PB06a)_R9,PEN_b(PB06b)_R3,1,6,6.0,0.0
PEN_a(PB06a)_R9,PEN_b(PB06b)_R8,1,16,16.0,0.0
PEN_a(PB06a)_R9,PEN_b(PB06b)_R9,4,23,5.75,2.5
PEN_a(PB06a)_R9,PEN_b(PB06b)_L9,0,0,0.0,0.0
PEN_a(PB06a)_R9,PEN_b(PB06b)_L7,0,0,0.0,0.0
PEN_a(PB06a)_R9,PEN_b(PB06b)_L8,0,0,0.0,0.0
PEN_a(PB06a)_R9,PEN_b(PB06b)_L5,0,0,0.0,0.0
PEN_a(PB06a)_R9,PEN_b(PB06b)_L2,1,6,6.0,0.0
PEN_a(PB06a)_R9,PEN_b(PB06b)_L3,1,4,4.0,0.0
PEN_a(PB06a)_L9,EPG(PB08)_L3,1,1,1.0,0.0
PEN_a(PB06a)_L9,EPG(PB08)_R4,2,7,3.5,2.1213203435596424
PEN_a(PB06a)_L9,EPG(PB08)_R3,3,68,22.666666666666668,18.502252115170556
PEN_a(PB06a)_L9,EPG(PB08)_L6,3,17,5.666666666666667,1.1547005383792515
PEN_a(PB06a)_L9,EPG(PB08)_L1,2,42,21.0,9.899494936611665
PEN_a(PB06a)_L9,EPG(PB08)_R2,2,181,90.5,16.263455967290593
PEN_a(PB06a)_L9,EPG(PB08)_L4,0,0,0.0,0.0
PEN_a(PB06a)_L9,EPG(PB08)_R5,0,0,0.0,0.0
PEN_a(PB06a)_L9,EPG(PB08)_L5,0,0,0.0,0.0
PEN_a(PB06a)_L9,EPG(PB08)_L2,1,3,3.0,0.0
PEN_a(PB06a)_L9,EPG(PB08)_R6,0,0,0.0,0.0
PEN_a(PB06a)_L9,EPG(PB08)_R7,0,0,0.0,0.0
PEN_a(PB06a)_L9,EPG(PB08)_L7,3,160,53.333333333333336,15.947831618540915
PEN_a(PB06a)_L9,EPG(PB08)_L8,4,306,76.5,6.191391873668904
PEN_a(PB06a)_L9,EPG(PB08)_R8,4,12,3.0,0.816496580927726
PEN_a(PB06a)_L9,EPG(PB08)_R1,2,128,64.0,19.79898987322333
PEN_a(PB06a)_L9,Delta7(PB15)_L6R3_L,0,0,0.0,0.0
PEN_a(PB06a)_L9,Delta7(PB15)_L5R4_L,0,0,0.0,0.0
PEN_a(PB06a)_L9,Delta7(PB15)_L4R5_R,0,0,0.0,0.0
PEN_a(PB06a)_L9,Delta7(PB15)_L1L9R8_R,0,0,0.0,0.0
PEN_a(PB06a)_L9,Delta7(PB15)_L8R1R9_L,0,0,0.0,0.0
PEN_a(PB06a)_L9,Delta7(PB15)_L3R6_R,0,0,0.0,0.0
PEN_a(PB06a)_L9,Delta7(PB15)_L7R2_L,0,0,0.0,0.0
PEN_a(PB06a)_L9,Delta7(PB15)_L2R7_R,0,0,0.0,0.0
PEN_a(PB06a)_L9,PEG(PB07)_R1,1,1,1.0,0.0
PEN_a(PB06a)_L9,PEG(PB07)_L5,0,0,0.0,0.0
PEN_a(PB06a)_L9,PEG(PB07)_L6,0,0,0.0,0.0
PEN_a(PB06a)_L9,PEG(PB07)_R6,0,0,0.0,0.0
PEN_a(PB06a)_L9,PEG(PB07)_R4,0,0,0.0,0.0
PEN_a(PB06a)_L9,PEG(PB07)_L4,0,0,0.0,0.0
PEN_a(PB06a)_L9,PEG(PB07)_R2,1,1,1.0,0.0
PEN_a(PB06a)_L9,PEG(PB07)_R3,0,0,0.0,0.0
PEN_a(PB06a)_L9,PEG(PB07)_L3,0,0,0.0,0.0
PEN_a(PB06a)_L9,PEG(PB07)_R7,0,0,0.0,0.0
PEN_a(PB06a)_L9,PEG(PB07)_L7,0,0,0.0,0.0
PEN_a(PB06a)_L9,PEG(PB07)_L8,1,2,2.0,0.0
PEN_a(PB06a)_L9,PEG(PB07)_R9,0,0,0.0,0.0
PEN_a(PB06a)_L9,PEG(PB07)_L1,0,0,0.0,0.0
PEN_a(PB06a)_L9,PEG(PB07)_L2,0,0,0.0,0.0
PEN_a(PB06a)_L9,PEG(PB07)_L9,0,0,0.0,0.0
PEN_a(PB06a)_L9,PEG(PB07)_R5,0,0,0.0,0.0
PEN_a(PB06a)_L9,PEG(PB07)_R8,0,0,0.0,0.0
PEN_a(PB06a)_L9,PEN_a(PB06a)_L7,1,20,20.0,0.0
PEN_a(PB06a)_L9,PEN_a(PB06a)_R4,2,3,1.5,0.7071067811865476
PEN_a(PB06a)_L9,PEN_a(PB06a)_R3,1,14,14.0,0.0
PEN_a(PB06a)_L9,PEN_a(PB06a)_L2,2,33,16.5,17.67766952966369
PEN_a(PB06a)_L9,PEN_a(PB06a)_R6,0,0,0.0,0.0
PEN_a(PB06a)_L9,PEN_a(PB06a)_L6,2,35,17.5,2.1213203435596424
PEN_a(PB06a)_L9,PEN_a(PB06a)_L4,2,32,16.0,1.4142135623730951
PEN_a(PB06a)_L9,PEN_a(PB06a)_R5,0,0,0.0,0.0
PEN_a(PB06a)_L9,PEN_a(PB06a)_R2,1,5,5.0,0.0
PEN_a(PB06a)_L9,PEN_a(PB06a)_R7,0,0,0.0,0.0
PEN_a(PB06a)_L9,PEN_a(PB06a)_R8,0,0,0.0,0.0
PEN_a(PB06a)_L9,PEN_a(PB06a)_L8,2,30,15.0,18.384776310850235
PEN_a(PB06a)_L9,PEN_a(PB06a)_R9,0,0,0.0,0.0
PEN_a(PB06a)_L9,PEN_a(PB06a)_L3,1,32,32.0,0.0
PEN_a(PB06a)_L9,PEN_a(PB06a)_L5,1,22,22.0,0.0
PEN_a(PB06a)_L9,PEN_b(PB06b)_L4,2,16,8.0,1.4142135623730951
PEN_a(PB06a)_L9,PEN_b(PB06b)_R4,0,0,0.0,0.0
PEN_a(PB06a)_L9,PEN_b(PB06b)_L6,2,9,4.5,2.1213203435596424
PEN_a(PB06a)_L9,PEN_b(PB06b)_R7,0,0,0.0,0.0
PEN_a(PB06a)_L9,PEN_b(PB06b)_R2,1,2,2.0,0.0
PEN_a(PB06a)_L9,PEN_b(PB06b)_R5,0,0,0.0,0.0
PEN_a(PB06a)_L9,PEN_b(PB06b)_R6,0,0,0.0,0.0
PEN_a(PB06a)_L9,PEN_b(PB06b)_R3,1,12,12.0,0.0
PEN_a(PB06a)_L9,PEN_b(PB06b)_R8,0,0,0.0,0.0
PEN_a(PB06a)_L9,PEN_b(PB06b)_R9,0,0,0.0,0.0
PEN_a(PB06a)_L9,PEN_b(PB06b)_L9,4,30,7.5,4.654746681256314
PEN_a(PB06a)_L9,PEN_b(PB06b)_L7,1,16,16.0,0.0
PEN_a(PB06a)_L9,PEN_b(PB06b)_L8,1,21,21.0,0.0
PEN_a(PB06a)_L9,PEN_b(PB06b)_L5,1,10,10.0,0.0
PEN_a(PB06a)_L9,PEN_b(PB06b)_L2,2,14,7.0,7.0710678118654755
PEN_a(PB06a)_L9,PEN_b(PB06b)_L3,1,17,17.0,0.0
PEN_a(PB06a)_L3,EPG(PB08)_L3,4,30,7.5,5.802298395176403
PEN_a(PB06a)_L3,EPG(PB08)_R4,0,0,0.0,0.0
PEN_a(PB06a)_L3,EPG(PB08)_R3,0,0,0.0,0.0
PEN_a(PB06a)_L3,EPG(PB08)_L6,0,0,0.0,0.0
PEN_a(PB06a)_L3,EPG(PB08)_L1,2,136,68.0,29.698484809834994
PEN_a(PB06a)_L3,EPG(PB08)_R2,0,0,0.0,0.0
PEN_a(PB06a)_L3,EPG(PB08)_L4,0,0,0.0,0.0
PEN_a(PB06a)_L3,EPG(PB08)_R5,0,0,0.0,0.0
PEN_a(PB06a)_L3,EPG(PB08)_L5,0,0,0.0,0.0
PEN_a(PB06a)_L3,EPG(PB08)_L2,2,167,83.5,13.435028842544403
PEN_a(PB06a)_L3,EPG(PB08)_R6,2,7,3.5,3.5355339059327378
PEN_a(PB06a)_L3,EPG(PB08)_R7,3,144,48.0,24.55605831561735
PEN_a(PB06a)_L3,EPG(PB08)_L7,0,0,0.0,0.0
PEN_a(PB06a)_L3,EPG(PB08)_L8,4,16,4.0,2.160246899469287
PEN_a(PB06a)_L3,EPG(PB08)_R8,4,267,66.75,12.5
PEN_a(PB06a)_L3,EPG(PB08)_R1,2,36,18.0,4.242640687119285
PEN_a(PB06a)_L3,Delta7(PB15)_L6R3_L,1,1,1.0,0.0
PEN_a(PB06a)_L3,Delta7(PB15)_L5R4_L,0,0,0.0,0.0
PEN_a(PB06a)_L3,Delta7(PB15)_L4R5_R,0,0,0.0,0.0
PEN_a(PB06a)_L3,Delta7(PB15)_L1L9R8_R,0,0,0.0,0.0
PEN_a(PB06a)_L3,Delta7(PB15)_L8R1R9_L,0,0,0.0,0.0
PEN_a(PB06a)_L3,Delta7(PB15)_L3R6_R,0,0,0.0,0.0
PEN_a(PB06a)_L3,Delta7(PB15)_L7R2_L,0,0,0.0,0.0
PEN_a(PB06a)_L3,Delta7(PB15)_L2R7_R,0,0,0.0,0.0
PEN_a(PB06a)_L3,PEG(PB07)_R1,0,0,0.0,0.0
PEN_a(PB06a)_L3,PEG(PB07)_L5,0,0,0.0,0.0
PEN_a(PB06a)_L3,PEG(PB07)_L6,0,0,0.0,0.0
PEN_a(PB06a)_L3,PEG(PB07)_R6,0,0,0.0,0.0
PEN_a(PB06a)_L3,PEG(PB07)_R4,0,0,0.0,0.0
PEN_a(PB06a)_L3,PEG(PB07)_L4,0,0,0.0,0.0
PEN_a(PB06a)_L3,PEG(PB07)_R2,0,0,0.0,0.0
PEN_a(PB06a)_L3,PEG(PB07)_R3,0,0,0.0,0.0
PEN_a(PB06a)_L3,PEG(PB07)_L3,1,1,1.0,0.0
PEN_a(PB06a)_L3,PEG(PB07)_R7,0,0,0.0,0.0
PEN_a(PB06a)_L3,PEG(PB07)_L7,0,0,0.0,0.0
PEN_a(PB06a)_L3,PEG(PB07)_L8,0,0,0.0,0.0
PEN_a(PB06a)_L3,PEG(PB07)_R9,0,0,0.0,0.0
PEN_a(PB06a)_L3,PEG(PB07)_L1,0,0,0.0,0.0
PEN_a(PB06a)_L3,PEG(PB07)_L2,1,3,3.0,0.0
PEN_a(PB06a)_L3,PEG(PB07)_L9,0,0,0.0,0.0
PEN_a(PB06a)_L3,PEG(PB07)_R5,0,0,0.0,0.0
PEN_a(PB06a)_L3,PEG(PB07)_R8,0,0,0.0,0.0
PEN_a(PB06a)_L3,PEN_a(PB06a)_L7,1,20,20.0,0.0
PEN_a(PB06a)_L3,PEN_a(PB06a)_R4,0,0,0.0,0.0
PEN_a(PB06a)_L3,PEN_a(PB06a)_R3,0,0,0.0,0.0
PEN_a(PB06a)_L3,PEN_a(PB06a)_L2,2,31,15.5,14.849242404917497
PEN_a(PB06a)_L3,PEN_a(PB06a)_R6,0,0,0.0,0.0
PEN_a(PB06a)_L3,PEN_a(PB06a)_L6,2,19,9.5,2.1213203435596424
PEN_a(PB06a)_L3,PEN_a(PB06a)_L4,4,27,6.75,3.8622100754188224
PEN_a(PB06a)_L3,PEN_a(PB06a)_R5,0,0,0.0,0.0
PEN_a(PB06a)_L3,PEN_a(PB06a)_R2,1,2,2.0,0.0
PEN_a(PB06a)_L3,PEN_a(PB06a)_R7,0,0,0.0,0.0
PEN_a(PB06a)_L3,PEN_a(PB06a)_R8,1,3,3.0,0.0
PEN_a(PB06a)_L3,PEN_a(PB06a)_L8,1,18,18.0,0.0
PEN_a(PB06a)_L3,PEN_a(PB06a)_R9,1,11,11.0,0.0
PEN_a(PB06a)_L3,PEN_a(PB06a)_L9,1,15,15.0,0.0
PEN_a(PB06a)_L3,PEN_a(PB06a)_L5,1,13,13.0,0.0
PEN_a(PB06a)_L3,PEN_b(PB06b)_L4,2,14,7.0,1.4142135623730951
PEN_a(PB06a)_L3,PEN_b(PB06b)_R4,0,0,0.0,0.0
PEN_a(PB06a)_L3,PEN_b(PB06b)_L6,2,8,4.0,1.4142135623730951
PEN_a(PB06a)_L3,PEN_b(PB06b)_R7,0,0,0.0,0.0
PEN_a(PB06a)_L3,PEN_b(PB06b)_R2,1,2,2.0,0.0
PEN_a(PB06a)_L3,PEN_b(PB06b)_R5,0,0,0.0,0.0
PEN_a(PB06a)_L3,PEN_b(PB06b)_R6,0,0,0.0,0.0
PEN_a(PB06a)_L3,PEN_b(PB06b)_R3,0,0,0.0,0.0
PEN_a(PB06a)_L3,PEN_b(PB06b)_R8,1,1,1.0,0.0
PEN_a(PB06a)_L3,PEN_b(PB06b)_R9,2,13,6.5,0.7071067811865476
PEN_a(PB06a)_L3,PEN_b(PB06b)_L9,2,11,5.5,2.1213203435596424
PEN_a(PB06a)_L3,PEN_b(PB06b)_L7,1,11,11.0,0.0
PEN_a(PB06a)_L3,PEN_b(PB06b)_L8,1,15,15.0,0.0
PEN_a(PB06a)_L3,PEN_b(PB06b)_L5,1,12,12.0,0.0
PEN_a(PB06a)_L3,PEN_b(PB06b)_L2,2,14,7.0,7.0710678118654755
PEN_a(PB06a)_L3,PEN_b(PB06b)_L3,2,18,9.0,2.8284271247461903
PEN_a(PB06a)_L5,EPG(PB08)_L3,3,122,40.666666666666664,16.441816606851365
PEN_a(PB06a)_L5,EPG(PB08)_R4,1,3,3.0,0.0
PEN_a(PB06a)_L5,EPG(PB08)_R3,0,0,0.0,0.0
PEN_a(PB06a)_L5,EPG(PB08)_L6,0,0,0.0,0.0
PEN_a(PB06a)_L5,EPG(PB08)_L1,0,0,0.0,0.0
PEN_a(PB06a)_L5,EPG(PB08)_R2,0,0,0.0,0.0
PEN_a(PB06a)_L5,EPG(PB08)_L4,3,181,60.333333333333336,10.503967504392486
PEN_a(PB06a)_L5,EPG(PB08)_R5,3,101,33.666666666666664,15.821925715074425
PEN_a(PB06a)_L5,EPG(PB08)_L5,3,24,8.0,6.0
PEN_a(PB06a)_L5,EPG(PB08)_L2,1,1,1.0,0.0
PEN_a(PB06a)_L5,EPG(PB08)_R6,3,184,61.333333333333336,13.316656236958785
PEN_a(PB06a)_L5,EPG(PB08)_R7,3,24,8.0,3.605551275463989
PEN_a(PB06a)_L5,EPG(PB08)_L7,0,0,0.0,0.0
PEN_a(PB06a)_L5,EPG(PB08)_L8,0,0,0.0,0.0
PEN_a(PB06a)_L5,EPG(PB08)_R8,1,2,2.0,0.0
PEN_a(PB06a)_L5,EPG(PB08)_R1,0,0,0.0,0.0
PEN_a(PB06a)_L5,Delta7(PB15)_L6R3_L,0,0,0.0,0.0
PEN_a(PB06a)_L5,Delta7(PB15)_L5R4_L,0,0,0.0,0.0
PEN_a(PB06a)_L5,Delta7(PB15)_L4R5_R,0,0,0.0,0.0
PEN_a(PB06a)_L5,Delta7(PB15)_L1L9R8_R,0,0,0.0,0.0
PEN_a(PB06a)_L5,Delta7(PB15)_L8R1R9_L,0,0,0.0,0.0
PEN_a(PB06a)_L5,Delta7(PB15)_L3R6_R,0,0,0.0,0.0
PEN_a(PB06a)_L5,Delta7(PB15)_L7R2_L,0,0,0.0,0.0
PEN_a(PB06a)_L5,Delta7(PB15)_L2R7_R,0,0,0.0,0.0
PEN_a(PB06a)_L5,PEG(PB07)_R1,0,0,0.0,0.0
PEN_a(PB06a)_L5,PEG(PB07)_L5,0,0,0.0,0.0
PEN_a(PB06a)_L5,PEG(PB07)_L6,0,0,0.0,0.0
PEN_a(PB06a)_L5,PEG(PB07)_R6,1,5,5.0,0.0
PEN_a(PB06a)_L5,PEG(PB07)_R4,0,0,0.0,0.0
PEN_a(PB06a)_L5,PEG(PB07)_L4,1,3,3.0,0.0
PEN_a(PB06a)_L5,PEG(PB07)_R2,0,0,0.0,0.0
PEN_a(PB06a)_L5,PEG(PB07)_R3,0,0,0.0,0.0
PEN_a(PB06a)_L5,PEG(PB07)_L3,0,0,0.0,0.0
PEN_a(PB06a)_L5,PEG(PB07)_R7,0,0,0.0,0.0
PEN_a(PB06a)_L5,PEG(PB07)_L7,0,0,0.0,0.0
PEN_a(PB06a)_L5,PEG(PB07)_L8,0,0,0.0,0.0
PEN_a(PB06a)_L5,PEG(PB07)_R9,0,0,0.0,0.0
PEN_a(PB06a)_L5,PEG(PB07)_L1,0,0,0.0,0.0
PEN_a(PB06a)_L5,PEG(PB07)_L2,0,0,0.0,0.0
PEN_a(PB06a)_L5,PEG(PB07)_L9,0,0,0.0,0.0
PEN_a(PB06a)_L5,PEG(PB07)_R5,0,0,0.0,0.0
PEN_a(PB06a)_L5,PEG(PB07)_R8,0,0,0.0,0.0
PEN_a(PB06a)_L5,PEN_a(PB06a)_L7,1,13,13.0,0.0
PEN_a(PB06a)_L5,PEN_a(PB06a)_R4,0,0,0.0,0.0
PEN_a(PB06a)_L5,PEN_a(PB06a)_R3,0,0,0.0,0.0
PEN_a(PB06a)_L5,PEN_a(PB06a)_L2,1,18,18.0,0.0
PEN_a(PB06a)_L5,PEN_a(PB06a)_R6,0,0,0.0,0.0
PEN_a(PB06a)_L5,PEN_a(PB06a)_L6,3,14,4.666666666666667,3.2145502536643185
PEN_a(PB06a)_L5,PEN_a(PB06a)_L4,4,16,4.0,2.309401076758503
PEN_a(PB06a)_L5,PEN_a(PB06a)_R5,0,0,0.0,0.0
PEN_a(PB06a)_L5,PEN_a(PB06a)_R2,0,0,0.0,0.0
PEN_a(PB06a)_L5,PEN_a(PB06a)_R7,1,14,14.0,0.0
PEN_a(PB06a)_L5,PEN_a(PB06a)_R8,1,2,2.0,0.0
PEN_a(PB06a)_L5,PEN_a(PB06a)_L8,1,9,9.0,0.0
PEN_a(PB06a)_L5,PEN_a(PB06a)_R9,0,0,0.0,0.0
PEN_a(PB06a)_L5,PEN_a(PB06a)_L9,1,15,15.0,0.0
PEN_a(PB06a)_L5,PEN_a(PB06a)_L3,1,15,15.0,0.0
PEN_a(PB06a)_L5,PEN_b(PB06b)_L4,2,4,2.0,1.4142135623730951
PEN_a(PB06a)_L5,PEN_b(PB06b)_R4,0,0,0.0,0.0
PEN_a(PB06a)_L5,PEN_b(PB06b)_L6,4,9,2.25,0.9574271077563381
PEN_a(PB06a)_L5,PEN_b(PB06b)_R7,1,10,10.0,0.0
PEN_a(PB06a)_L5,PEN_b(PB06b)_R2,0,0,0.0,0.0
PEN_a(PB06a)_L5,PEN_b(PB06b)_R5,0,0,0.0,0.0
PEN_a(PB06a)_L5,PEN_b(PB06b)_R6,2,3,1.5,0.7071067811865476
PEN_a(PB06a)_L5,PEN_b(PB06b)_R3,0,0,0.0,0.0
PEN_a(PB06a)_L5,PEN_b(PB06b)_R8,0,0,0.0,0.0
PEN_a(PB06a)_L5,PEN_b(PB06b)_R9,0,0,0.0,0.0
PEN_a(PB06a)_L5,PEN_b(PB06b)_L9,2,18,9.0,1.4142135623730951
PEN_a(PB06a)_L5,PEN_b(PB06b)_L7,1,13,13.0,0.0
PEN_a(PB06a)_L5,PEN_b(PB06b)_L8,1,12,12.0,0.0
PEN_a(PB06a)_L5,PEN_b(PB06b)_L5,2,20,10.0,1.4142135623730951
PEN_a(PB06a)_L5,PEN_b(PB06b)_L2,1,7,7.0,0.0
PEN_a(PB06a)_L5,PEN_b(PB06b)_L3,1,8,8.0,0.0
PEN_b(PB06b)_L4,EPG(PB08)_L3,6,314,52.333333333333336,13.50061726983869
PEN_b(PB06b)_L4,EPG(PB08)_R4,0,0,0.0,0.0
PEN_b(PB06b)_L4,EPG(PB08)_R3,0,0,0.0,0.0
PEN_b(PB06b)_L4,EPG(PB08)_L6,0,0,0.0,0.0
PEN_b(PB06b)_L4,EPG(PB08)_L1,0,0,0.0,0.0
PEN_b(PB06b)_L4,EPG(PB08)_R2,0,0,0.0,0.0
PEN_b(PB06b)_L4,EPG(PB08)_L4,3,5,1.6666666666666667,1.1547005383792515
PEN_b(PB06b)_L4,EPG(PB08)_R5,0,0,0.0,0.0
PEN_b(PB06b)_L4,EPG(PB08)_L5,0,0,0.0,0.0
PEN_b(PB06b)_L4,EPG(PB08)_L2,4,43,10.75,4.031128874149275
PEN_b(PB06b)_L4,EPG(PB08)_R6,6,91,15.166666666666666,10.628577828979127
PEN_b(PB06b)_L4,EPG(PB08)_R7,6,223,37.166666666666664,10.962055768270233
PEN_b(PB06b)_L4,EPG(PB08)_L7,0,0,0.0,0.0
PEN_b(PB06b)_L4,EPG(PB08)_L8,0,0,0.0,0.0
PEN_b(PB06b)_L4,EPG(PB08)_R8,3,15,5.0,1.0
PEN_b(PB06b)_L4,EPG(PB08)_R1,0,0,0.0,0.0
PEN_b(PB06b)_L4,Delta7(PB15)_L6R3_L,1,1,1.0,0.0
PEN_b(PB06b)_L4,Delta7(PB15)_L5R4_L,1,1,1.0,0.0
PEN_b(PB06b)_L4,Delta7(PB15)_L4R5_R,0,0,0.0,0.0
PEN_b(PB06b)_L4,Delta7(PB15)_L1L9R8_R,1,1,1.0,0.0
PEN_b(PB06b)_L4,Delta7(PB15)_L8R1R9_L,0,0,0.0,0.0
PEN_b(PB06b)_L4,Delta7(PB15)_L3R6_R,0,0,0.0,0.0
PEN_b(PB06b)_L4,Delta7(PB15)_L7R2_L,0,0,0.0,0.0
PEN_b(PB06b)_L4,Delta7(PB15)_L2R7_R,0,0,0.0,0.0
PEN_b(PB06b)_L4,PEG(PB07)_R1,0,0,0.0,0.0
PEN_b(PB06b)_L4,PEG(PB07)_L5,0,0,0.0,0.0
PEN_b(PB06b)_L4,PEG(PB07)_L6,0,0,0.0,0.0
PEN_b(PB06b)_L4,PEG(PB07)_R6,2,3,1.5,0.7071067811865476
PEN_b(PB06b)_L4,PEG(PB07)_R4,0,0,0.0,0.0
PEN_b(PB06b)_L4,PEG(PB07)_L4,0,0,0.0,0.0
PEN_b(PB06b)_L4,PEG(PB07)_R2,0,0,0.0,0.0
PEN_b(PB06b)_L4,PEG(PB07)_R3,0,0,0.0,0.0
PEN_b(PB06b)_L4,PEG(PB07)_L3,2,7,3.5,0.7071067811865476
PEN_b(PB06b)_L4,PEG(PB07)_R7,2,6,3.0,0.0
PEN_b(PB06b)_L4,PEG(PB07)_L7,0,0,0.0,0.0
PEN_b(PB06b)_L4,PEG(PB07)_L8,0,0,0.0,0.0
PEN_b(PB06b)_L4,PEG(PB07)_R9,0,0,0.0,0.0
PEN_b(PB06b)_L4,PEG(PB07)_L1,0,0,0.0,0.0
PEN_b(PB06b)_L4,PEG(PB07)_L2,1,1,1.0,0.0
PEN_b(PB06b)_L4,PEG(PB07)_L9,0,0,0.0,0.0
PEN_b(PB06b)_L4,PEG(PB07)_R5,0,0,0.0,0.0
PEN_b(PB06b)_L4,PEG(PB07)_R8,0,0,0.0,0.0
PEN_b(PB06b)_L4,PEN_a(PB06a)_L7,2,15,7.5,2.1213203435596424
PEN_b(PB06b)_L4,PEN_a(PB06a)_R4,0,0,0.0,0.0
PEN_b(PB06b)_L4,PEN_a(PB06a)_R3,0,0,0.0,0.0
PEN_b(PB06b)_L4,PEN_a(PB06a)_L2,2,31,15.5,3.5355339059327378
PEN_b(PB06b)_L4,PEN_a(PB06a)_R6,0,0,0.0,0.0
PEN_b(PB06b)_L4,PEN_a(PB06a)_L6,4,31,7.75,1.707825127659933
PEN_b(PB06b)_L4,PEN_a(PB06a)_L4,9,44,4.888888888888889,2.976761849915292
PEN_b(PB06b)_L4,PEN_a(PB06a)_R5,0,0,0.0,0.0
PEN_b(PB06b)_L4,PEN_a(PB06a)_R2,0,0,0.0,0.0
PEN_b(PB06b)_L4,PEN_a(PB06a)_R7,2,2,1.0,0.0
PEN_b(PB06b)_L4,PEN_a(PB06a)_R8,2,8,4.0,2.8284271247461903
PEN_b(PB06b)_L4,PEN_a(PB06a)_L8,2,25,12.5,6.363961030678928
PEN_b(PB06b)_L4,PEN_a(PB06a)_R9,0,0,0.0,0.0
PEN_b(PB06b)_L4,PEN_a(PB06a)_L9,2,20,10.0,1.4142135623730951
PEN_b(PB06b)_L4,PEN_a(PB06a)_L3,2,15,7.5,3.5355339059327378
PEN_b(PB06b)_L4,PEN_a(PB06a)_L5,2,11,5.5,0.7071067811865476
PEN_b(PB06b)_L4,PEN_b(PB06b)_R4,0,0,0.0,0.0
PEN_b(PB06b)_L4,PEN_b(PB06b)_L6,4,73,18.25,8.381527307120106
PEN_b(PB06b)_L4,PEN_b(PB06b)_R7,1,1,1.0,0.0
PEN_b(PB06b)_L4,PEN_b(PB06b)_R2,0,0,0.0,0.0
PEN_b(PB06b)_L4,PEN_b(PB06b)_R5,0,0,0.0,0.0
PEN_b(PB06b)_L4,PEN_b(PB06b)_R6,0,0,0.0,0.0
PEN_b(PB06b)_L4,PEN_b(PB06b)_R3,0,0,0.0,0.0
PEN_b(PB06b)_L4,PEN_b(PB06b)_R8,2,23,11.5,2.1213203435596424
PEN_b(PB06b)_L4,PEN_b(PB06b)_R9,1,1,1.0,0.0
PEN_b(PB06b)_L4,PEN_b(PB06b)_L9,4,62,15.5,6.027713773341708
PEN_b(PB06b)_L4,PEN_b(PB06b)_L7,2,26,13.0,4.242640687119285
PEN_b(PB06b)_L4,PEN_b(PB06b)_L8,2,59,29.5,0.7071067811865476
PEN_b(PB06b)_L4,PEN_b(PB06b)_L5,2,26,13.0,1.4142135623730951
PEN_b(PB06b)_L4,PEN_b(PB06b)_L2,2,44,22.0,8.48528137423857
PEN_b(PB06b)_L4,PEN_b(PB06b)_L3,2,26,13.0,2.8284271247461903
PEN_b(PB06b)_R4,EPG(PB08)_L3,0,0,0.0,0.0
PEN_b(PB06b)_R4,EPG(PB08)_R4,5,30,6.0,5.196152422706632
PEN_b(PB06b)_R4,EPG(PB08)_R3,6,284,47.333333333333336,7.420691791650335
PEN_b(PB06b)_R4,EPG(PB08)_L6,6,106,17.666666666666668,12.110601416389967
PEN_b(PB06b)_R4,EPG(PB08)_L1,0,0,0.0,0.0
PEN_b(PB06b)_R4,EPG(PB08)_R2,4,46,11.5,7.937253933193772
PEN_b(PB06b)_R4,EPG(PB08)_L4,0,0,0.0,0.0
PEN_b(PB06b)_R4,EPG(PB08)_R5,0,0,0.0,0.0
PEN_b(PB06b)_R4,EPG(PB08)_L5,1,2,2.0,0.0
PEN_b(PB06b)_R4,EPG(PB08)_L2,0,0,0.0,0.0
PEN_b(PB06b)_R4,EPG(PB08)_R6,0,0,0.0,0.0
PEN_b(PB06b)_R4,EPG(PB08)_R7,0,0,0.0,0.0
PEN_b(PB06b)_R4,EPG(PB08)_L7,6,222,37.0,8.532291603080617
PEN_b(PB06b)_R4,EPG(PB08)_L8,5,14,2.8,1.7888543819998317
PEN_b(PB06b)_R4,EPG(PB08)_R8,0,0,0.0,0.0
PEN_b(PB06b)_R4,EPG(PB08)_R1,0,0,0.0,0.0
PEN_b(PB06b)_R4,Delta7(PB15)_L6R3_L,0,0,0.0,0.0
PEN_b(PB06b)_R4,Delta7(PB15)_L5R4_L,1,1,1.0,0.0
PEN_b(PB06b)_R4,Delta7(PB15)_L4R5_R,0,0,0.0,0.0
PEN_b(PB06b)_R4,Delta7(PB15)_L1L9R8_R,0,0,0.0,0.0
PEN_b(PB06b)_R4,Delta7(PB15)_L8R1R9_L,0,0,0.0,0.0
PEN_b(PB06b)_R4,Delta7(PB15)_L3R6_R,0,0,0.0,0.0
PEN_b(PB06b)_R4,Delta7(PB15)_L7R2_L,0,0,0.0,0.0
PEN_b(PB06b)_R4,Delta7(PB15)_L2R7_R,0,0,0.0,0.0
PEN_b(PB06b)_R4,PEG(PB07)_R1,0,0,0.0,0.0
PEN_b(PB06b)_R4,PEG(PB07)_L5,0,0,0.0,0.0
PEN_b(PB06b)_R4,PEG(PB07)_L6,1,1,1.0,0.0
PEN_b(PB06b)_R4,PEG(PB07)_R6,0,0,0.0,0.0
PEN_b(PB06b)_R4,PEG(PB07)_R4,0,0,0.0,0.0
PEN_b(PB06b)_R4,PEG(PB07)_L4,0,0,0.0,0.0
PEN_b(PB06b)_R4,PEG(PB07)_R2,0,0,0.0,0.0
PEN_b(PB06b)_R4,PEG(PB07)_R3,2,3,1.5,0.7071067811865476
PEN_b(PB06b)_R4,PEG(PB07)_L3,0,0,0.0,0.0
PEN_b(PB06b)_R4,PEG(PB07)_R7,0,0,0.0,0.0
PEN_b(PB06b)_R4,PEG(PB07)_L7,1,5,5.0,0.0
PEN_b(PB06b)_R4,PEG(PB07)_L8,0,0,0.0,0.0
PEN_b(PB06b)_R4,PEG(PB07)_R9,0,0,0.0,0.0
PEN_b(PB06b)_R4,PEG(PB07)_L1,0,0,0.0,0.0
PEN_b(PB06b)_R4,PEG(PB07)_L2,0,0,0.0,0.0
PEN_b(PB06b)_R4,PEG(PB07)_L9,0,0,0.0,0.0
PEN_b(PB06b)_R4,PEG(PB07)_R5,0,0,0.0,0.0
PEN_b(PB06b)_R4,PEG(PB07)_R8,0,0,0.0,0.0
PEN_b(PB06b)_R4,PEN_a(PB06a)_L7,1,4,4.0,0.0
PEN_b(PB06b)_R4,PEN_a(PB06a)_R4,8,47,5.875,3.181980515339464
PEN_b(PB06b)_R4,PEN_a(PB06a)_R3,2,11,5.5,0.7071067811865476
PEN_b(PB06b)_R4,PEN_a(PB06a)_L2,0,0,0.0,0.0
PEN_b(PB06b)_R4,PEN_a(PB06a)_R6,4,22,5.5,3.109126351029605
PEN_b(PB06b)_R4,PEN_a(PB06a)_L6,0,0,0.0,0.0
PEN_b(PB06b)_R4,PEN_a(PB06a)_L4,0,0,0.0,0.0
PEN_b(PB06b)_R4,PEN_a(PB06a)_R5,2,10,5.0,1.4142135623730951
PEN_b(PB06b)_R4,PEN_a(PB06a)_R2,2,18,9.0,0.0
PEN_b(PB06b)_R4,PEN_a(PB06a)_R7,2,28,14.0,2.8284271247461903
PEN_b(PB06b)_R4,PEN_a(PB06a)_R8,2,18,9.0,2.8284271247461903
PEN_b(PB06b)_R4,PEN_a(PB06a)_L8,2,8,4.0,0.0
PEN_b(PB06b)_R4,PEN_a(PB06a)_R9,2,17,8.5,6.363961030678928
PEN_b(PB06b)_R4,PEN_a(PB06a)_L9,0,0,0.0,0.0
PEN_b(PB06b)_R4,PEN_a(PB06a)_L3,0,0,0.0,0.0
PEN_b(PB06b)_R4,PEN_a(PB06a)_L5,0,0,0.0,0.0
PEN_b(PB06b)_R4,PEN_b(PB06b)_L4,0,0,0.0,0.0
PEN_b(PB06b)_R4,PEN_b(PB06b)_L6,0,0,0.0,0.0
PEN_b(PB06b)_R4,PEN_b(PB06b)_R7,2,23,11.5,0.7071067811865476
PEN_b(PB06b)_R4,PEN_b(PB06b)_R2,2,39,19.5,2.1213203435596424
PEN_b(PB06b)_R4,PEN_b(PB06b)_R5,2,29,14.5,4.949747468305833
PEN_b(PB06b)_R4,PEN_b(PB06b)_R6,4,52,13.0,4.546060565661952
PEN_b(PB06b)_R4,PEN_b(PB06b)_R3,2,19,9.5,3.5355339059327378
PEN_b(PB06b)_R4,PEN_b(PB06b)_R8,2,48,24.0,1.4142135623730951
PEN_b(PB06b)_R4,PEN_b(PB06b)_R9,4,47,11.75,4.272001872658765
PEN_b(PB06b)_R4,PEN_b(PB06b)_L9,0,0,0.0,0.0
PEN_b(PB06b)_R4,PEN_b(PB06b)_L7,2,4,2.0,1.4142135623730951
PEN_b(PB06b)_R4,PEN_b(PB06b)_L8,2,26,13.0,0.0
PEN_b(PB06b)_R4,PEN_b(PB06b)_L5,0,0,0.0,0.0
PEN_b(PB06b)_R4,PEN_b(PB06b)_L2,0,0,0.0,0.0
PEN_b(PB06b)_R4,PEN_b(PB06b)_L3,0,0,0.0,0.0
PEN_b(PB06b)_L6,EPG(PB08)_L3,0,0,0.0,0.0
PEN_b(PB06b)_L6,EPG(PB08)_R4,4,44,11.0,9.128709291752768
PEN_b(PB06b)_L6,EPG(PB08)_R3,0,0,0.0,0.0
PEN_b(PB06b)_L6,EPG(PB08)_L6,2,2,1.0,0.0
PEN_b(PB06b)_L6,EPG(PB08)_L1,0,0,0.0,0.0
PEN_b(PB06b)_L6,EPG(PB08)_R2,0,0,0.0,0.0
PEN_b(PB06b)_L6,EPG(PB08)_L4,6,49,8.166666666666666,3.9200340134578764
PEN_b(PB06b)_L6,EPG(PB08)_R5,6,199,33.166666666666664,9.020347369512255
PEN_b(PB06b)_L6,EPG(PB08)_L5,6,209,34.833333333333336,9.474527252938094
PEN_b(PB06b)_L6,EPG(PB08)_L2,0,0,0.0,0.0
PEN_b(PB06b)_L6,EPG(PB08)_R6,2,3,1.5,0.7071067811865476
PEN_b(PB06b)_L6,EPG(PB08)_R7,0,0,0.0,0.0
PEN_b(PB06b)_L6,EPG(PB08)_L7,0,0,0.0,0.0
PEN_b(PB06b)_L6,EPG(PB08)_L8,0,0,0.0,0.0
PEN_b(PB06b)_L6,EPG(PB08)_R8,0,0,0.0,0.0
PEN_b(PB06b)_L6,EPG(PB08)_R1,0,0,0.0,0.0
PEN_b(PB06b)_L6,Delta7(PB15)_L6R3_L,2,2,1.0,0.0
PEN_b(PB06b)_L6,Delta7(PB15)_L5R4_L,0,0,0.0,0.0
PEN_b(PB06b)_L6,Delta7(PB15)_L4R5_R,0,0,0.0,0.0
PEN_b(PB06b)_L6,Delta7(PB15)_L1L9R8_R,0,0,0.0,0.0
PEN_b(PB06b)_L6,Delta7(PB15)_L8R1R9_L,0,0,0.0,0.0
PEN_b(PB06b)_L6,Delta7(PB15)_L3R6_R,0,0,0.0,0.0
PEN_b(PB06b)_L6,Delta7(PB15)_L7R2_L,0,0,0.0,0.0
PEN_b(PB06b)_L6,Delta7(PB15)_L2R7_R,0,0,0.0,0.0
PEN_b(PB06b)_L6,PEG(PB07)_R1,0,0,0.0,0.0
PEN_b(PB06b)_L6,PEG(PB07)_L5,2,4,2.0,1.4142135623730951
PEN_b(PB06b)_L6,PEG(PB07)_L6,0,0,0.0,0.0
PEN_b(PB06b)_L6,PEG(PB07)_R6,0,0,0.0,0.0
PEN_b(PB06b)_L6,PEG(PB07)_R4,0,0,0.0,0.0
PEN_b(PB06b)_L6,PEG(PB07)_L4,1,1,1.0,0.0
PEN_b(PB06b)_L6,PEG(PB07)_R2,0,0,0.0,0.0
PEN_b(PB06b)_L6,PEG(PB07)_R3,0,0,0.0,0.0
PEN_b(PB06b)_L6,PEG(PB07)_L3,0,0,0.0,0.0
PEN_b(PB06b)_L6,PEG(PB07)_R7,0,0,0.0,0.0
PEN_b(PB06b)_L6,PEG(PB07)_L7,0,0,0.0,0.0
PEN_b(PB06b)_L6,PEG(PB07)_L8,0,0,0.0,0.0
PEN_b(PB06b)_L6,PEG(PB07)_R9,0,0,0.0,0.0
PEN_b(PB06b)_L6,PEG(PB07)_L1,0,0,0.0,0.0
PEN_b(PB06b)_L6,PEG(PB07)_L2,0,0,0.0,0.0
PEN_b(PB06b)_L6,PEG(PB07)_L9,0,0,0.0,0.0
PEN_b(PB06b)_L6,PEG(PB07)_R5,2,2,1.0,0.0
PEN_b(PB06b)_L6,PEG(PB07)_R8,0,0,0.0,0.0
PEN_b(PB06b)_L6,PEN_a(PB06a)_L7,2,13,6.5,2.1213203435596424
PEN_b(PB06b)_L6,PEN_a(PB06a)_R4,0,0,0.0,0.0
PEN_b(PB06b)_L6,PEN_a(PB06a)_R3,0,0,0.0,0.0
PEN_b(PB06b)_L6,PEN_a(PB06a)_L2,2,25,12.5,0.7071067811865476
PEN_b(PB06b)_L6,PEN_a(PB06a)_R6,3,7,2.3333333333333335,1.5275252316519468
PEN_b(PB06b)_L6,PEN_a(PB06a)_L6,9,38,4.222222222222222,2.9486343354923554
PEN_b(PB06b)_L6,PEN_a(PB06a)_L4,4,17,4.25,2.753785273643051
PEN_b(PB06b)_L6,PEN_a(PB06a)_R5,0,0,0.0,0.0
PEN_b(PB06b)_L6,PEN_a(PB06a)_R2,0,0,0.0,0.0
PEN_b(PB06b)_L6,PEN_a(PB06a)_R7,0,0,0.0,0.0
PEN_b(PB06b)_L6,PEN_a(PB06a)_R8,0,0,0.0,0.0
PEN_b(PB06b)_L6,PEN_a(PB06a)_L8,2,21,10.5,2.1213203435596424
PEN_b(PB06b)_L6,PEN_a(PB06a)_R9,0,0,0.0,0.0
PEN_b(PB06b)_L6,PEN_a(PB06a)_L9,2,21,10.5,3.5355339059327378
PEN_b(PB06b)_L6,PEN_a(PB06a)_L3,2,17,8.5,0.7071067811865476
PEN_b(PB06b)_L6,PEN_a(PB06a)_L5,2,8,4.0,0.0
PEN_b(PB06b)_L6,PEN_b(PB06b)_L4,4,73,18.25,4.112987559751022
PEN_b(PB06b)_L6,PEN_b(PB06b)_R4,0,0,0.0,0.0
PEN_b(PB06b)_L6,PEN_b(PB06b)_R7,0,0,0.0,0.0
PEN_b(PB06b)_L6,PEN_b(PB06b)_R2,0,0,0.0,0.0
PEN_b(PB06b)_L6,PEN_b(PB06b)_R5,0,0,0.0,0.0
PEN_b(PB06b)_L6,PEN_b(PB06b)_R6,4,27,6.75,2.753785273643051
PEN_b(PB06b)_L6,PEN_b(PB06b)_R3,0,0,0.0,0.0
PEN_b(PB06b)_L6,PEN_b(PB06b)_R8,0,0,0.0,0.0
PEN_b(PB06b)_L6,PEN_b(PB06b)_R9,0,0,0.0,0.0
PEN_b(PB06b)_L6,PEN_b(PB06b)_L9,4,51,12.75,3.774917217635375
PEN_b(PB06b)_L6,PEN_b(PB06b)_L7,3,27,9.0,8.0
PEN_b(PB06b)_L6,PEN_b(PB06b)_L8,2,73,36.5,6.363961030678928
PEN_b(PB06b)_L6,PEN_b(PB06b)_L5,3,20,6.666666666666667,4.932882862316247
PEN_b(PB06b)_L6,PEN_b(PB06b)_L2,2,63,31.5,0.7071067811865476
PEN_b(PB06b)_L6,PEN_b(PB06b)_L3,2,35,17.5,4.949747468305833
PEN_b(PB06b)_R7,EPG(PB08)_L3,3,72,24.0,19.467922333931785
PEN_b(PB06b)_R7,EPG(PB08)_R4,0,0,0.0,0.0
PEN_b(PB06b)_R7,EPG(PB08)_R3,0,0,0.0,0.0
PEN_b(PB06b)_R7,EPG(PB08)_L6,0,0,0.0,0.0
PEN_b(PB06b)_R7,EPG(PB08)_L1,0,0,0.0,0.0
PEN_b(PB06b)_R7,EPG(PB08)_R2,0,0,0.0,0.0
PEN_b(PB06b)_R7,EPG(PB08)_L4,3,109,36.333333333333336,14.189197769195175
PEN_b(PB06b)_R7,EPG(PB08)_R5,3,29,9.666666666666666,6.6583281184793925
PEN_b(PB06b)_R7,EPG(PB08)_L5,0,0,0.0,0.0
PEN_b(PB06b)_R7,EPG(PB08)_L2,0,0,0.0,0.0
PEN_b(PB06b)_R7,EPG(PB08)_R6,3,163,54.333333333333336,4.163331998932265
PEN_b(PB06b)_R7,EPG(PB08)_R7,1,3,3.0,0.0
PEN_b(PB06b)_R7,EPG(PB08)_L7,0,0,0.0,0.0
PEN_b(PB06b)_R7,EPG(PB08)_L8,0,0,0.0,0.0
PEN_b(PB06b)_R7,EPG(PB08)_R8,0,0,0.0,0.0
PEN_b(PB06b)_R7,EPG(PB08)_R1,0,0,0.0,0.0
PEN_b(PB06b)_R7,Delta7(PB15)_L6R3_L,0,0,0.0,0.0
PEN_b(PB06b)_R7,Delta7(PB15)_L5R4_L,0,0,0.0,0.0
PEN_b(PB06b)_R7,Delta7(PB15)_L4R5_R,0,0,0.0,0.0
PEN_b(PB06b)_R7,Delta7(PB15)_L1L9R8_R,0,0,0.0,0.0
PEN_b(PB06b)_R7,Delta7(PB15)_L8R1R9_L,0,0,0.0,0.0
PEN_b(PB06b)_R7,Delta7(PB15)_L3R6_R,0,0,0.0,0.0
PEN_b(PB06b)_R7,Delta7(PB15)_L7R2_L,0,0,0.0,0.0
PEN_b(PB06b)_R7,Delta7(PB15)_L2R7_R,2,3,1.5,0.7071067811865476
PEN_b(PB06b)_R7,PEG(PB07)_R1,0,0,0.0,0.0
PEN_b(PB06b)_R7,PEG(PB07)_L5,0,0,0.0,0.0
PEN_b(PB06b)_R7,PEG(PB07)_L6,0,0,0.0,0.0
PEN_b(PB06b)_R7,PEG(PB07)_R6,1,6,6.0,0.0
PEN_b(PB06b)_R7,PEG(PB07)_R4,0,0,0.0,0.0
PEN_b(PB06b)_R7,PEG(PB07)_L4,1,3,3.0,0.0
PEN_b(PB06b)_R7,PEG(PB07)_R2,0,0,0.0,0.0
PEN_b(PB06b)_R7,PEG(PB07)_R3,0,0,0.0,0.0
PEN_b(PB06b)_R7,PEG(PB07)_L3,0,0,0.0,0.0
PEN_b(PB06b)_R7,PEG(PB07)_R7,0,0,0.0,0.0
PEN_b(PB06b)_R7,PEG(PB07)_L7,0,0,0.0,0.0
PEN_b(PB06b)_R7,PEG(PB07)_L8,0,0,0.0,0.0
PEN_b(PB06b)_R7,PEG(PB07)_R9,0,0,0.0,0.0
PEN_b(PB06b)_R7,PEG(PB07)_L1,0,0,0.0,0.0
PEN_b(PB06b)_R7,PEG(PB07)_L2,0,0,0.0,0.0
PEN_b(PB06b)_R7,PEG(PB07)_L9,0,0,0.0,0.0
PEN_b(PB06b)_R7,PEG(PB07)_R5,0,0,0.0,0.0
PEN_b(PB06b)_R7,PEG(PB07)_R8,0,0,0.0,0.0
PEN_b(PB06b)_R7,PEN_a(PB06a)_L7,0,0,0.0,0.0
PEN_b(PB06b)_R7,PEN_a(PB06a)_R4,2,6,3.0,0.0
PEN_b(PB06b)_R7,PEN_a(PB06a)_R3,1,5,5.0,0.0
PEN_b(PB06b)_R7,PEN_a(PB06a)_L2,0,0,0.0,0.0
PEN_b(PB06b)_R7,PEN_a(PB06a)_R6,2,8,4.0,1.4142135623730951
PEN_b(PB06b)_R7,PEN_a(PB06a)_L6,0,0,0.0,0.0
PEN_b(PB06b)_R7,PEN_a(PB06a)_L4,0,0,0.0,0.0
PEN_b(PB06b)_R7,PEN_a(PB06a)_R5,1,4,4.0,0.0
PEN_b(PB06b)_R7,PEN_a(PB06a)_R2,0,0,0.0,0.0
PEN_b(PB06b)_R7,PEN_a(PB06a)_R7,2,9,4.5,0.7071067811865476
PEN_b(PB06b)_R7,PEN_a(PB06a)_R8,1,6,6.0,0.0
PEN_b(PB06b)_R7,PEN_a(PB06a)_L8,0,0,0.0,0.0
PEN_b(PB06b)_R7,PEN_a(PB06a)_R9,1,11,11.0,0.0
PEN_b(PB06b)_R7,PEN_a(PB06a)_L9,0,0,0.0,0.0
PEN_b(PB06b)_R7,PEN_a(PB06a)_L3,0,0,0.0,0.0
PEN_b(PB06b)_R7,PEN_a(PB06a)_L5,0,0,0.0,0.0
PEN_b(PB06b)_R7,PEN_b(PB06b)_L4,0,0,0.0,0.0
PEN_b(PB06b)_R7,PEN_b(PB06b)_R4,2,20,10.0,2.8284271247461903
PEN_b(PB06b)_R7,PEN_b(PB06b)_L6,0,0,0.0,0.0
PEN_b(PB06b)_R7,PEN_b(PB06b)_R2,1,14,14.0,0.0
PEN_b(PB06b)_R7,PEN_b(PB06b)_R5,1,21,21.0,0.0
PEN_b(PB06b)_R7,PEN_b(PB06b)_R6,2,20,10.0,2.8284271247461903
PEN_b(PB06b)_R7,PEN_b(PB06b)_R3,1,16,16.0,0.0
PEN_b(PB06b)_R7,PEN_b(PB06b)_R8,1,24,24.0,0.0
PEN_b(PB06b)_R7,PEN_b(PB06b)_R9,2,31,15.5,2.1213203435596424
PEN_b(PB06b)_R7,PEN_b(PB06b)_L9,0,0,0.0,0.0
PEN_b(PB06b)_R7,PEN_b(PB06b)_L7,0,0,0.0,0.0
PEN_b(PB06b)_R7,PEN_b(PB06b)_L8,0,0,0.0,0.0
PEN_b(PB06b)_R7,PEN_b(PB06b)_L5,2,10,5.0,5.656854249492381
PEN_b(PB06b)_R7,PEN_b(PB06b)_L2,0,0,0.0,0.0
PEN_b(PB06b)_R7,PEN_b(PB06b)_L3,0,0,0.0,0.0
PEN_b(PB06b)_R2,EPG(PB08)_L3,0,0,0.0,0.0
PEN_b(PB06b)_R2,EPG(PB08)_R4,0,0,0.0,0.0
PEN_b(PB06b)_R2,EPG(PB08)_R3,0,0,0.0,0.0
PEN_b(PB06b)_R2,EPG(PB08)_L6,0,0,0.0,0.0
PEN_b(PB06b)_R2,EPG(PB08)_L1,2,168,84.0,2.8284271247461903
PEN_b(PB06b)_R2,EPG(PB08)_R2,2,3,1.5,0.7071067811865476
PEN_b(PB06b)_R2,EPG(PB08)_L4,0,0,0.0,0.0
PEN_b(PB06b)_R2,EPG(PB08)_R5,0,0,0.0,0.0
PEN_b(PB06b)_R2,EPG(PB08)_L5,0,0,0.0,0.0
PEN_b(PB06b)_R2,EPG(PB08)_L2,2,3,1.5,0.7071067811865476
PEN_b(PB06b)_R2,EPG(PB08)_R6,0,0,0.0,0.0
PEN_b(PB06b)_R2,EPG(PB08)_R7,1,1,1.0,0.0
PEN_b(PB06b)_R2,EPG(PB08)_L7,1,4,4.0,0.0
PEN_b(PB06b)_R2,EPG(PB08)_L8,4,73,18.25,14.908051515875574
PEN_b(PB06b)_R2,EPG(PB08)_R8,4,43,10.75,9.215023964519391
PEN_b(PB06b)_R2,EPG(PB08)_R1,2,157,78.5,6.363961030678928
PEN_b(PB06b)_R2,Delta7(PB15)_L6R3_L,0,0,0.0,0.0
PEN_b(PB06b)_R2,Delta7(PB15)_L5R4_L,0,0,0.0,0.0
PEN_b(PB06b)_R2,Delta7(PB15)_L4R5_R,0,0,0.0,0.0
PEN_b(PB06b)_R2,Delta7(PB15)_L1L9R8_R,0,0,0.0,0.0
PEN_b(PB06b)_R2,Delta7(PB15)_L8R1R9_L,0,0,0.0,0.0
PEN_b(PB06b)_R2,Delta7(PB15)_L3R6_R,1,1,1.0,0.0
PEN_b(PB06b)_R2,Delta7(PB15)_L7R2_L,0,0,0.0,0.0
PEN_b(PB06b)_R2,Delta7(PB15)_L2R7_R,0,0,0.0,0.0
PEN_b(PB06b)_R2,PEG(PB07)_R1,1,1,1.0,0.0
PEN_b(PB06b)_R2,PEG(PB07)_L5,0,0,0.0,0.0
PEN_b(PB06b)_R2,PEG(PB07)_L6,0,0,0.0,0.0
PEN_b(PB06b)_R2,PEG(PB07)_R6,0,0,0.0,0.0
PEN_b(PB06b)_R2,PEG(PB07)_R4,0,0,0.0,0.0
PEN_b(PB06b)_R2,PEG(PB07)_L4,0,0,0.0,0.0
PEN_b(PB06b)_R2,PEG(PB07)_R2,1,1,1.0,0.0
PEN_b(PB06b)_R2,PEG(PB07)_R3,0,0,0.0,0.0
PEN_b(PB06b)_R2,PEG(PB07)_L3,0,0,0.0,0.0
PEN_b(PB06b)_R2,PEG(PB07)_R7,0,0,0.0,0.0
PEN_b(PB06b)_R2,PEG(PB07)_L7,0,0,0.0,0.0
PEN_b(PB06b)_R2,PEG(PB07)_L8,0,0,0.0,0.0
PEN_b(PB06b)_R2,PEG(PB07)_R9,0,0,0.0,0.0
PEN_b(PB06b)_R2,PEG(PB07)_L1,1,2,2.0,0.0
PEN_b(PB06b)_R2,PEG(PB07)_L2,0,0,0.0,0.0
PEN_b(PB06b)_R2,PEG(PB07)_L9,0,0,0.0,0.0
PEN_b(PB06b)_R2,PEG(PB07)_R5,0,0,0.0,0.0
PEN_b(PB06b)_R2,PEG(PB07)_R8,0,0,0.0,0.0
PEN_b(PB06b)_R2,PEN_a(PB06a)_L7,0,0,0.0,0.0
PEN_b(PB06b)_R2,PEN_a(PB06a)_R4,2,16,8.0,2.8284271247461903
PEN_b(PB06b)_R2,PEN_a(PB06a)_R3,1,5,5.0,0.0
PEN_b(PB06b)_R2,PEN_a(PB06a)_L2,1,1,1.0,0.0
PEN_b(PB06b)_R2,PEN_a(PB06a)_R6,2,8,4.0,1.4142135623730951
PEN_b(PB06b)_R2,PEN_a(PB06a)_L6,0,0,0.0,0.0
PEN_b(PB06b)_R2,PEN_a(PB06a)_L4,0,0,0.0,0.0
PEN_b(PB06b)_R2,PEN_a(PB06a)_R5,1,5,5.0,0.0
PEN_b(PB06b)_R2,PEN_a(PB06a)_R2,3,15,5.0,4.58257569495584
PEN_b(PB06b)_R2,PEN_a(PB06a)_R7,1,9,9.0,0.0
PEN_b(PB06b)_R2,PEN_a(PB06a)_R8,1,15,15.0,0.0
PEN_b(PB06b)_R2,PEN_a(PB06a)_L8,0,0,0.0,0.0
PEN_b(PB06b)_R2,PEN_a(PB06a)_R9,1,10,10.0,0.0
PEN_b(PB06b)_R2,PEN_a(PB06a)_L9,1,1,1.0,0.0
PEN_b(PB06b)_R2,PEN_a(PB06a)_L3,1,1,1.0,0.0
PEN_b(PB06b)_R2,PEN_a(PB06a)_L5,0,0,0.0,0.0
PEN_b(PB06b)_R2,PEN_b(PB06b)_L4,0,0,0.0,0.0
PEN_b(PB06b)_R2,PEN_b(PB06b)_R4,2,34,17.0,1.4142135623730951
PEN_b(PB06b)_R2,PEN_b(PB06b)_L6,0,0,0.0,0.0
PEN_b(PB06b)_R2,PEN_b(PB06b)_R7,1,18,18.0,0.0
PEN_b(PB06b)_R2,PEN_b(PB06b)_R5,1,19,19.0,0.0
PEN_b(PB06b)_R2,PEN_b(PB06b)_R6,2,22,11.0,0.0
PEN_b(PB06b)_R2,PEN_b(PB06b)_R3,1,14,14.0,0.0
PEN_b(PB06b)_R2,PEN_b(PB06b)_R8,1,27,27.0,0.0
PEN_b(PB06b)_R2,PEN_b(PB06b)_R9,2,31,15.5,0.7071067811865476
PEN_b(PB06b)_R2,PEN_b(PB06b)_L9,0,0,0.0,0.0
PEN_b(PB06b)_R2,PEN_b(PB06b)_L7,0,0,0.0,0.0
PEN_b(PB06b)_R2,PEN_b(PB06b)_L8,0,0,0.0,0.0
PEN_b(PB06b)_R2,PEN_b(PB06b)_L5,0,0,0.0,0.0
PEN_b(PB06b)_R2,PEN_b(PB06b)_L2,1,10,10.0,0.0
PEN_b(PB06b)_R2,PEN_b(PB06b)_L3,0,0,0.0,0.0
PEN_b(PB06b)_R5,EPG(PB08)_L3,0,0,0.0,0.0
PEN_b(PB06b)_R5,EPG(PB08)_R4,3,233,77.66666666666667,15.88500340992514
PEN_b(PB06b)_R5,EPG(PB08)_R3,3,68,22.666666666666668,16.802777548171413
PEN_b(PB06b)_R5,EPG(PB08)_L6,3,234,78.0,14.933184523068078
PEN_b(PB06b)_R5,EPG(PB08)_L1,0,0,0.0,0.0
PEN_b(PB06b)_R5,EPG(PB08)_R2,0,0,0.0,0.0
PEN_b(PB06b)_R5,EPG(PB08)_L4,0,0,0.0,0.0
PEN_b(PB06b)_R5,EPG(PB08)_R5,0,0,0.0,0.0
PEN_b(PB06b)_R5,EPG(PB08)_L5,2,37,18.5,12.020815280171307
PEN_b(PB06b)_R5,EPG(PB08)_L2,0,0,0.0,0.0
PEN_b(PB06b)_R5,EPG(PB08)_R6,0,0,0.0,0.0
PEN_b(PB06b)_R5,EPG(PB08)_R7,0,0,0.0,0.0
PEN_b(PB06b)_R5,EPG(PB08)_L7,0,0,0.0,0.0
PEN_b(PB06b)_R5,EPG(PB08)_L8,0,0,0.0,0.0
PEN_b(PB06b)_R5,EPG(PB08)_R8,0,0,0.0,0.0
PEN_b(PB06b)_R5,EPG(PB08)_R1,0,0,0.0,0.0
PEN_b(PB06b)_R5,Delta7(PB15)_L6R3_L,0,0,0.0,0.0
PEN_b(PB06b)_R5,Delta7(PB15)_L5R4_L,0,0,0.0,0.0
PEN_b(PB06b)_R5,Delta7(PB15)_L4R5_R,0,0,0.0,0.0
PEN_b(PB06b)_R5,Delta7(PB15)_L1L9R8_R,0,0,0.0,0.0
PEN_b(PB06b)_R5,Delta7(PB15)_L8R1R9_L,0,0,0.0,0.0
PEN_b(PB06b)_R5,Delta7(PB15)_L3R6_R,0,0,0.0,0.0
PEN_b(PB06b)_R5,Delta7(PB15)_L7R2_L,0,0,0.0,0.0
PEN_b(PB06b)_R5,Delta7(PB15)_L2R7_R,0,0,0.0,0.0
PEN_b(PB06b)_R5,PEG(PB07)_R1,0,0,0.0,0.0
PEN_b(PB06b)_R5,PEG(PB07)_L5,0,0,0.0,0.0
PEN_b(PB06b)_R5,PEG(PB07)_L6,1,4,4.0,0.0
PEN_b(PB06b)_R5,PEG(PB07)_R6,0,0,0.0,0.0
PEN_b(PB06b)_R5,PEG(PB07)_R4,1,5,5.0,0.0
PEN_b(PB06b)_R5,PEG(PB07)_L4,0,0,0.0,0.0
PEN_b(PB06b)_R5,PEG(PB07)_R2,0,0,0.0,0.0
PEN_b(PB06b)_R5,PEG(PB07)_R3,0,0,0.0,0.0
PEN_b(PB06b)_R5,PEG(PB07)_L3,0,0,0.0,0.0
PEN_b(PB06b)_R5,PEG(PB07)_R7,0,0,0.0,0.0
PEN_b(PB06b)_R5,PEG(PB07)_L7,1,1,1.0,0.0
PEN_b(PB06b)_R5,PEG(PB07)_L8,0,0,0.0,0.0
PEN_b(PB06b)_R5,PEG(PB07)_R9,0,0,0.0,0.0
PEN_b(PB06b)_R5,PEG(PB07)_L1,0,0,0.0,0.0
PEN_b(PB06b)_R5,PEG(PB07)_L2,0,0,0.0,0.0
PEN_b(PB06b)_R5,PEG(PB07)_L9,0,0,0.0,0.0
PEN_b(PB06b)_R5,PEG(PB07)_R5,0,0,0.0,0.0
PEN_b(PB06b)_R5,PEG(PB07)_R8,0,0,0.0,0.0
PEN_b(PB06b)_R5,PEN_a(PB06a)_L7,1,1,1.0,0.0
PEN_b(PB06b)_R5,PEN_a(PB06a)_R4,2,32,16.0,1.4142135623730951
PEN_b(PB06b)_R5,PEN_a(PB06a)_R3,1,6,6.0,0.0
PEN_b(PB06b)_R5,PEN_a(PB06a)_L2,0,0,0.0,0.0
PEN_b(PB06b)_R5,PEN_a(PB06a)_R6,3,25,8.333333333333334,7.023769168568492
PEN_b(PB06b)_R5,PEN_a(PB06a)_L6,0,0,0.0,0.0
PEN_b(PB06b)_R5,PEN_a(PB06a)_L4,0,0,0.0,0.0
PEN_b(PB06b)_R5,PEN_a(PB06a)_R5,2,19,9.5,10.606601717798213
PEN_b(PB06b)_R5,PEN_a(PB06a)_R2,1,11,11.0,0.0
PEN_b(PB06b)_R5,PEN_a(PB06a)_R7,1,19,19.0,0.0
PEN_b(PB06b)_R5,PEN_a(PB06a)_R8,1,11,11.0,0.0
PEN_b(PB06b)_R5,PEN_a(PB06a)_L8,0,0,0.0,0.0
PEN_b(PB06b)_R5,PEN_a(PB06a)_R9,1,17,17.0,0.0
PEN_b(PB06b)_R5,PEN_a(PB06a)_L9,0,0,0.0,0.0
PEN_b(PB06b)_R5,PEN_a(PB06a)_L3,0,0,0.0,0.0
PEN_b(PB06b)_R5,PEN_a(PB06a)_L5,0,0,0.0,0.0
PEN_b(PB06b)_R5,PEN_b(PB06b)_L4,0,0,0.0,0.0
PEN_b(PB06b)_R5,PEN_b(PB06b)_R4,2,16,8.0,2.8284271247461903
PEN_b(PB06b)_R5,PEN_b(PB06b)_L6,1,3,3.0,0.0
PEN_b(PB06b)_R5,PEN_b(PB06b)_R7,1,25,25.0,0.0
PEN_b(PB06b)_R5,PEN_b(PB06b)_R2,1,21,21.0,0.0
PEN_b(PB06b)_R5,PEN_b(PB06b)_R6,3,25,8.333333333333334,6.506407098647712
PEN_b(PB06b)_R5,PEN_b(PB06b)_R3,1,24,24.0,0.0
PEN_b(PB06b)_R5,PEN_b(PB06b)_R8,1,27,27.0,0.0
PEN_b(PB06b)_R5,PEN_b(PB06b)_R9,2,58,29.0,15.556349186104045
PEN_b(PB06b)_R5,PEN_b(PB06b)_L9,0,0,0.0,0.0
PEN_b(PB06b)_R5,PEN_b(PB06b)_L7,1,13,13.0,0.0
PEN_b(PB06b)_R5,PEN_b(PB06b)_L8,0,0,0.0,0.0
PEN_b(PB06b)_R5,PEN_b(PB06b)_L5,0,0,0.0,0.0
PEN_b(PB06b)_R5,PEN_b(PB06b)_L2,0,0,0.0,0.0
PEN_b(PB06b)_R5,PEN_b(PB06b)_L3,0,0,0.0,0.0
PEN_b(PB06b)_R6,EPG(PB08)_L3,0,0,0.0,0.0
PEN_b(PB06b)_R6,EPG(PB08)_R4,6,65,10.833333333333334,9.368386556214825
PEN_b(PB06b)_R6,EPG(PB08)_R3,1,1,1.0,0.0
PEN_b(PB06b)_R6,EPG(PB08)_L6,4,6,1.5,0.5773502691896257
PEN_b(PB06b)_R6,EPG(PB08)_L1,0,0,0.0,0.0
PEN_b(PB06b)_R6,EPG(PB08)_R2,0,0,0.0,0.0
PEN_b(PB06b)_R6,EPG(PB08)_L4,6,62,10.333333333333334,4.457203906785808
PEN_b(PB06b)_R6,EPG(PB08)_R5,6,230,38.333333333333336,6.153589738247641
PEN_b(PB06b)_R6,EPG(PB08)_L5,6,186,31.0,11.64474130240771
PEN_b(PB06b)_R6,EPG(PB08)_L2,0,0,0.0,0.0
PEN_b(PB06b)_R6,EPG(PB08)_R6,5,11,2.2,1.3038404810405297
PEN_b(PB06b)_R6,EPG(PB08)_R7,0,0,0.0,0.0
PEN_b(PB06b)_R6,EPG(PB08)_L7,0,0,0.0,0.0
PEN_b(PB06b)_R6,EPG(PB08)_L8,0,0,0.0,0.0
PEN_b(PB06b)_R6,EPG(PB08)_R8,0,0,0.0,0.0
PEN_b(PB06b)_R6,EPG(PB08)_R1,0,0,0.0,0.0
PEN_b(PB06b)_R6,Delta7(PB15)_L6R3_L,0,0,0.0,0.0
PEN_b(PB06b)_R6,Delta7(PB15)_L5R4_L,0,0,0.0,0.0
PEN_b(PB06b)_R6,Delta7(PB15)_L4R5_R,0,0,0.0,0.0
PEN_b(PB06b)_R6,Delta7(PB15)_L1L9R8_R,0,0,0.0,0.0
PEN_b(PB06b)_R6,Delta7(PB15)_L8R1R9_L,0,0,0.0,0.0
PEN_b(PB06b)_R6,Delta7(PB15)_L3R6_R,0,0,0.0,0.0
PEN_b(PB06b)_R6,Delta7(PB15)_L7R2_L,0,0,0.0,0.0
PEN_b(PB06b)_R6,Delta7(PB15)_L2R7_R,0,0,0.0,0.0
PEN_b(PB06b)_R6,PEG(PB07)_R1,0,0,0.0,0.0
PEN_b(PB06b)_R6,PEG(PB07)_L5,2,4,2.0,0.0
PEN_b(PB06b)_R6,PEG(PB07)_L6,0,0,0.0,0.0
PEN_b(PB06b)_R6,PEG(PB07)_R6,0,0,0.0,0.0
PEN_b(PB06b)_R6,PEG(PB07)_R4,0,0,0.0,0.0
PEN_b(PB06b)_R6,PEG(PB07)_L4,1,2,2.0,0.0
PEN_b(PB06b)_R6,PEG(PB07)_R2,0,0,0.0,0.0
PEN_b(PB06b)_R6,PEG(PB07)_R3,0,0,0.0,0.0
PEN_b(PB06b)_R6,PEG(PB07)_L3,0,0,0.0,0.0
PEN_b(PB06b)_R6,PEG(PB07)_R7,0,0,0.0,0.0
PEN_b(PB06b)_R6,PEG(PB07)_L7,0,0,0.0,0.0
PEN_b(PB06b)_R6,PEG(PB07)_L8,0,0,0.0,0.0
PEN_b(PB06b)_R6,PEG(PB07)_R9,0,0,0.0,0.0
PEN_b(PB06b)_R6,PEG(PB07)_L1,0,0,0.0,0.0
PEN_b(PB06b)_R6,PEG(PB07)_L2,0,0,0.0,0.0
PEN_b(PB06b)_R6,PEG(PB07)_L9,0,0,0.0,0.0
PEN_b(PB06b)_R6,PEG(PB07)_R5,1,5,5.0,0.0
PEN_b(PB06b)_R6,PEG(PB07)_R8,0,0,0.0,0.0
PEN_b(PB06b)_R6,PEN_a(PB06a)_L7,1,1,1.0,0.0
PEN_b(PB06b)_R6,PEN_a(PB06a)_R4,4,28,7.0,2.70801280154532
PEN_b(PB06b)_R6,PEN_a(PB06a)_R3,2,6,3.0,1.4142135623730951
PEN_b(PB06b)_R6,PEN_a(PB06a)_L2,0,0,0.0,0.0
PEN_b(PB06b)_R6,PEN_a(PB06a)_R6,8,31,3.875,1.8850918886280925
PEN_b(PB06b)_R6,PEN_a(PB06a)_L6,4,11,2.75,1.707825127659933
PEN_b(PB06b)_R6,PEN_a(PB06a)_L4,0,0,0.0,0.0
PEN_b(PB06b)_R6,PEN_a(PB06a)_R5,2,12,6.0,2.8284271247461903
PEN_b(PB06b)_R6,PEN_a(PB06a)_R2,2,5,2.5,0.7071067811865476
PEN_b(PB06b)_R6,PEN_a(PB06a)_R7,3,12,4.0,3.0
PEN_b(PB06b)_R6,PEN_a(PB06a)_R8,2,17,8.5,3.5355339059327378
PEN_b(PB06b)_R6,PEN_a(PB06a)_L8,0,0,0.0,0.0
PEN_b(PB06b)_R6,PEN_a(PB06a)_R9,2,14,7.0,5.656854249492381
PEN_b(PB06b)_R6,PEN_a(PB06a)_L9,0,0,0.0,0.0
PEN_b(PB06b)_R6,PEN_a(PB06a)_L3,0,0,0.0,0.0
PEN_b(PB06b)_R6,PEN_a(PB06a)_L5,0,0,0.0,0.0
PEN_b(PB06b)_R6,PEN_b(PB06b)_L4,0,0,0.0,0.0
PEN_b(PB06b)_R6,PEN_b(PB06b)_R4,4,66,16.5,1.2909944487358056
PEN_b(PB06b)_R6,PEN_b(PB06b)_L6,4,25,6.25,2.5
PEN_b(PB06b)_R6,PEN_b(PB06b)_R7,2,15,7.5,3.5355339059327378
PEN_b(PB06b)_R6,PEN_b(PB06b)_R2,2,18,9.0,2.8284271247461903
PEN_b(PB06b)_R6,PEN_b(PB06b)_R5,2,26,13.0,5.656854249492381
PEN_b(PB06b)_R6,PEN_b(PB06b)_R3,2,10,5.0,1.4142135623730951
PEN_b(PB06b)_R6,PEN_b(PB06b)_R8,2,42,21.0,4.242640687119285
PEN_b(PB06b)_R6,PEN_b(PB06b)_R9,4,30,7.5,1.9148542155126762
PEN_b(PB06b)_R6,PEN_b(PB06b)_L9,0,0,0.0,0.0
PEN_b(PB06b)_R6,PEN_b(PB06b)_L7,2,3,1.5,0.7071067811865476
PEN_b(PB06b)_R6,PEN_b(PB06b)_L8,0,0,0.0,0.0
PEN_b(PB06b)_R6,PEN_b(PB06b)_L5,1,2,2.0,0.0
PEN_b(PB06b)_R6,PEN_b(PB06b)_L2,0,0,0.0,0.0
PEN_b(PB06b)_R6,PEN_b(PB06b)_L3,0,0,0.0,0.0
PEN_b(PB06b)_R3,EPG(PB08)_L3,0,0,0.0,0.0
PEN_b(PB06b)_R3,EPG(PB08)_R4,0,0,0.0,0.0
PEN_b(PB06b)_R3,EPG(PB08)_R3,2,10,5.0,2.8284271247461903
PEN_b(PB06b)_R3,EPG(PB08)_L6,0,0,0.0,0.0
PEN_b(PB06b)_R3,EPG(PB08)_L1,0,0,0.0,0.0
PEN_b(PB06b)_R3,EPG(PB08)_R2,2,146,73.0,0.0
PEN_b(PB06b)_R3,EPG(PB08)_L4,0,0,0.0,0.0
PEN_b(PB06b)_R3,EPG(PB08)_R5,0,0,0.0,0.0
PEN_b(PB06b)_R3,EPG(PB08)_L5,0,0,0.0,0.0
PEN_b(PB06b)_R3,EPG(PB08)_L2,0,0,0.0,0.0
PEN_b(PB06b)_R3,EPG(PB08)_R6,0,0,0.0,0.0
PEN_b(PB06b)_R3,EPG(PB08)_R7,0,0,0.0,0.0
PEN_b(PB06b)_R3,EPG(PB08)_L7,3,95,31.666666666666668,19.857828011475306
PEN_b(PB06b)_R3,EPG(PB08)_L8,4,234,58.5,11.67618659209133
PEN_b(PB06b)_R3,EPG(PB08)_R8,0,0,0.0,0.0
PEN_b(PB06b)_R3,EPG(PB08)_R1,2,49,24.5,17.67766952966369
PEN_b(PB06b)_R3,Delta7(PB15)_L6R3_L,0,0,0.0,0.0
PEN_b(PB06b)_R3,Delta7(PB15)_L5R4_L,0,0,0.0,0.0
PEN_b(PB06b)_R3,Delta7(PB15)_L4R5_R,0,0,0.0,0.0
PEN_b(PB06b)_R3,Delta7(PB15)_L1L9R8_R,1,1,1.0,0.0
PEN_b(PB06b)_R3,Delta7(PB15)_L8R1R9_L,1,1,1.0,0.0
PEN_b(PB06b)_R3,Delta7(PB15)_L3R6_R,0,0,0.0,0.0
PEN_b(PB06b)_R3,Delta7(PB15)_L7R2_L,0,0,0.0,0.0
PEN_b(PB06b)_R3,Delta7(PB15)_L2R7_R,0,0,0.0,0.0
PEN_b(PB06b)_R3,PEG(PB07)_R1,0,0,0.0,0.0
PEN_b(PB06b)_R3,PEG(PB07)_L5,0,0,0.0,0.0
PEN_b(PB06b)_R3,PEG(PB07)_L6,0,0,0.0,0.0
PEN_b(PB06b)_R3,PEG(PB07)_R6,0,0,0.0,0.0
PEN_b(PB06b)_R3,PEG(PB07)_R4,0,0,0.0,0.0
PEN_b(PB06b)_R3,PEG(PB07)_L4,0,0,0.0,0.0
PEN_b(PB06b)_R3,PEG(PB07)_R2,1,1,1.0,0.0
PEN_b(PB06b)_R3,PEG(PB07)_R3,0,0,0.0,0.0
PEN_b(PB06b)_R3,PEG(PB07)_L3,0,0,0.0,0.0
PEN_b(PB06b)_R3,PEG(PB07)_R7,0,0,0.0,0.0
PEN_b(PB06b)_R3,PEG(PB07)_L7,0,0,0.0,0.0
PEN_b(PB06b)_R3,PEG(PB07)_L8,1,3,3.0,0.0
PEN_b(PB06b)_R3,PEG(PB07)_R9,0,0,0.0,0.0
PEN_b(PB06b)_R3,PEG(PB07)_L1,0,0,0.0,0.0
PEN_b(PB06b)_R3,PEG(PB07)_L2,0,0,0.0,0.0
PEN_b(PB06b)_R3,PEG(PB07)_L9,0,0,0.0,0.0
PEN_b(PB06b)_R3,PEG(PB07)_R5,0,0,0.0,0.0
PEN_b(PB06b)_R3,PEG(PB07)_R8,0,0,0.0,0.0
PEN_b(PB06b)_R3,PEN_a(PB06a)_L7,0,0,0.0,0.0
PEN_b(PB06b)_R3,PEN_a(PB06a)_R4,2,11,5.5,0.7071067811865476
PEN_b(PB06b)_R3,PEN_a(PB06a)_R3,2,7,3.5,2.1213203435596424
PEN_b(PB06b)_R3,PEN_a(PB06a)_L2,0,0,0.0,0.0
PEN_b(PB06b)_R3,PEN_a(PB06a)_R6,2,9,4.5,0.7071067811865476
PEN_b(PB06b)_R3,PEN_a(PB06a)_L6,0,0,0.0,0.0
PEN_b(PB06b)_R3,PEN_a(PB06a)_L4,0,0,0.0,0.0
PEN_b(PB06b)_R3,PEN_a(PB06a)_R5,1,8,8.0,0.0
PEN_b(PB06b)_R3,PEN_a(PB06a)_R2,1,10,10.0,0.0
PEN_b(PB06b)_R3,PEN_a(PB06a)_R7,1,12,12.0,0.0
PEN_b(PB06b)_R3,PEN_a(PB06a)_R8,1,4,4.0,0.0
PEN_b(PB06b)_R3,PEN_a(PB06a)_L8,0,0,0.0,0.0
PEN_b(PB06b)_R3,PEN_a(PB06a)_R9,1,3,3.0,0.0
PEN_b(PB06b)_R3,PEN_a(PB06a)_L9,1,4,4.0,0.0
PEN_b(PB06b)_R3,PEN_a(PB06a)_L3,0,0,0.0,0.0
PEN_b(PB06b)_R3,PEN_a(PB06a)_L5,0,0,0.0,0.0
PEN_b(PB06b)_R3,PEN_b(PB06b)_L4,0,0,0.0,0.0
PEN_b(PB06b)_R3,PEN_b(PB06b)_R4,2,22,11.0,0.0
PEN_b(PB06b)_R3,PEN_b(PB06b)_L6,0,0,0.0,0.0
PEN_b(PB06b)_R3,PEN_b(PB06b)_R7,1,17,17.0,0.0
PEN_b(PB06b)_R3,PEN_b(PB06b)_R2,2,18,9.0,11.313708498984761
PEN_b(PB06b)_R3,PEN_b(PB06b)_R5,1,28,28.0,0.0
PEN_b(PB06b)_R3,PEN_b(PB06b)_R6,2,7,3.5,0.7071067811865476
PEN_b(PB06b)_R3,PEN_b(PB06b)_R8,1,22,22.0,0.0
PEN_b(PB06b)_R3,PEN_b(PB06b)_R9,2,40,20.0,2.8284271247461903
PEN_b(PB06b)_R3,PEN_b(PB06b)_L9,2,9,4.5,2.1213203435596424
PEN_b(PB06b)_R3,PEN_b(PB06b)_L7,0,0,0.0,0.0
PEN_b(PB06b)_R3,PEN_b(PB06b)_L8,0,0,0.0,0.0
PEN_b(PB06b)_R3,PEN_b(PB06b)_L5,0,0,0.0,0.0
PEN_b(PB06b)_R3,PEN_b(PB06b)_L2,0,0,0.0,0.0
PEN_b(PB06b)_R3,PEN_b(PB06b)_L3,0,0,0.0,0.0
PEN_b(PB06b)_R8,EPG(PB08)_L3,3,203,67.66666666666667,15.37313674346694
PEN_b(PB06b)_R8,EPG(PB08)_R4,0,0,0.0,0.0
PEN_b(PB06b)_R8,EPG(PB08)_R3,0,0,0.0,0.0
PEN_b(PB06b)_R8,EPG(PB08)_L6,0,0,0.0,0.0
PEN_b(PB06b)_R8,EPG(PB08)_L1,1,2,2.0,0.0
PEN_b(PB06b)_R8,EPG(PB08)_R2,0,0,0.0,0.0
PEN_b(PB06b)_R8,EPG(PB08)_L4,1,4,4.0,0.0
PEN_b(PB06b)_R8,EPG(PB08)_R5,0,0,0.0,0.0
PEN_b(PB06b)_R8,EPG(PB08)_L5,0,0,0.0,0.0
PEN_b(PB06b)_R8,EPG(PB08)_L2,2,47,23.5,6.363961030678928
PEN_b(PB06b)_R8,EPG(PB08)_R6,3,56,18.666666666666668,11.718930554164631
PEN_b(PB06b)_R8,EPG(PB08)_R7,3,189,63.0,6.244997998398398
PEN_b(PB06b)_R8,EPG(PB08)_L7,0,0,0.0,0.0
PEN_b(PB06b)_R8,EPG(PB08)_L8,0,0,0.0,0.0
PEN_b(PB06b)_R8,EPG(PB08)_R8,4,25,6.25,7.88986691902975
PEN_b(PB06b)_R8,EPG(PB08)_R1,0,0,0.0,0.0
PEN_b(PB06b)_R8,Delta7(PB15)_L6R3_L,0,0,0.0,0.0
PEN_b(PB06b)_R8,Delta7(PB15)_L5R4_L,0,0,0.0,0.0
PEN_b(PB06b)_R8,Delta7(PB15)_L4R5_R,0,0,0.0,0.0
PEN_b(PB06b)_R8,Delta7(PB15)_L1L9R8_R,0,0,0.0,0.0
PEN_b(PB06b)_R8,Delta7(PB15)_L8R1R9_L,0,0,0.0,0.0
PEN_b(PB06b)_R8,Delta7(PB15)_L3R6_R,0,0,0.0,0.0
PEN_b(PB06b)_R8,Delta7(PB15)_L7R2_L,0,0,0.0,0.0
PEN_b(PB06b)_R8,Delta7(PB15)_L2R7_R,0,0,0.0,0.0
PEN_b(PB06b)_R8,PEG(PB07)_R1,0,0,0.0,0.0
PEN_b(PB06b)_R8,PEG(PB07)_L5,0,0,0.0,0.0
PEN_b(PB06b)_R8,PEG(PB07)_L6,0,0,0.0,0.0
PEN_b(PB06b)_R8,PEG(PB07)_R6,0,0,0.0,0.0
PEN_b(PB06b)_R8,PEG(PB07)_R4,0,0,0.0,0.0
PEN_b(PB06b)_R8,PEG(PB07)_L4,0,0,0.0,0.0
PEN_b(PB06b)_R8,PEG(PB07)_R2,0,0,0.0,0.0
PEN_b(PB06b)_R8,PEG(PB07)_R3,0,0,0.0,0.0
PEN_b(PB06b)_R8,PEG(PB07)_L3,1,2,2.0,0.0
PEN_b(PB06b)_R8,PEG(PB07)_R7,1,1,1.0,0.0
PEN_b(PB06b)_R8,PEG(PB07)_L7,0,0,0.0,0.0
PEN_b(PB06b)_R8,PEG(PB07)_L8,0,0,0.0,0.0
PEN_b(PB06b)_R8,PEG(PB07)_R9,0,0,0.0,0.0
PEN_b(PB06b)_R8,PEG(PB07)_L1,0,0,0.0,0.0
PEN_b(PB06b)_R8,PEG(PB07)_L2,0,0,0.0,0.0
PEN_b(PB06b)_R8,PEG(PB07)_L9,0,0,0.0,0.0
PEN_b(PB06b)_R8,PEG(PB07)_R5,0,0,0.0,0.0
PEN_b(PB06b)_R8,PEG(PB07)_R8,0,0,0.0,0.0
PEN_b(PB06b)_R8,PEN_a(PB06a)_L7,0,0,0.0,0.0
PEN_b(PB06b)_R8,PEN_a(PB06a)_R4,2,18,9.0,0.0
PEN_b(PB06b)_R8,PEN_a(PB06a)_R3,1,7,7.0,0.0
PEN_b(PB06b)_R8,PEN_a(PB06a)_L2,0,0,0.0,0.0
PEN_b(PB06b)_R8,PEN_a(PB06a)_R6,2,22,11.0,2.8284271247461903
PEN_b(PB06b)_R8,PEN_a(PB06a)_L6,0,0,0.0,0.0
PEN_b(PB06b)_R8,PEN_a(PB06a)_L4,0,0,0.0,0.0
PEN_b(PB06b)_R8,PEN_a(PB06a)_R5,1,9,9.0,0.0
PEN_b(PB06b)_R8,PEN_a(PB06a)_R2,1,9,9.0,0.0
PEN_b(PB06b)_R8,PEN_a(PB06a)_R7,1,8,8.0,0.0
PEN_b(PB06b)_R8,PEN_a(PB06a)_R8,2,14,7.0,7.0710678118654755
PEN_b(PB06b)_R8,PEN_a(PB06a)_L8,0,0,0.0,0.0
PEN_b(PB06b)_R8,PEN_a(PB06a)_R9,2,16,8.0,9.899494936611665
PEN_b(PB06b)_R8,PEN_a(PB06a)_L9,0,0,0.0,0.0
PEN_b(PB06b)_R8,PEN_a(PB06a)_L3,0,0,0.0,0.0
PEN_b(PB06b)_R8,PEN_a(PB06a)_L5,0,0,0.0,0.0
PEN_b(PB06b)_R8,PEN_b(PB06b)_L4,2,13,6.5,2.1213203435596424
PEN_b(PB06b)_R8,PEN_b(PB06b)_R4,2,51,25.5,0.7071067811865476
PEN_b(PB06b)_R8,PEN_b(PB06b)_L6,0,0,0.0,0.0
PEN_b(PB06b)_R8,PEN_b(PB06b)_R7,1,20,20.0,0.0
PEN_b(PB06b)_R8,PEN_b(PB06b)_R2,1,26,26.0,0.0
PEN_b(PB06b)_R8,PEN_b(PB06b)_R5,1,26,26.0,0.0
PEN_b(PB06b)_R8,PEN_b(PB06b)_R6,2,19,9.5,0.7071067811865476
PEN_b(PB06b)_R8,PEN_b(PB06b)_R3,1,19,19.0,0.0
PEN_b(PB06b)_R8,PEN_b(PB06b)_R9,2,47,23.5,3.5355339059327378
PEN_b(PB06b)_R8,PEN_b(PB06b)_L9,0,0,0.0,0.0
PEN_b(PB06b)_R8,PEN_b(PB06b)_L7,0,0,0.0,0.0
PEN_b(PB06b)_R8,PEN_b(PB06b)_L8,0,0,0.0,0.0
PEN_b(PB06b)_R8,PEN_b(PB06b)_L5,0,0,0.0,0.0
PEN_b(PB06b)_R8,PEN_b(PB06b)_L2,0,0,0.0,0.0
PEN_b(PB06b)_R8,PEN_b(PB06b)_L3,1,2,2.0,0.0
PEN_b(PB06b)_R9,EPG(PB08)_L3,2,2,1.0,0.0
PEN_b(PB06b)_R9,EPG(PB08)_R4,0,0,0.0,0.0
PEN_b(PB06b)_R9,EPG(PB08)_R3,0,0,0.0,0.0
PEN_b(PB06b)_R9,EPG(PB08)_L6,0,0,0.0,0.0
PEN_b(PB06b)_R9,EPG(PB08)_L1,4,61,15.25,9.945685831890462
PEN_b(PB06b)_R9,EPG(PB08)_R2,0,0,0.0,0.0
PEN_b(PB06b)_R9,EPG(PB08)_L4,0,0,0.0,0.0
PEN_b(PB06b)_R9,EPG(PB08)_R5,0,0,0.0,0.0
PEN_b(PB06b)_R9,EPG(PB08)_L5,0,0,0.0,0.0
PEN_b(PB06b)_R9,EPG(PB08)_L2,4,143,35.75,3.095695936834452
PEN_b(PB06b)_R9,EPG(PB08)_R6,1,2,2.0,0.0
PEN_b(PB06b)_R9,EPG(PB08)_R7,6,90,15.0,8.67179335547152
PEN_b(PB06b)_R9,EPG(PB08)_L7,0,0,0.0,0.0
PEN_b(PB06b)_R9,EPG(PB08)_L8,0,0,0.0,0.0
PEN_b(PB06b)_R9,EPG(PB08)_R8,8,223,27.875,7.019106577254483
PEN_b(PB06b)_R9,EPG(PB08)_R1,0,0,0.0,0.0
PEN_b(PB06b)_R9,Delta7(PB15)_L6R3_L,0,0,0.0,0.0
PEN_b(PB06b)_R9,Delta7(PB15)_L5R4_L,0,0,0.0,0.0
PEN_b(PB06b)_R9,Delta7(PB15)_L4R5_R,0,0,0.0,0.0
PEN_b(PB06b)_R9,Delta7(PB15)_L1L9R8_R,0,0,0.0,0.0
PEN_b(PB06b)_R9,Delta7(PB15)_L8R1R9_L,2,2,1.0,0.0
PEN_b(PB06b)_R9,Delta7(PB15)_L3R6_R,0,0,0.0,0.0
PEN_b(PB06b)_R9,Delta7(PB15)_L7R2_L,0,0,0.0,0.0
PEN_b(PB06b)_R9,Delta7(PB15)_L2R7_R,0,0,0.0,0.0
PEN_b(PB06b)_R9,PEG(PB07)_R1,0,0,0.0,0.0
PEN_b(PB06b)_R9,PEG(PB07)_L5,0,0,0.0,0.0
PEN_b(PB06b)_R9,PEG(PB07)_L6,0,0,0.0,0.0
PEN_b(PB06b)_R9,PEG(PB07)_R6,0,0,0.0,0.0
PEN_b(PB06b)_R9,PEG(PB07)_R4,0,0,0.0,0.0
PEN_b(PB06b)_R9,PEG(PB07)_L4,0,0,0.0,0.0
PEN_b(PB06b)_R9,PEG(PB07)_R2,0,0,0.0,0.0
PEN_b(PB06b)_R9,PEG(PB07)_R3,0,0,0.0,0.0
PEN_b(PB06b)_R9,PEG(PB07)_L3,0,0,0.0,0.0
PEN_b(PB06b)_R9,PEG(PB07)_R7,0,0,0.0,0.0
PEN_b(PB06b)_R9,PEG(PB07)_L7,0,0,0.0,0.0
PEN_b(PB06b)_R9,PEG(PB07)_L8,0,0,0.0,0.0
PEN_b(PB06b)_R9,PEG(PB07)_R9,0,0,0.0,0.0
PEN_b(PB06b)_R9,PEG(PB07)_L1,0,0,0.0,0.0
PEN_b(PB06b)_R9,PEG(PB07)_L2,2,6,3.0,1.4142135623730951
PEN_b(PB06b)_R9,PEG(PB07)_L9,0,0,0.0,0.0
PEN_b(PB06b)_R9,PEG(PB07)_R5,0,0,0.0,0.0
PEN_b(PB06b)_R9,PEG(PB07)_R8,2,6,3.0,1.4142135623730951
PEN_b(PB06b)_R9,PEN_a(PB06a)_L7,0,0,0.0,0.0
PEN_b(PB06b)_R9,PEN_a(PB06a)_R4,4,13,3.25,0.9574271077563381
PEN_b(PB06b)_R9,PEN_a(PB06a)_R3,2,5,2.5,2.1213203435596424
PEN_b(PB06b)_R9,PEN_a(PB06a)_L2,0,0,0.0,0.0
PEN_b(PB06b)_R9,PEN_a(PB06a)_R6,4,15,3.75,0.9574271077563381
PEN_b(PB06b)_R9,PEN_a(PB06a)_L6,0,0,0.0,0.0
PEN_b(PB06b)_R9,PEN_a(PB06a)_L4,0,0,0.0,0.0
PEN_b(PB06b)_R9,PEN_a(PB06a)_R5,2,9,4.5,0.7071067811865476
PEN_b(PB06b)_R9,PEN_a(PB06a)_R2,2,11,5.5,0.7071067811865476
PEN_b(PB06b)_R9,PEN_a(PB06a)_R7,2,16,8.0,1.4142135623730951
PEN_b(PB06b)_R9,PEN_a(PB06a)_R8,3,10,3.3333333333333335,4.041451884327381
PEN_b(PB06b)_R9,PEN_a(PB06a)_L8,0,0,0.0,0.0
PEN_b(PB06b)_R9,PEN_a(PB06a)_R9,5,24,4.8,4.147288270665544
PEN_b(PB06b)_R9,PEN_a(PB06a)_L9,0,0,0.0,0.0
PEN_b(PB06b)_R9,PEN_a(PB06a)_L3,2,4,2.0,1.4142135623730951
PEN_b(PB06b)_R9,PEN_a(PB06a)_L5,0,0,0.0,0.0
PEN_b(PB06b)_R9,PEN_b(PB06b)_L4,0,0,0.0,0.0
PEN_b(PB06b)_R9,PEN_b(PB06b)_R4,4,46,11.5,3.3166247903554
PEN_b(PB06b)_R9,PEN_b(PB06b)_L6,0,0,0.0,0.0
PEN_b(PB06b)_R9,PEN_b(PB06b)_R7,2,35,17.5,0.7071067811865476
PEN_b(PB06b)_R9,PEN_b(PB06b)_R2,2,27,13.5,0.7071067811865476
PEN_b(PB06b)_R9,PEN_b(PB06b)_R5,2,53,26.5,9.192388155425117
PEN_b(PB06b)_R9,PEN_b(PB06b)_R6,4,24,6.0,1.8257418583505538
PEN_b(PB06b)_R9,PEN_b(PB06b)_R3,2,36,18.0,4.242640687119285
PEN_b(PB06b)_R9,PEN_b(PB06b)_R8,2,36,18.0,2.8284271247461903
PEN_b(PB06b)_R9,PEN_b(PB06b)_L9,0,0,0.0,0.0
PEN_b(PB06b)_R9,PEN_b(PB06b)_L7,0,0,0.0,0.0
PEN_b(PB06b)_R9,PEN_b(PB06b)_L8,0,0,0.0,0.0
PEN_b(PB06b)_R9,PEN_b(PB06b)_L5,0,0,0.0,0.0
PEN_b(PB06b)_R9,PEN_b(PB06b)_L2,1,1,1.0,0.0
PEN_b(PB06b)_R9,PEN_b(PB06b)_L3,2,20,10.0,0.0
PEN_b(PB06b)_L9,EPG(PB08)_L3,0,0,0.0,0.0
PEN_b(PB06b)_L9,EPG(PB08)_R4,0,0,0.0,0.0
PEN_b(PB06b)_L9,EPG(PB08)_R3,2,6,3.0,1.4142135623730951
PEN_b(PB06b)_L9,EPG(PB08)_L6,0,0,0.0,0.0
PEN_b(PB06b)_L9,EPG(PB08)_L1,0,0,0.0,0.0
PEN_b(PB06b)_L9,EPG(PB08)_R2,4,138,34.5,5.259911279353167
PEN_b(PB06b)_L9,EPG(PB08)_L4,0,0,0.0,0.0
PEN_b(PB06b)_L9,EPG(PB08)_R5,0,0,0.0,0.0
PEN_b(PB06b)_L9,EPG(PB08)_L5,0,0,0.0,0.0
PEN_b(PB06b)_L9,EPG(PB08)_L2,0,0,0.0,0.0
PEN_b(PB06b)_L9,EPG(PB08)_R6,0,0,0.0,0.0
PEN_b(PB06b)_L9,EPG(PB08)_R7,0,0,0.0,0.0
PEN_b(PB06b)_L9,EPG(PB08)_L7,6,119,19.833333333333332,12.671490309614994
PEN_b(PB06b)_L9,EPG(PB08)_L8,8,321,40.125,4.764076885549662
PEN_b(PB06b)_L9,EPG(PB08)_R8,0,0,0.0,0.0
PEN_b(PB06b)_L9,EPG(PB08)_R1,4,49,12.25,10.468205831628136
PEN_b(PB06b)_L9,Delta7(PB15)_L6R3_L,0,0,0.0,0.0
PEN_b(PB06b)_L9,Delta7(PB15)_L5R4_L,0,0,0.0,0.0
PEN_b(PB06b)_L9,Delta7(PB15)_L4R5_R,0,0,0.0,0.0
PEN_b(PB06b)_L9,Delta7(PB15)_L1L9R8_R,1,1,1.0,0.0
PEN_b(PB06b)_L9,Delta7(PB15)_L8R1R9_L,0,0,0.0,0.0
PEN_b(PB06b)_L9,Delta7(PB15)_L3R6_R,0,0,0.0,0.0
PEN_b(PB06b)_L9,Delta7(PB15)_L7R2_L,0,0,0.0,0.0
PEN_b(PB06b)_L9,Delta7(PB15)_L2R7_R,0,0,0.0,0.0
PEN_b(PB06b)_L9,PEG(PB07)_R1,0,0,0.0,0.0
PEN_b(PB06b)_L9,PEG(PB07)_L5,0,0,0.0,0.0
PEN_b(PB06b)_L9,PEG(PB07)_L6,0,0,0.0,0.0
PEN_b(PB06b)_L9,PEG(PB07)_R6,0,0,0.0,0.0
PEN_b(PB06b)_L9,PEG(PB07)_R4,0,0,0.0,0.0
PEN_b(PB06b)_L9,PEG(PB07)_L4,0,0,0.0,0.0
PEN_b(PB06b)_L9,PEG(PB07)_R2,2,5,2.5,0.7071067811865476
PEN_b(PB06b)_L9,PEG(PB07)_R3,0,0,0.0,0.0
PEN_b(PB06b)_L9,PEG(PB07)_L3,0,0,0.0,0.0
PEN_b(PB06b)_L9,PEG(PB07)_R7,0,0,0.0,0.0
PEN_b(PB06b)_L9,PEG(PB07)_L7,0,0,0.0,0.0
PEN_b(PB06b)_L9,PEG(PB07)_L8,1,2,2.0,0.0
PEN_b(PB06b)_L9,PEG(PB07)_R9,0,0,0.0,0.0
PEN_b(PB06b)_L9,PEG(PB07)_L1,0,0,0.0,0.0
PEN_b(PB06b)_L9,PEG(PB07)_L2,0,0,0.0,0.0
PEN_b(PB06b)_L9,PEG(PB07)_L9,0,0,0.0,0.0
PEN_b(PB06b)_L9,PEG(PB07)_R5,0,0,0.0,0.0
PEN_b(PB06b)_L9,PEG(PB07)_R8,0,0,0.0,0.0
PEN_b(PB06b)_L9,PEN_a(PB06a)_L7,2,17,8.5,0.7071067811865476
PEN_b(PB06b)_L9,PEN_a(PB06a)_R4,0,0,0.0,0.0
PEN_b(PB06b)_L9,PEN_a(PB06a)_R3,2,4,2.0,0.0
PEN_b(PB06b)_L9,PEN_a(PB06a)_L2,2,26,13.0,7.0710678118654755
PEN_b(PB06b)_L9,PEN_a(PB06a)_R6,0,0,0.0,0.0
PEN_b(PB06b)_L9,PEN_a(PB06a)_L6,4,18,4.5,1.7320508075688772
PEN_b(PB06b)_L9,PEN_a(PB06a)_L4,4,14,3.5,2.3804761428476167
PEN_b(PB06b)_L9,PEN_a(PB06a)_R5,0,0,0.0,0.0
PEN_b(PB06b)_L9,PEN_a(PB06a)_R2,0,0,0.0,0.0
PEN_b(PB06b)_L9,PEN_a(PB06a)_R7,0,0,0.0,0.0
PEN_b(PB06b)_L9,PEN_a(PB06a)_R8,0,0,0.0,0.0
PEN_b(PB06b)_L9,PEN_a(PB06a)_L8,2,15,7.5,3.5355339059327378
PEN_b(PB06b)_L9,PEN_a(PB06a)_R9,0,0,0.0,0.0
PEN_b(PB06b)_L9,PEN_a(PB06a)_L9,4,19,4.75,3.774917217635375
PEN_b(PB06b)_L9,PEN_a(PB06a)_L3,2,14,7.0,1.4142135623730951
PEN_b(PB06b)_L9,PEN_a(PB06a)_L5,2,13,6.5,2.1213203435596424
PEN_b(PB06b)_L9,PEN_b(PB06b)_L4,4,38,9.5,4.123105625617661
PEN_b(PB06b)_L9,PEN_b(PB06b)_R4,1,1,1.0,0.0
PEN_b(PB06b)_L9,PEN_b(PB06b)_L6,4,46,11.5,4.509249752822894
PEN_b(PB06b)_L9,PEN_b(PB06b)_R7,0,0,0.0,0.0
PEN_b(PB06b)_L9,PEN_b(PB06b)_R2,0,0,0.0,0.0
PEN_b(PB06b)_L9,PEN_b(PB06b)_R5,0,0,0.0,0.0
PEN_b(PB06b)_L9,PEN_b(PB06b)_R6,0,0,0.0,0.0
PEN_b(PB06b)_L9,PEN_b(PB06b)_R3,2,22,11.0,1.4142135623730951
PEN_b(PB06b)_L9,PEN_b(PB06b)_R8,0,0,0.0,0.0
PEN_b(PB06b)_L9,PEN_b(PB06b)_R9,0,0,0.0,0.0
PEN_b(PB06b)_L9,PEN_b(PB06b)_L7,2,57,28.5,2.1213203435596424
PEN_b(PB06b)_L9,PEN_b(PB06b)_L8,3,35,11.666666666666666,9.451631252505218
PEN_b(PB06b)_L9,PEN_b(PB06b)_L5,2,44,22.0,7.0710678118654755
PEN_b(PB06b)_L9,PEN_b(PB06b)_L2,3,27,9.0,7.211102550927978
PEN_b(PB06b)_L9,PEN_b(PB06b)_L3,2,44,22.0,2.8284271247461903
PEN_b(PB06b)_L7,EPG(PB08)_L3,0,0,0.0,0.0
PEN_b(PB06b)_L7,EPG(PB08)_R4,3,223,74.33333333333333,16.502525059315417
PEN_b(PB06b)_L7,EPG(PB08)_R3,3,88,29.333333333333332,24.440403706431148
PEN_b(PB06b)_L7,EPG(PB08)_L6,3,226,75.33333333333333,15.307950004273378
PEN_b(PB06b)_L7,EPG(PB08)_L1,0,0,0.0,0.0
PEN_b(PB06b)_L7,EPG(PB08)_R2,0,0,0.0,0.0
PEN_b(PB06b)_L7,EPG(PB08)_L4,0,0,0.0,0.0
PEN_b(PB06b)_L7,EPG(PB08)_R5,1,7,7.0,0.0
PEN_b(PB06b)_L7,EPG(PB08)_L5,2,42,21.0,14.142135623730951
PEN_b(PB06b)_L7,EPG(PB08)_L2,0,0,0.0,0.0
PEN_b(PB06b)_L7,EPG(PB08)_R6,0,0,0.0,0.0
PEN_b(PB06b)_L7,EPG(PB08)_R7,0,0,0.0,0.0
PEN_b(PB06b)_L7,EPG(PB08)_L7,2,3,1.5,0.7071067811865476
PEN_b(PB06b)_L7,EPG(PB08)_L8,0,0,0.0,0.0
PEN_b(PB06b)_L7,EPG(PB08)_R8,0,0,0.0,0.0
PEN_b(PB06b)_L7,EPG(PB08)_R1,0,0,0.0,0.0
PEN_b(PB06b)_L7,Delta7(PB15)_L6R3_L,0,0,0.0,0.0
PEN_b(PB06b)_L7,Delta7(PB15)_L5R4_L,0,0,0.0,0.0
PEN_b(PB06b)_L7,Delta7(PB15)_L4R5_R,0,0,0.0,0.0
PEN_b(PB06b)_L7,Delta7(PB15)_L1L9R8_R,0,0,0.0,0.0
PEN_b(PB06b)_L7,Delta7(PB15)_L8R1R9_L,0,0,0.0,0.0
PEN_b(PB06b)_L7,Delta7(PB15)_L3R6_R,0,0,0.0,0.0
PEN_b(PB06b)_L7,Delta7(PB15)_L7R2_L,1,1,1.0,0.0
PEN_b(PB06b)_L7,Delta7(PB15)_L2R7_R,0,0,0.0,0.0
PEN_b(PB06b)_L7,PEG(PB07)_R1,0,0,0.0,0.0
PEN_b(PB06b)_L7,PEG(PB07)_L5,1,1,1.0,0.0
PEN_b(PB06b)_L7,PEG(PB07)_L6,1,7,7.0,0.0
PEN_b(PB06b)_L7,PEG(PB07)_R6,0,0,0.0,0.0
PEN_b(PB06b)_L7,PEG(PB07)_R4,1,5,5.0,0.0
PEN_b(PB06b)_L7,PEG(PB07)_L4,0,0,0.0,0.0
PEN_b(PB06b)_L7,PEG(PB07)_R2,0,0,0.0,0.0
PEN_b(PB06b)_L7,PEG(PB07)_R3,0,0,0.0,0.0
PEN_b(PB06b)_L7,PEG(PB07)_L3,0,0,0.0,0.0
PEN_b(PB06b)_L7,PEG(PB07)_R7,0,0,0.0,0.0
PEN_b(PB06b)_L7,PEG(PB07)_L7,0,0,0.0,0.0
PEN_b(PB06b)_L7,PEG(PB07)_L8,0,0,0.0,0.0
PEN_b(PB06b)_L7,PEG(PB07)_R9,0,0,0.0,0.0
PEN_b(PB06b)_L7,PEG(PB07)_L1,0,0,0.0,0.0
PEN_b(PB06b)_L7,PEG(PB07)_L2,0,0,0.0,0.0
PEN_b(PB06b)_L7,PEG(PB07)_L9,0,0,0.0,0.0
PEN_b(PB06b)_L7,PEG(PB07)_R5,0,0,0.0,0.0
PEN_b(PB06b)_L7,PEG(PB07)_R8,0,0,0.0,0.0
PEN_b(PB06b)_L7,PEN_a(PB06a)_L7,2,21,10.5,9.192388155425117
PEN_b(PB06b)_L7,PEN_a(PB06a)_R4,0,0,0.0,0.0
PEN_b(PB06b)_L7,PEN_a(PB06a)_R3,0,0,0.0,0.0
PEN_b(PB06b)_L7,PEN_a(PB06a)_L2,1,13,13.0,0.0
PEN_b(PB06b)_L7,PEN_a(PB06a)_R6,1,5,5.0,0.0
PEN_b(PB06b)_L7,PEN_a(PB06a)_L6,3,13,4.333333333333333,5.773502691896257
PEN_b(PB06b)_L7,PEN_a(PB06a)_L4,2,13,6.5,2.1213203435596424
PEN_b(PB06b)_L7,PEN_a(PB06a)_R5,1,5,5.0,0.0
PEN_b(PB06b)_L7,PEN_a(PB06a)_R2,0,0,0.0,0.0
PEN_b(PB06b)_L7,PEN_a(PB06a)_R7,0,0,0.0,0.0
PEN_b(PB06b)_L7,PEN_a(PB06a)_R8,0,0,0.0,0.0
PEN_b(PB06b)_L7,PEN_a(PB06a)_L8,1,9,9.0,0.0
PEN_b(PB06b)_L7,PEN_a(PB06a)_R9,0,0,0.0,0.0
PEN_b(PB06b)_L7,PEN_a(PB06a)_L9,1,16,16.0,0.0
PEN_b(PB06b)_L7,PEN_a(PB06a)_L3,1,8,8.0,0.0
PEN_b(PB06b)_L7,PEN_a(PB06a)_L5,1,10,10.0,0.0
PEN_b(PB06b)_L7,PEN_b(PB06b)_L4,2,24,12.0,1.4142135623730951
PEN_b(PB06b)_L7,PEN_b(PB06b)_R4,1,2,2.0,0.0
PEN_b(PB06b)_L7,PEN_b(PB06b)_L6,3,16,5.333333333333333,3.511884584284246
PEN_b(PB06b)_L7,PEN_b(PB06b)_R7,0,0,0.0,0.0
PEN_b(PB06b)_L7,PEN_b(PB06b)_R2,0,0,0.0,0.0
PEN_b(PB06b)_L7,PEN_b(PB06b)_R5,1,15,15.0,0.0
PEN_b(PB06b)_L7,PEN_b(PB06b)_R6,0,0,0.0,0.0
PEN_b(PB06b)_L7,PEN_b(PB06b)_R3,0,0,0.0,0.0
PEN_b(PB06b)_L7,PEN_b(PB06b)_R8,0,0,0.0,0.0
PEN_b(PB06b)_L7,PEN_b(PB06b)_R9,0,0,0.0,0.0
PEN_b(PB06b)_L7,PEN_b(PB06b)_L9,2,53,26.5,2.1213203435596424
PEN_b(PB06b)_L7,PEN_b(PB06b)_L8,1,28,28.0,0.0
PEN_b(PB06b)_L7,PEN_b(PB06b)_L5,1,23,23.0,0.0
PEN_b(PB06b)_L7,PEN_b(PB06b)_L2,1,13,13.0,0.0
PEN_b(PB06b)_L7,PEN_b(PB06b)_L3,1,33,33.0,0.0
PEN_b(PB06b)_L8,EPG(PB08)_L3,0,0,0.0,0.0
PEN_b(PB06b)_L8,EPG(PB08)_R4,2,9,4.5,3.5355339059327378
PEN_b(PB06b)_L8,EPG(PB08)_R3,3,171,57.0,8.54400374531753
PEN_b(PB06b)_L8,EPG(PB08)_L6,3,47,15.666666666666666,14.189197769195175
PEN_b(PB06b)_L8,EPG(PB08)_L1,0,0,0.0,0.0
PEN_b(PB06b)_L8,EPG(PB08)_R2,2,35,17.5,12.020815280171307
PEN_b(PB06b)_L8,EPG(PB08)_L4,0,0,0.0,0.0
PEN_b(PB06b)_L8,EPG(PB08)_R5,0,0,0.0,0.0
PEN_b(PB06b)_L8,EPG(PB08)_L5,0,0,0.0,0.0
PEN_b(PB06b)_L8,EPG(PB08)_L2,0,0,0.0,0.0
PEN_b(PB06b)_L8,EPG(PB08)_R6,0,0,0.0,0.0
PEN_b(PB06b)_L8,EPG(PB08)_R7,0,0,0.0,0.0
PEN_b(PB06b)_L8,EPG(PB08)_L7,3,159,53.0,7.0
PEN_b(PB06b)_L8,EPG(PB08)_L8,3,9,3.0,1.7320508075688772
PEN_b(PB06b)_L8,EPG(PB08)_R8,0,0,0.0,0.0
PEN_b(PB06b)_L8,EPG(PB08)_R1,0,0,0.0,0.0
PEN_b(PB06b)_L8,Delta7(PB15)_L6R3_L,0,0,0.0,0.0
PEN_b(PB06b)_L8,Delta7(PB15)_L5R4_L,0,0,0.0,0.0
PEN_b(PB06b)_L8,Delta7(PB15)_L4R5_R,0,0,0.0,0.0
PEN_b(PB06b)_L8,Delta7(PB15)_L1L9R8_R,0,0,0.0,0.0
PEN_b(PB06b)_L8,Delta7(PB15)_L8R1R9_L,1,1,1.0,0.0
PEN_b(PB06b)_L8,Delta7(PB15)_L3R6_R,0,0,0.0,0.0
PEN_b(PB06b)_L8,Delta7(PB15)_L7R2_L,0,0,0.0,0.0
PEN_b(PB06b)_L8,Delta7(PB15)_L2R7_R,0,0,0.0,0.0
PEN_b(PB06b)_L8,PEG(PB07)_R1,0,0,0.0,0.0
PEN_b(PB06b)_L8,PEG(PB07)_L5,0,0,0.0,0.0
PEN_b(PB06b)_L8,PEG(PB07)_L6,1,1,1.0,0.0
PEN_b(PB06b)_L8,PEG(PB07)_R6,0,0,0.0,0.0
PEN_b(PB06b)_L8,PEG(PB07)_R4,1,1,1.0,0.0
PEN_b(PB06b)_L8,PEG(PB07)_L4,0,0,0.0,0.0
PEN_b(PB06b)_L8,PEG(PB07)_R2,0,0,0.0,0.0
PEN_b(PB06b)_L8,PEG(PB07)_R3,1,6,6.0,0.0
PEN_b(PB06b)_L8,PEG(PB07)_L3,0,0,0.0,0.0
PEN_b(PB06b)_L8,PEG(PB07)_R7,0,0,0.0,0.0
PEN_b(PB06b)_L8,PEG(PB07)_L7,1,1,1.0,0.0
PEN_b(PB06b)_L8,PEG(PB07)_L8,0,0,0.0,0.0
PEN_b(PB06b)_L8,PEG(PB07)_R9,0,0,0.0,0.0
PEN_b(PB06b)_L8,PEG(PB07)_L1,0,0,0.0,0.0
PEN_b(PB06b)_L8,PEG(PB07)_L2,0,0,0.0,0.0
PEN_b(PB06b)_L8,PEG(PB07)_L9,0,0,0.0,0.0
PEN_b(PB06b)_L8,PEG(PB07)_R5,0,0,0.0,0.0
PEN_b(PB06b)_L8,PEG(PB07)_R8,0,0,0.0,0.0
PEN_b(PB06b)_L8,PEN_a(PB06a)_L7,1,15,15.0,0.0
PEN_b(PB06b)_L8,PEN_a(PB06a)_R4,2,5,2.5,0.7071067811865476
PEN_b(PB06b)_L8,PEN_a(PB06a)_R3,0,0,0.0,0.0
PEN_b(PB06b)_L8,PEN_a(PB06a)_L2,1,12,12.0,0.0
PEN_b(PB06b)_L8,PEN_a(PB06a)_R6,0,0,0.0,0.0
PEN_b(PB06b)_L8,PEN_a(PB06a)_L6,2,22,11.0,4.242640687119285
PEN_b(PB06b)_L8,PEN_a(PB06a)_L4,2,25,12.5,4.949747468305833
PEN_b(PB06b)_L8,PEN_a(PB06a)_R5,1,1,1.0,0.0
PEN_b(PB06b)_L8,PEN_a(PB06a)_R2,0,0,0.0,0.0
PEN_b(PB06b)_L8,PEN_a(PB06a)_R7,0,0,0.0,0.0
PEN_b(PB06b)_L8,PEN_a(PB06a)_R8,0,0,0.0,0.0
PEN_b(PB06b)_L8,PEN_a(PB06a)_L8,2,21,10.5,10.606601717798213
PEN_b(PB06b)_L8,PEN_a(PB06a)_R9,0,0,0.0,0.0
PEN_b(PB06b)_L8,PEN_a(PB06a)_L9,1,17,17.0,0.0
PEN_b(PB06b)_L8,PEN_a(PB06a)_L3,1,12,12.0,0.0
PEN_b(PB06b)_L8,PEN_a(PB06a)_L5,1,9,9.0,0.0
PEN_b(PB06b)_L8,PEN_b(PB06b)_L4,2,46,23.0,7.0710678118654755
PEN_b(PB06b)_L8,PEN_b(PB06b)_R4,2,21,10.5,2.1213203435596424
PEN_b(PB06b)_L8,PEN_b(PB06b)_L6,2,54,27.0,8.48528137423857
PEN_b(PB06b)_L8,PEN_b(PB06b)_R7,0,0,0.0,0.0
PEN_b(PB06b)_L8,PEN_b(PB06b)_R2,0,0,0.0,0.0
PEN_b(PB06b)_L8,PEN_b(PB06b)_R5,0,0,0.0,0.0
PEN_b(PB06b)_L8,PEN_b(PB06b)_R6,0,0,0.0,0.0
PEN_b(PB06b)_L8,PEN_b(PB06b)_R3,1,4,4.0,0.0
PEN_b(PB06b)_L8,PEN_b(PB06b)_R8,0,0,0.0,0.0
PEN_b(PB06b)_L8,PEN_b(PB06b)_R9,0,0,0.0,0.0
PEN_b(PB06b)_L8,PEN_b(PB06b)_L9,3,56,18.666666666666668,15.307950004273378
PEN_b(PB06b)_L8,PEN_b(PB06b)_L7,1,26,26.0,0.0
PEN_b(PB06b)_L8,PEN_b(PB06b)_L5,1,23,23.0,0.0
PEN_b(PB06b)_L8,PEN_b(PB06b)_L2,1,36,36.0,0.0
PEN_b(PB06b)_L8,PEN_b(PB06b)_L3,1,28,28.0,0.0
PEN_b(PB06b)_L5,EPG(PB08)_L3,3,61,20.333333333333332,12.42309676905615
PEN_b(PB06b)_L5,EPG(PB08)_R4,1,1,1.0,0.0
PEN_b(PB06b)_L5,EPG(PB08)_R3,0,0,0.0,0.0
PEN_b(PB06b)_L5,EPG(PB08)_L6,0,0,0.0,0.0
PEN_b(PB06b)_L5,EPG(PB08)_L1,0,0,0.0,0.0
PEN_b(PB06b)_L5,EPG(PB08)_R2,0,0,0.0,0.0
PEN_b(PB06b)_L5,EPG(PB08)_L4,3,136,45.333333333333336,7.505553499465135
PEN_b(PB06b)_L5,EPG(PB08)_R5,3,36,12.0,7.211102550927978
PEN_b(PB06b)_L5,EPG(PB08)_L5,2,6,3.0,2.8284271247461903
PEN_b(PB06b)_L5,EPG(PB08)_L2,0,0,0.0,0.0
PEN_b(PB06b)_L5,EPG(PB08)_R6,3,181,60.333333333333336,14.571661996262929
PEN_b(PB06b)_L5,EPG(PB08)_R7,1,1,1.0,0.0
PEN_b(PB06b)_L5,EPG(PB08)_L7,0,0,0.0,0.0
PEN_b(PB06b)_L5,EPG(PB08)_L8,0,0,0.0,0.0
PEN_b(PB06b)_L5,EPG(PB08)_R8,0,0,0.0,0.0
PEN_b(PB06b)_L5,EPG(PB08)_R1,0,0,0.0,0.0
PEN_b(PB06b)_L5,Delta7(PB15)_L6R3_L,0,0,0.0,0.0
PEN_b(PB06b)_L5,Delta7(PB15)_L5R4_L,0,0,0.0,0.0
PEN_b(PB06b)_L5,Delta7(PB15)_L4R5_R,0,0,0.0,0.0
PEN_b(PB06b)_L5,Delta7(PB15)_L1L9R8_R,0,0,0.0,0.0
PEN_b(PB06b)_L5,Delta7(PB15)_L8R1R9_L,0,0,0.0,0.0
PEN_b(PB06b)_L5,Delta7(PB15)_L3R6_R,0,0,0.0,0.0
PEN_b(PB06b)_L5,Delta7(PB15)_L7R2_L,0,0,0.0,0.0
PEN_b(PB06b)_L5,Delta7(PB15)_L2R7_R,0,0,0.0,0.0
PEN_b(PB06b)_L5,PEG(PB07)_R1,0,0,0.0,0.0
PEN_b(PB06b)_L5,PEG(PB07)_L5,0,0,0.0,0.0
PEN_b(PB06b)_L5,PEG(PB07)_L6,0,0,0.0,0.0
PEN_b(PB06b)_L5,PEG(PB07)_R6,1,5,5.0,0.0
PEN_b(PB06b)_L5,PEG(PB07)_R4,0,0,0.0,0.0
PEN_b(PB06b)_L5,PEG(PB07)_L4,1,5,5.0,0.0
PEN_b(PB06b)_L5,PEG(PB07)_R2,0,0,0.0,0.0
PEN_b(PB06b)_L5,PEG(PB07)_R3,0,0,0.0,0.0
PEN_b(PB06b)_L5,PEG(PB07)_L3,0,0,0.0,0.0
PEN_b(PB06b)_L5,PEG(PB07)_R7,0,0,0.0,0.0
PEN_b(PB06b)_L5,PEG(PB07)_L7,0,0,0.0,0.0
PEN_b(PB06b)_L5,PEG(PB07)_L8,0,0,0.0,0.0
PEN_b(PB06b)_L5,PEG(PB07)_R9,0,0,0.0,0.0
PEN_b(PB06b)_L5,PEG(PB07)_L1,0,0,0.0,0.0
PEN_b(PB06b)_L5,PEG(PB07)_L2,0,0,0.0,0.0
PEN_b(PB06b)_L5,PEG(PB07)_L9,0,0,0.0,0.0
PEN_b(PB06b)_L5,PEG(PB07)_R5,0,0,0.0,0.0
PEN_b(PB06b)_L5,PEG(PB07)_R8,0,0,0.0,0.0
PEN_b(PB06b)_L5,PEN_a(PB06a)_L7,1,5,5.0,0.0
PEN_b(PB06b)_L5,PEN_a(PB06a)_R4,0,0,0.0,0.0
PEN_b(PB06b)_L5,PEN_a(PB06a)_R3,0,0,0.0,0.0
PEN_b(PB06b)_L5,PEN_a(PB06a)_L2,1,11,11.0,0.0
PEN_b(PB06b)_L5,PEN_a(PB06a)_R6,0,0,0.0,0.0
PEN_b(PB06b)_L5,PEN_a(PB06a)_L6,2,9,4.5,2.1213203435596424
PEN_b(PB06b)_L5,PEN_a(PB06a)_L4,2,11,5.5,0.7071067811865476
PEN_b(PB06b)_L5,PEN_a(PB06a)_R5,0,0,0.0,0.0
PEN_b(PB06b)_L5,PEN_a(PB06a)_R2,0,0,0.0,0.0
PEN_b(PB06b)_L5,PEN_a(PB06a)_R7,1,3,3.0,0.0
PEN_b(PB06b)_L5,PEN_a(PB06a)_R8,1,1,1.0,0.0
PEN_b(PB06b)_L5,PEN_a(PB06a)_L8,1,7,7.0,0.0
PEN_b(PB06b)_L5,PEN_a(PB06a)_R9,0,0,0.0,0.0
PEN_b(PB06b)_L5,PEN_a(PB06a)_L9,1,13,13.0,0.0
PEN_b(PB06b)_L5,PEN_a(PB06a)_L3,1,19,19.0,0.0
PEN_b(PB06b)_L5,PEN_a(PB06a)_L5,2,13,6.5,7.7781745930520225
PEN_b(PB06b)_L5,PEN_b(PB06b)_L4,2,24,12.0,1.4142135623730951
PEN_b(PB06b)_L5,PEN_b(PB06b)_R4,0,0,0.0,0.0
PEN_b(PB06b)_L5,PEN_b(PB06b)_L6,2,21,10.5,0.7071067811865476
PEN_b(PB06b)_L5,PEN_b(PB06b)_R7,1,20,20.0,0.0
PEN_b(PB06b)_L5,PEN_b(PB06b)_R2,0,0,0.0,0.0
PEN_b(PB06b)_L5,PEN_b(PB06b)_R5,0,0,0.0,0.0
PEN_b(PB06b)_L5,PEN_b(PB06b)_R6,0,0,0.0,0.0
PEN_b(PB06b)_L5,PEN_b(PB06b)_R3,0,0,0.0,0.0
PEN_b(PB06b)_L5,PEN_b(PB06b)_R8,1,1,1.0,0.0
PEN_b(PB06b)_L5,PEN_b(PB06b)_R9,0,0,0.0,0.0
PEN_b(PB06b)_L5,PEN_b(PB06b)_L9,2,55,27.5,0.7071067811865476
PEN_b(PB06b)_L5,PEN_b(PB06b)_L7,1,45,45.0,0.0
PEN_b(PB06b)_L5,PEN_b(PB06b)_L8,1,20,20.0,0.0
PEN_b(PB06b)_L5,PEN_b(PB06b)_L2,1,13,13.0,0.0
PEN_b(PB06b)_L5,PEN_b(PB06b)_L3,1,31,31.0,0.0
PEN_b(PB06b)_L2,EPG(PB08)_L3,0,0,0.0,0.0
PEN_b(PB06b)_L2,EPG(PB08)_R4,0,0,0.0,0.0
PEN_b(PB06b)_L2,EPG(PB08)_R3,0,0,0.0,0.0
PEN_b(PB06b)_L2,EPG(PB08)_L6,0,0,0.0,0.0
PEN_b(PB06b)_L2,EPG(PB08)_L1,2,178,89.0,1.4142135623730951
PEN_b(PB06b)_L2,EPG(PB08)_R2,1,2,2.0,0.0
PEN_b(PB06b)_L2,EPG(PB08)_L4,0,0,0.0,0.0
PEN_b(PB06b)_L2,EPG(PB08)_R5,0,0,0.0,0.0
PEN_b(PB06b)_L2,EPG(PB08)_L5,0,0,0.0,0.0
PEN_b(PB06b)_L2,EPG(PB08)_L2,2,5,2.5,0.7071067811865476
PEN_b(PB06b)_L2,EPG(PB08)_R6,0,0,0.0,0.0
PEN_b(PB06b)_L2,EPG(PB08)_R7,3,6,2.0,0.0
PEN_b(PB06b)_L2,EPG(PB08)_L7,0,0,0.0,0.0
PEN_b(PB06b)_L2,EPG(PB08)_L8,3,28,9.333333333333334,5.686240703077327
PEN_b(PB06b)_L2,EPG(PB08)_R8,4,63,15.75,12.526638282742368
PEN_b(PB06b)_L2,EPG(PB08)_R1,2,171,85.5,7.7781745930520225
PEN_b(PB06b)_L2,Delta7(PB15)_L6R3_L,0,0,0.0,0.0
PEN_b(PB06b)_L2,Delta7(PB15)_L5R4_L,0,0,0.0,0.0
PEN_b(PB06b)_L2,Delta7(PB15)_L4R5_R,0,0,0.0,0.0
PEN_b(PB06b)_L2,Delta7(PB15)_L1L9R8_R,0,0,0.0,0.0
PEN_b(PB06b)_L2,Delta7(PB15)_L8R1R9_L,0,0,0.0,0.0
PEN_b(PB06b)_L2,Delta7(PB15)_L3R6_R,0,0,0.0,0.0
PEN_b(PB06b)_L2,Delta7(PB15)_L7R2_L,0,0,0.0,0.0
PEN_b(PB06b)_L2,Delta7(PB15)_L2R7_R,0,0,0.0,0.0
PEN_b(PB06b)_L2,PEG(PB07)_R1,1,1,1.0,0.0
PEN_b(PB06b)_L2,PEG(PB07)_L5,0,0,0.0,0.0
PEN_b(PB06b)_L2,PEG(PB07)_L6,0,0,0.0,0.0
PEN_b(PB06b)_L2,PEG(PB07)_R6,0,0,0.0,0.0
PEN_b(PB06b)_L2,PEG(PB07)_R4,0,0,0.0,0.0
PEN_b(PB06b)_L2,PEG(PB07)_L4,0,0,0.0,0.0
PEN_b(PB06b)_L2,PEG(PB07)_R2,0,0,0.0,0.0
PEN_b(PB06b)_L2,PEG(PB07)_R3,0,0,0.0,0.0
PEN_b(PB06b)_L2,PEG(PB07)_L3,0,0,0.0,0.0
PEN_b(PB06b)_L2,PEG(PB07)_R7,0,0,0.0,0.0
PEN_b(PB06b)_L2,PEG(PB07)_L7,0,0,0.0,0.0
PEN_b(PB06b)_L2,PEG(PB07)_L8,0,0,0.0,0.0
PEN_b(PB06b)_L2,PEG(PB07)_R9,1,1,1.0,0.0
PEN_b(PB06b)_L2,PEG(PB07)_L1,1,4,4.0,0.0
PEN_b(PB06b)_L2,PEG(PB07)_L2,0,0,0.0,0.0
PEN_b(PB06b)_L2,PEG(PB07)_L9,0,0,0.0,0.0
PEN_b(PB06b)_L2,PEG(PB07)_R5,0,0,0.0,0.0
PEN_b(PB06b)_L2,PEG(PB07)_R8,0,0,0.0,0.0
PEN_b(PB06b)_L2,PEN_a(PB06a)_L7,1,4,4.0,0.0
PEN_b(PB06b)_L2,PEN_a(PB06a)_R4,0,0,0.0,0.0
PEN_b(PB06b)_L2,PEN_a(PB06a)_R3,1,1,1.0,0.0
PEN_b(PB06b)_L2,PEN_a(PB06a)_L2,2,21,10.5,7.7781745930520225
PEN_b(PB06b)_L2,PEN_a(PB06a)_R6,0,0,0.0,0.0
PEN_b(PB06b)_L2,PEN_a(PB06a)_L6,2,27,13.5,0.7071067811865476
PEN_b(PB06b)_L2,PEN_a(PB06a)_L4,2,15,7.5,0.7071067811865476
PEN_b(PB06b)_L2,PEN_a(PB06a)_R5,0,0,0.0,0.0
PEN_b(PB06b)_L2,PEN_a(PB06a)_R2,1,3,3.0,0.0
PEN_b(PB06b)_L2,PEN_a(PB06a)_R7,0,0,0.0,0.0
PEN_b(PB06b)_L2,PEN_a(PB06a)_R8,0,0,0.0,0.0
PEN_b(PB06b)_L2,PEN_a(PB06a)_L8,1,12,12.0,0.0
PEN_b(PB06b)_L2,PEN_a(PB06a)_R9,0,0,0.0,0.0
PEN_b(PB06b)_L2,PEN_a(PB06a)_L9,1,18,18.0,0.0
PEN_b(PB06b)_L2,PEN_a(PB06a)_L3,2,13,6.5,7.7781745930520225
PEN_b(PB06b)_L2,PEN_a(PB06a)_L5,1,8,8.0,0.0
PEN_b(PB06b)_L2,PEN_b(PB06b)_L4,2,46,23.0,2.8284271247461903
PEN_b(PB06b)_L2,PEN_b(PB06b)_R4,0,0,0.0,0.0
PEN_b(PB06b)_L2,PEN_b(PB06b)_L6,2,50,25.0,5.656854249492381
PEN_b(PB06b)_L2,PEN_b(PB06b)_R7,0,0,0.0,0.0
PEN_b(PB06b)_L2,PEN_b(PB06b)_R2,1,9,9.0,0.0
PEN_b(PB06b)_L2,PEN_b(PB06b)_R5,0,0,0.0,0.0
PEN_b(PB06b)_L2,PEN_b(PB06b)_R6,0,0,0.0,0.0
PEN_b(PB06b)_L2,PEN_b(PB06b)_R3,0,0,0.0,0.0
PEN_b(PB06b)_L2,PEN_b(PB06b)_R8,0,0,0.0,0.0
PEN_b(PB06b)_L2,PEN_b(PB06b)_R9,1,3,3.0,0.0
PEN_b(PB06b)_L2,PEN_b(PB06b)_L9,3,38,12.666666666666666,11.50362261782493
PEN_b(PB06b)_L2,PEN_b(PB06b)_L7,1,15,15.0,0.0
PEN_b(PB06b)_L2,PEN_b(PB06b)_L8,1,44,44.0,0.0
PEN_b(PB06b)_L2,PEN_b(PB06b)_L5,1,15,15.0,0.0
PEN_b(PB06b)_L2,PEN_b(PB06b)_L3,2,25,12.5,14.849242404917497
PEN_b(PB06b)_L3,EPG(PB08)_L3,3,5,1.6666666666666667,1.1547005383792515
PEN_b(PB06b)_L3,EPG(PB08)_R4,0,0,0.0,0.0
PEN_b(PB06b)_L3,EPG(PB08)_R3,0,0,0.0,0.0
PEN_b(PB06b)_L3,EPG(PB08)_L6,0,0,0.0,0.0
PEN_b(PB06b)_L3,EPG(PB08)_L1,2,43,21.5,14.849242404917497
PEN_b(PB06b)_L3,EPG(PB08)_R2,0,0,0.0,0.0
PEN_b(PB06b)_L3,EPG(PB08)_L4,0,0,0.0,0.0
PEN_b(PB06b)_L3,EPG(PB08)_R5,0,0,0.0,0.0
PEN_b(PB06b)_L3,EPG(PB08)_L5,0,0,0.0,0.0
PEN_b(PB06b)_L3,EPG(PB08)_L2,2,135,67.5,9.192388155425117
PEN_b(PB06b)_L3,EPG(PB08)_R6,1,1,1.0,0.0
PEN_b(PB06b)_L3,EPG(PB08)_R7,3,105,35.0,17.05872210923198
PEN_b(PB06b)_L3,EPG(PB08)_L7,0,0,0.0,0.0
PEN_b(PB06b)_L3,EPG(PB08)_L8,0,0,0.0,0.0
PEN_b(PB06b)_L3,EPG(PB08)_R8,4,148,37.0,10.708252269472673
PEN_b(PB06b)_L3,EPG(PB08)_R1,0,0,0.0,0.0
PEN_b(PB06b)_L3,Delta7(PB15)_L6R3_L,0,0,0.0,0.0
PEN_b(PB06b)_L3,Delta7(PB15)_L5R4_L,0,0,0.0,0.0
PEN_b(PB06b)_L3,Delta7(PB15)_L4R5_R,0,0,0.0,0.0
PEN_b(PB06b)_L3,Delta7(PB15)_L1L9R8_R,0,0,0.0,0.0
PEN_b(PB06b)_L3,Delta7(PB15)_L8R1R9_L,0,0,0.0,0.0
PEN_b(PB06b)_L3,Delta7(PB15)_L3R6_R,0,0,0.0,0.0
PEN_b(PB06b)_L3,Delta7(PB15)_L7R2_L,0,0,0.0,0.0
PEN_b(PB06b)_L3,Delta7(PB15)_L2R7_R,0,0,0.0,0.0
PEN_b(PB06b)_L3,PEG(PB07)_R1,0,0,0.0,0.0
PEN_b(PB06b)_L3,PEG(PB07)_L5,0,0,0.0,0.0
PEN_b(PB06b)_L3,PEG(PB07)_L6,0,0,0.0,0.0
PEN_b(PB06b)_L3,PEG(PB07)_R6,0,0,0.0,0.0
PEN_b(PB06b)_L3,PEG(PB07)_R4,0,0,0.0,0.0
PEN_b(PB06b)_L3,PEG(PB07)_L4,0,0,0.0,0.0
PEN_b(PB06b)_L3,PEG(PB07)_R2,0,0,0.0,0.0
PEN_b(PB06b)_L3,PEG(PB07)_R3,0,0,0.0,0.0
PEN_b(PB06b)_L3,PEG(PB07)_L3,0,0,0.0,0.0
PEN_b(PB06b)_L3,PEG(PB07)_R7,0,0,0.0,0.0
PEN_b(PB06b)_L3,PEG(PB07)_L7,0,0,0.0,0.0
PEN_b(PB06b)_L3,PEG(PB07)_L8,0,0,0.0,0.0
PEN_b(PB06b)_L3,PEG(PB07)_R9,0,0,0.0,0.0
PEN_b(PB06b)_L3,PEG(PB07)_L1,0,0,0.0,0.0
PEN_b(PB06b)_L3,PEG(PB07)_L2,1,1,1.0,0.0
PEN_b(PB06b)_L3,PEG(PB07)_L9,0,0,0.0,0.0
PEN_b(PB06b)_L3,PEG(PB07)_R5,0,0,0.0,0.0
PEN_b(PB06b)_L3,PEG(PB07)_R8,1,2,2.0,0.0
PEN_b(PB06b)_L3,PEN_a(PB06a)_L7,1,6,6.0,0.0
PEN_b(PB06b)_L3,PEN_a(PB06a)_R4,0,0,0.0,0.0
PEN_b(PB06b)_L3,PEN_a(PB06a)_R3,0,0,0.0,0.0
PEN_b(PB06b)_L3,PEN_a(PB06a)_L2,1,14,14.0,0.0
PEN_b(PB06b)_L3,PEN_a(PB06a)_R6,0,0,0.0,0.0
PEN_b(PB06b)_L3,PEN_a(PB06a)_L6,2,10,5.0,2.8284271247461903
PEN_b(PB06b)_L3,PEN_a(PB06a)_L4,3,10,3.3333333333333335,2.309401076758503
PEN_b(PB06b)_L3,PEN_a(PB06a)_R5,0,0,0.0,0.0
PEN_b(PB06b)_L3,PEN_a(PB06a)_R2,0,0,0.0,0.0
PEN_b(PB06b)_L3,PEN_a(PB06a)_R7,0,0,0.0,0.0
PEN_b(PB06b)_L3,PEN_a(PB06a)_R8,0,0,0.0,0.0
PEN_b(PB06b)_L3,PEN_a(PB06a)_L8,1,12,12.0,0.0
PEN_b(PB06b)_L3,PEN_a(PB06a)_R9,1,2,2.0,0.0
PEN_b(PB06b)_L3,PEN_a(PB06a)_L9,1,11,11.0,0.0
PEN_b(PB06b)_L3,PEN_a(PB06a)_L3,2,16,8.0,7.0710678118654755
PEN_b(PB06b)_L3,PEN_a(PB06a)_L5,1,13,13.0,0.0
PEN_b(PB06b)_L3,PEN_b(PB06b)_L4,3,15,5.0,3.605551275463989
PEN_b(PB06b)_L3,PEN_b(PB06b)_R4,0,0,0.0,0.0
PEN_b(PB06b)_L3,PEN_b(PB06b)_L6,2,26,13.0,4.242640687119285
PEN_b(PB06b)_L3,PEN_b(PB06b)_R7,0,0,0.0,0.0
PEN_b(PB06b)_L3,PEN_b(PB06b)_R2,0,0,0.0,0.0
PEN_b(PB06b)_L3,PEN_b(PB06b)_R5,0,0,0.0,0.0
PEN_b(PB06b)_L3,PEN_b(PB06b)_R6,0,0,0.0,0.0
PEN_b(PB06b)_L3,PEN_b(PB06b)_R3,0,0,0.0,0.0
PEN_b(PB06b)_L3,PEN_b(PB06b)_R8,1,2,2.0,0.0
PEN_b(PB06b)_L3,PEN_b(PB06b)_R9,2,16,8.0,4.242640687119285
PEN_b(PB06b)_L3,PEN_b(PB06b)_L9,2,54,27.0,0.0
PEN_b(PB06b)_L3,PEN_b(PB06b)_L7,1,29,29.0,0.0
PEN_b(PB06b)_L3,PEN_b(PB06b)_L8,1,24,24.0,0.0
PEN_b(PB06b)_L3,PEN_b(PB06b)_L5,1,29,29.0,0.0
PEN_b(PB06b)_L3,PEN_b(PB06b)_L2,1,14,14.0,0.0
